/*
 Navicat Premium Data Transfer

 Source Server         : 192.168.5.107
 Source Server Type    : MySQL
 Source Server Version : 80027
 Source Host           : 192.168.5.107:3306
 Source Schema         : supply

 Target Server Type    : MySQL
 Target Server Version : 80027
 File Encoding         : 65001

 Date: 10/11/2022 17:22:10
*/

SET NAMES utf8mb4;
SET FOREIGN_KEY_CHECKS = 0;

-- ----------------------------
-- Table structure for file_attachment
-- ----------------------------
DROP TABLE IF EXISTS `file_attachment`;
CREATE TABLE `file_attachment`  (
  `id` bigint NOT NULL AUTO_INCREMENT COMMENT '主键ID',
  `name` varchar(255) CHARACTER SET utf8mb4 COLLATE utf8mb4_unicode_ci NULL DEFAULT NULL COMMENT '附件名称',
  `path_group` varchar(255) CHARACTER SET utf8mb4 COLLATE utf8mb4_unicode_ci NULL DEFAULT NULL COMMENT '附件所在组',
  `path` varchar(255) CHARACTER SET utf8mb4 COLLATE utf8mb4_unicode_ci NULL DEFAULT NULL COMMENT '附件地址',
  `extension_name` varchar(10) CHARACTER SET utf8mb4 COLLATE utf8mb4_unicode_ci NULL DEFAULT NULL COMMENT '附件拓展名',
  `size` bigint NULL DEFAULT NULL COMMENT '附件大小',
  `business_id` bigint NULL DEFAULT NULL COMMENT '业务ID',
  `business_status` int NULL DEFAULT NULL COMMENT '业务状态',
  `create_user_id` bigint NULL DEFAULT NULL COMMENT '创建人',
  `create_time` datetime NULL DEFAULT NULL COMMENT '创建时间',
  `update_user_id` bigint NULL DEFAULT NULL COMMENT '修改人',
  `update_time` datetime NULL DEFAULT NULL COMMENT '修改时间',
  `status` int NULL DEFAULT NULL COMMENT '状态',
  PRIMARY KEY (`id`) USING BTREE
) ENGINE = InnoDB AUTO_INCREMENT = 25 CHARACTER SET = utf8mb4 COLLATE = utf8mb4_unicode_ci COMMENT = '附件表' ROW_FORMAT = DYNAMIC;

-- ----------------------------
-- Records of file_attachment
-- ----------------------------
INSERT INTO `file_attachment` VALUES (1, '1a3063208540x4016808991b26.jpg', 'group1', 'M00/00/5C/wKgFcGNswmKAXIPZAAAjQ7vGuaM362.jpg', 'jpg', 9027, 1590635711337758720, 5, NULL, '2022-11-10 17:20:57', NULL, '2022-11-10 17:21:21', 0);

-- ----------------------------
-- Table structure for msg_content_info
-- ----------------------------
DROP TABLE IF EXISTS `msg_content_info`;
CREATE TABLE `msg_content_info`  (
  `id` bigint NOT NULL AUTO_INCREMENT COMMENT '主键ID',
  `template_id` bigint NULL DEFAULT NULL COMMENT '模板ID',
  `msg_type` int NULL DEFAULT NULL COMMENT '消息通告对象',
  `notify_type` int NULL DEFAULT NULL COMMENT '消息通知类型',
  `title` varchar(128) CHARACTER SET utf8mb4 COLLATE utf8mb4_general_ci NULL DEFAULT NULL COMMENT '消息标题',
  `content` text CHARACTER SET utf8mb4 COLLATE utf8mb4_general_ci NULL COMMENT '消息内容',
  `detail_url` varchar(255) CHARACTER SET utf8mb4 COLLATE utf8mb4_general_ci NULL DEFAULT NULL COMMENT '详情URL',
  `receiver_user_id` bigint NULL DEFAULT NULL COMMENT '消息接收人',
  `business_status` int NULL DEFAULT NULL COMMENT '业务状态',
  `create_user_id` bigint NULL DEFAULT NULL COMMENT '创建人',
  `create_time` datetime NULL DEFAULT NULL COMMENT '创建时间',
  `update_user_id` bigint NULL DEFAULT NULL COMMENT '修改人',
  `update_time` datetime NULL DEFAULT NULL COMMENT '修改时间',
  `status` int NULL DEFAULT NULL COMMENT '状态',
  PRIMARY KEY (`id`) USING BTREE
) ENGINE = InnoDB AUTO_INCREMENT = 26 CHARACTER SET = utf8mb4 COLLATE = utf8mb4_general_ci COMMENT = '消息内容' ROW_FORMAT = DYNAMIC;

-- ----------------------------
-- Records of msg_content_info
-- ----------------------------

-- ----------------------------
-- Table structure for msg_template_info
-- ----------------------------
DROP TABLE IF EXISTS `msg_template_info`;
CREATE TABLE `msg_template_info`  (
  `id` bigint NOT NULL AUTO_INCREMENT COMMENT '主键ID',
  `code` varchar(32) CHARACTER SET utf8mb4 COLLATE utf8mb4_general_ci NULL DEFAULT NULL COMMENT '模板编码',
  `title` varchar(128) CHARACTER SET utf8mb4 COLLATE utf8mb4_general_ci NULL DEFAULT NULL COMMENT '模板标题',
  `detail_url` varchar(255) CHARACTER SET utf8mb4 COLLATE utf8mb4_general_ci NULL DEFAULT NULL COMMENT '详情URL',
  `msg_type` int NULL DEFAULT NULL COMMENT '模板类型',
  `publish_msg_notify_type` int NULL DEFAULT NULL COMMENT '公告消息通知类型',
  `create_user_id` bigint NULL DEFAULT NULL COMMENT '创建人',
  `create_time` datetime NULL DEFAULT NULL COMMENT '创建时间',
  `update_user_id` bigint NULL DEFAULT NULL COMMENT '修改人',
  `update_time` datetime NULL DEFAULT NULL COMMENT '修改时间',
  `status` int NULL DEFAULT NULL COMMENT '状态',
  PRIMARY KEY (`id`) USING BTREE
) ENGINE = InnoDB AUTO_INCREMENT = 11 CHARACTER SET = utf8mb4 COLLATE = utf8mb4_general_ci COMMENT = '消息模板' ROW_FORMAT = DYNAMIC;

-- ----------------------------
-- Records of msg_template_info
-- ----------------------------

-- ----------------------------
-- Table structure for msg_template_notify
-- ----------------------------
DROP TABLE IF EXISTS `msg_template_notify`;
CREATE TABLE `msg_template_notify`  (
  `id` bigint NOT NULL AUTO_INCREMENT COMMENT '主键ID',
  `template_id` int NULL DEFAULT NULL COMMENT '模板ID',
  `notify_type` int NULL DEFAULT NULL COMMENT '通知方式',
  `notify_template` text CHARACTER SET utf8mb4 COLLATE utf8mb4_unicode_ci NULL COMMENT '通知内容模板',
  `create_user_id` bigint NULL DEFAULT NULL COMMENT '创建人',
  `create_time` datetime NULL DEFAULT NULL COMMENT '创建时间',
  `update_user_id` bigint NULL DEFAULT NULL COMMENT '修改人',
  `update_time` datetime NULL DEFAULT NULL COMMENT '修改时间',
  `status` int NULL DEFAULT NULL COMMENT '状态',
  PRIMARY KEY (`id`) USING BTREE
) ENGINE = InnoDB AUTO_INCREMENT = 20 CHARACTER SET = utf8mb4 COLLATE = utf8mb4_unicode_ci COMMENT = '消息通知方式' ROW_FORMAT = Dynamic;

-- ----------------------------
-- Records of msg_template_notify
-- ----------------------------

-- ----------------------------
-- Table structure for msg_template_tenant
-- ----------------------------
DROP TABLE IF EXISTS `msg_template_tenant`;
CREATE TABLE `msg_template_tenant`  (
  `id` bigint NOT NULL AUTO_INCREMENT COMMENT '主键ID',
  `template_id` bigint NULL DEFAULT NULL COMMENT '模板ID',
  `tenant_id` bigint NULL DEFAULT NULL COMMENT '租户ID',
  `create_user_id` bigint NULL DEFAULT NULL COMMENT '创建人',
  `create_time` datetime NULL DEFAULT NULL COMMENT '创建时间',
  `update_user_id` bigint NULL DEFAULT NULL COMMENT '修改人',
  `update_time` datetime NULL DEFAULT NULL COMMENT '修改时间',
  `status` int NULL DEFAULT NULL COMMENT '状态',
  PRIMARY KEY (`id`) USING BTREE
) ENGINE = InnoDB AUTO_INCREMENT = 5 CHARACTER SET = utf8mb4 COLLATE = utf8mb4_unicode_ci COMMENT = '消息类型为公共消息且通知方式为指定租户时关联关系' ROW_FORMAT = Dynamic;

-- ----------------------------
-- Records of msg_template_tenant
-- ----------------------------

-- ----------------------------
-- Table structure for oauth_access_token
-- ----------------------------
DROP TABLE IF EXISTS `oauth_access_token`;
CREATE TABLE `oauth_access_token`  (
  `token_id` varchar(255) CHARACTER SET utf8 COLLATE utf8_general_ci NULL DEFAULT NULL,
  `token` longblob NULL,
  `authentication_id` varchar(255) CHARACTER SET utf8 COLLATE utf8_general_ci NULL DEFAULT NULL,
  `user_name` varchar(255) CHARACTER SET utf8 COLLATE utf8_general_ci NULL DEFAULT NULL,
  `client_id` varchar(255) CHARACTER SET utf8 COLLATE utf8_general_ci NULL DEFAULT NULL,
  `authentication` longblob NULL,
  `refresh_token` varchar(255) CHARACTER SET utf8 COLLATE utf8_general_ci NULL DEFAULT NULL
) ENGINE = InnoDB CHARACTER SET = utf8 COLLATE = utf8_general_ci ROW_FORMAT = DYNAMIC;

-- ----------------------------
-- Records of oauth_access_token
-- ----------------------------
INSERT INTO `oauth_access_token` VALUES ('ab5113588108a02bac935ff2acd57765', 0xACED0005737200436F72672E737072696E676672616D65776F726B2E73656375726974792E6F61757468322E636F6D6D6F6E2E44656661756C744F4175746832416363657373546F6B656E0CB29E361B24FACE0200064C00156164646974696F6E616C496E666F726D6174696F6E74000F4C6A6176612F7574696C2F4D61703B4C000A65787069726174696F6E7400104C6A6176612F7574696C2F446174653B4C000C72656672657368546F6B656E74003F4C6F72672F737072696E676672616D65776F726B2F73656375726974792F6F61757468322F636F6D6D6F6E2F4F417574683252656672657368546F6B656E3B4C000573636F706574000F4C6A6176612F7574696C2F5365743B4C0009746F6B656E547970657400124C6A6176612F6C616E672F537472696E673B4C000576616C756571007E00057870737200176A6176612E7574696C2E4C696E6B6564486173684D617034C04E5C106CC0FB0200015A000B6163636573734F72646572787200116A6176612E7574696C2E486173684D61700507DAC1C31660D103000246000A6C6F6164466163746F724900097468726573686F6C6478703F40000000000001770800000002000000017400036A746974002466353166326537622D373437362D343761362D393366372D62353466623934633831333478007372000E6A6176612E7574696C2E44617465686A81014B597419030000787077080000018461442FBC787372004C6F72672E737072696E676672616D65776F726B2E73656375726974792E6F61757468322E636F6D6D6F6E2E44656661756C744578706972696E674F417574683252656672657368546F6B656E2FDF47639DD0C9B70200014C000A65787069726174696F6E71007E0002787200446F72672E737072696E676672616D65776F726B2E73656375726974792E6F61757468322E636F6D6D6F6E2E44656661756C744F417574683252656672657368546F6B656E73E10E0A6354D45E0200014C000576616C756571007E0005787074016365794A68624763694F694A49557A49314E694973496E523563434936496B705856434A392E65794A68645751694F6C736959577873496C3073496E567A5A584A66626D46745A534936496D466B62576C754969776963324E76634755694F6C736959577873496C3073496D463061534936496D59314D5759795A5464694C5463304E7A59744E4464684E6930354D3259334C5749314E475A694F54526A4F44457A4E434973496D5634634349364D5459324F4445314F444D324F537769616E5270496A6F695A5442684D4456684E7A41745A574A684E4330305A4464684C5749774F54517459574D784D324E6B5A4441345957557A49697769593278705A57353058326C6B496A6F694E444A684E546B325A6A6B794E7A46694E4455774D6D45774D4749795932526D4E44686B4E7A63354E574D6966512E6F664671663736356A4B542D332D32474E5649526C4B66722D726A4932533958535A6370527861373057777371007E000C77080000018465FCAEB878737200256A6176612E7574696C2E436F6C6C656374696F6E7324556E6D6F6469666961626C65536574801D92D18F9B80550200007872002C6A6176612E7574696C2E436F6C6C656374696F6E7324556E6D6F6469666961626C65436F6C6C656374696F6E19420080CB5EF71E0200014C0001637400164C6A6176612F7574696C2F436F6C6C656374696F6E3B7870737200176A6176612E7574696C2E4C696E6B656448617368536574D86CD75A95DD2A1E020000787200116A6176612E7574696C2E48617368536574BA44859596B8B7340300007870770C000000103F40000000000001740003616C6C7874000662656172657274012765794A68624763694F694A49557A49314E694973496E523563434936496B705856434A392E65794A68645751694F6C736959577873496C3073496D5634634349364D5459324F4441334F5445324F53776964584E6C636C39755957316C496A6F6959575274615734694C434A7164476B694F694A6D4E54466D4D6D5533596930334E4463324C545133595459744F544E6D4E7931694E54526D596A6B30597A67784D7A51694C434A6A62476C6C626E5266615751694F6949304D6D45314F545A6D4F5449334D5749304E54417959544177596A4A6A5A4759304F4751334E7A6B3159794973496E4E6A6233426C496A7062496D467362434A6466512E6A7A3839704A78784F3337357330795F4B4A456F786264456B35616A2D3252304278477858675779415877, '6c1ab070f845c3b02d83160cfcf0acbf', 'admin', '42a596f9271b4502a00b2cdf48d7795c', 0xACED0005737200416F72672E737072696E676672616D65776F726B2E73656375726974792E6F61757468322E70726F76696465722E4F417574683241757468656E7469636174696F6EBD400B02166252130200024C000D73746F7265645265717565737474003C4C6F72672F737072696E676672616D65776F726B2F73656375726974792F6F61757468322F70726F76696465722F4F4175746832526571756573743B4C00127573657241757468656E7469636174696F6E7400324C6F72672F737072696E676672616D65776F726B2F73656375726974792F636F72652F41757468656E7469636174696F6E3B787200476F72672E737072696E676672616D65776F726B2E73656375726974792E61757468656E7469636174696F6E2E416273747261637441757468656E7469636174696F6E546F6B656ED3AA287E6E47640E0200035A000D61757468656E746963617465644C000B617574686F7269746965737400164C6A6176612F7574696C2F436F6C6C656374696F6E3B4C000764657461696C737400124C6A6176612F6C616E672F4F626A6563743B787000737200266A6176612E7574696C2E436F6C6C656374696F6E7324556E6D6F6469666961626C654C697374FC0F2531B5EC8E100200014C00046C6973747400104C6A6176612F7574696C2F4C6973743B7872002C6A6176612E7574696C2E436F6C6C656374696F6E7324556E6D6F6469666961626C65436F6C6C656374696F6E19420080CB5EF71E0200014C00016371007E00047870737200136A6176612E7574696C2E41727261794C6973747881D21D99C7619D03000149000473697A657870000000007704000000007871007E000C707372003A6F72672E737072696E676672616D65776F726B2E73656375726974792E6F61757468322E70726F76696465722E4F41757468325265717565737400000000000000010200075A0008617070726F7665644C000B617574686F72697469657371007E00044C000A657874656E73696F6E7374000F4C6A6176612F7574696C2F4D61703B4C000B72656469726563745572697400124C6A6176612F6C616E672F537472696E673B4C00077265667265736874003B4C6F72672F737072696E676672616D65776F726B2F73656375726974792F6F61757468322F70726F76696465722F546F6B656E526571756573743B4C000B7265736F7572636549647374000F4C6A6176612F7574696C2F5365743B4C000D726573706F6E7365547970657371007E0011787200386F72672E737072696E676672616D65776F726B2E73656375726974792E6F61757468322E70726F76696465722E426173655265717565737436287A3EA37169BD0200034C0008636C69656E74496471007E000F4C001172657175657374506172616D657465727371007E000E4C000573636F706571007E001178707400203432613539366639323731623435303261303062326364663438643737393563737200256A6176612E7574696C2E436F6C6C656374696F6E7324556E6D6F6469666961626C654D6170F1A5A8FE74F507420200014C00016D71007E000E7870737200116A6176612E7574696C2E486173684D61700507DAC1C31660D103000246000A6C6F6164466163746F724900097468726573686F6C6478703F400000000000067708000000080000000374000A6772616E745F7479706574000870617373776F7264740009636C69656E745F69647400203432613539366639323731623435303261303062326364663438643737393563740008757365726E616D6574000761646D696E263178737200256A6176612E7574696C2E436F6C6C656374696F6E7324556E6D6F6469666961626C65536574801D92D18F9B80550200007871007E0009737200176A6176612E7574696C2E4C696E6B656448617368536574D86CD75A95DD2A1E020000787200116A6176612E7574696C2E48617368536574BA44859596B8B7340300007870770C000000103F40000000000001740003616C6C78017371007E0022770C000000103F40000000000000787371007E00173F40000000000000770800000010000000007870707371007E0022770C000000103F40000000000001740003616C6C787371007E0022770C000000103F40000000000000787372004F6F72672E737072696E676672616D65776F726B2E73656375726974792E61757468656E7469636174696F6E2E557365726E616D6550617373776F726441757468656E7469636174696F6E546F6B656E000000000000023A0200024C000B63726564656E7469616C7371007E00054C00097072696E636970616C71007E00057871007E0003017371007E00077371007E000B000000007704000000007871007E002D737200176A6176612E7574696C2E4C696E6B6564486173684D617034C04E5C106CC0FB0200015A000B6163636573734F726465727871007E00173F400000000000067708000000080000000474000D636C69656E745F736563726574740006737570706C7971007E001971007E001A71007E001B71007E001C71007E001D71007E001E7800707372001F636F6D2E737570706C792E617574682E6D6F64656C2E4C6F67696E5573657217FC7E6346AF541E0200064C000B617574686F72697469657371007E00084C000870617373776F726471007E000F4C000A74656E616E74436F646571007E000F4C000874656E616E7449647400104C6A6176612F6C616E672F4C6F6E673B4C000675736572496471007E00334C0008757365726E616D6571007E000F78707371007E000B000000007704000000007874003C24326124313024754644644747577939752F525474684765355667342E46464D70766A6E665A4942675831484C674641367644747A4A486143755A75740006737570706C797372000E6A6176612E6C616E672E4C6F6E673B8BE490CC8F23DF0200014A000576616C7565787200106A6176612E6C616E672E4E756D62657286AC951D0B94E08B0200007870000000000000000171007E003A74000561646D696E, '1e508795fc945b416f6b035bbf18562c');

-- ----------------------------
-- Table structure for oauth_approvals
-- ----------------------------
DROP TABLE IF EXISTS `oauth_approvals`;
CREATE TABLE `oauth_approvals`  (
  `userId` varchar(255) CHARACTER SET utf8 COLLATE utf8_general_ci NULL DEFAULT NULL,
  `clientId` varchar(255) CHARACTER SET utf8 COLLATE utf8_general_ci NULL DEFAULT NULL,
  `scope` varchar(255) CHARACTER SET utf8 COLLATE utf8_general_ci NULL DEFAULT NULL,
  `status` varchar(10) CHARACTER SET utf8 COLLATE utf8_general_ci NULL DEFAULT NULL,
  `expiresAt` datetime NULL DEFAULT NULL,
  `lastModifiedAt` datetime NULL DEFAULT NULL
) ENGINE = InnoDB CHARACTER SET = utf8 COLLATE = utf8_general_ci ROW_FORMAT = DYNAMIC;

-- ----------------------------
-- Records of oauth_approvals
-- ----------------------------

-- ----------------------------
-- Table structure for oauth_client_details
-- ----------------------------
DROP TABLE IF EXISTS `oauth_client_details`;
CREATE TABLE `oauth_client_details`  (
  `client_id` varchar(128) CHARACTER SET utf8 COLLATE utf8_general_ci NOT NULL COMMENT '客户端ID',
  `resource_ids` varchar(256) CHARACTER SET utf8 COLLATE utf8_general_ci NULL DEFAULT NULL COMMENT '资源ID集合，多个资源时用英文逗号分隔',
  `client_secret` varchar(256) CHARACTER SET utf8 COLLATE utf8_general_ci NULL DEFAULT NULL COMMENT '客户端密匙',
  `scope` varchar(256) CHARACTER SET utf8 COLLATE utf8_general_ci NULL DEFAULT NULL COMMENT '客户端申请的权限范围',
  `authorized_grant_types` varchar(256) CHARACTER SET utf8 COLLATE utf8_general_ci NULL DEFAULT NULL COMMENT '客户端支持的grant_type',
  `web_server_redirect_uri` varchar(256) CHARACTER SET utf8 COLLATE utf8_general_ci NULL DEFAULT NULL COMMENT '重定向URI',
  `authorities` varchar(256) CHARACTER SET utf8 COLLATE utf8_general_ci NULL DEFAULT NULL COMMENT '客户端所拥有的SpringSecurity的权限值，多个用英文逗号分隔',
  `access_token_validity` int NULL DEFAULT NULL COMMENT '访问令牌有效时间值(单位秒)',
  `refresh_token_validity` int NULL DEFAULT NULL COMMENT '更新令牌有效时间值(单位秒)',
  `additional_information` varchar(4096) CHARACTER SET utf8 COLLATE utf8_general_ci NULL DEFAULT NULL COMMENT '预留字段',
  `autoapprove` varchar(256) CHARACTER SET utf8 COLLATE utf8_general_ci NULL DEFAULT NULL COMMENT '用户是否自动Approval操作',
  PRIMARY KEY (`client_id`) USING BTREE
) ENGINE = InnoDB CHARACTER SET = utf8 COLLATE = utf8_general_ci COMMENT = '客户端信息' ROW_FORMAT = DYNAMIC;

-- ----------------------------
-- Records of oauth_client_details
-- ----------------------------
INSERT INTO `oauth_client_details` VALUES ('42a596f9271b4502a00b2cdf48d7795c', 'all', '$2a$10$wiSODKBdP5Xa05K98mDLyOqjLHKGwOxmjlCvHKMZJuq/QlbRVNHhu', 'all', 'implicit,refresh_token,password,client_credentials,authorization_code', 'http://localhost:8090/login.html', '', NULL, NULL, '{}', '');

-- ----------------------------
-- Table structure for oauth_client_token
-- ----------------------------
DROP TABLE IF EXISTS `oauth_client_token`;
CREATE TABLE `oauth_client_token`  (
  `token_id` varchar(255) CHARACTER SET utf8 COLLATE utf8_general_ci NULL DEFAULT NULL,
  `token` longblob NULL,
  `authentication_id` varchar(255) CHARACTER SET utf8 COLLATE utf8_general_ci NULL DEFAULT NULL,
  `user_name` varchar(255) CHARACTER SET utf8 COLLATE utf8_general_ci NULL DEFAULT NULL,
  `client_id` varchar(255) CHARACTER SET utf8 COLLATE utf8_general_ci NULL DEFAULT NULL
) ENGINE = InnoDB CHARACTER SET = utf8 COLLATE = utf8_general_ci ROW_FORMAT = DYNAMIC;

-- ----------------------------
-- Records of oauth_client_token
-- ----------------------------

-- ----------------------------
-- Table structure for oauth_code
-- ----------------------------
DROP TABLE IF EXISTS `oauth_code`;
CREATE TABLE `oauth_code`  (
  `id` int NOT NULL AUTO_INCREMENT,
  `CODE` varchar(256) CHARACTER SET utf8 COLLATE utf8_general_ci NULL DEFAULT NULL COMMENT '授权码(未加密)',
  `authentication` blob NULL COMMENT 'AuthorizationRequestHolder.java对象序列化后的二进制数据',
  `create_time` timestamp NULL DEFAULT CURRENT_TIMESTAMP COMMENT '创建时间',
  PRIMARY KEY (`id`) USING BTREE
) ENGINE = InnoDB AUTO_INCREMENT = 1 CHARACTER SET = utf8 COLLATE = utf8_general_ci COMMENT = '授权码' ROW_FORMAT = DYNAMIC;

-- ----------------------------
-- Records of oauth_code
-- ----------------------------

-- ----------------------------
-- Table structure for oauth_refresh_token
-- ----------------------------
DROP TABLE IF EXISTS `oauth_refresh_token`;
CREATE TABLE `oauth_refresh_token`  (
  `token_id` varchar(255) CHARACTER SET utf8 COLLATE utf8_general_ci NULL DEFAULT NULL,
  `token` longblob NULL,
  `authentication` longblob NULL
) ENGINE = InnoDB CHARACTER SET = utf8 COLLATE = utf8_general_ci ROW_FORMAT = DYNAMIC;

-- ----------------------------
-- Records of oauth_refresh_token
-- ----------------------------
INSERT INTO `oauth_refresh_token` VALUES ('1e508795fc945b416f6b035bbf18562c', 0xACED00057372004C6F72672E737072696E676672616D65776F726B2E73656375726974792E6F61757468322E636F6D6D6F6E2E44656661756C744578706972696E674F417574683252656672657368546F6B656E2FDF47639DD0C9B70200014C000A65787069726174696F6E7400104C6A6176612F7574696C2F446174653B787200446F72672E737072696E676672616D65776F726B2E73656375726974792E6F61757468322E636F6D6D6F6E2E44656661756C744F417574683252656672657368546F6B656E73E10E0A6354D45E0200014C000576616C75657400124C6A6176612F6C616E672F537472696E673B787074016365794A68624763694F694A49557A49314E694973496E523563434936496B705856434A392E65794A68645751694F6C736959577873496C3073496E567A5A584A66626D46745A534936496D466B62576C754969776963324E76634755694F6C736959577873496C3073496D463061534936496D59314D5759795A5464694C5463304E7A59744E4464684E6930354D3259334C5749314E475A694F54526A4F44457A4E434973496D5634634349364D5459324F4445314F444D324F537769616E5270496A6F695A5442684D4456684E7A41745A574A684E4330305A4464684C5749774F54517459574D784D324E6B5A4441345957557A49697769593278705A57353058326C6B496A6F694E444A684E546B325A6A6B794E7A46694E4455774D6D45774D4749795932526D4E44686B4E7A63354E574D6966512E6F664671663736356A4B542D332D32474E5649526C4B66722D726A4932533958535A6370527861373057777372000E6A6176612E7574696C2E44617465686A81014B597419030000787077080000018465FCAEB878, 0xACED0005737200416F72672E737072696E676672616D65776F726B2E73656375726974792E6F61757468322E70726F76696465722E4F417574683241757468656E7469636174696F6EBD400B02166252130200024C000D73746F7265645265717565737474003C4C6F72672F737072696E676672616D65776F726B2F73656375726974792F6F61757468322F70726F76696465722F4F4175746832526571756573743B4C00127573657241757468656E7469636174696F6E7400324C6F72672F737072696E676672616D65776F726B2F73656375726974792F636F72652F41757468656E7469636174696F6E3B787200476F72672E737072696E676672616D65776F726B2E73656375726974792E61757468656E7469636174696F6E2E416273747261637441757468656E7469636174696F6E546F6B656ED3AA287E6E47640E0200035A000D61757468656E746963617465644C000B617574686F7269746965737400164C6A6176612F7574696C2F436F6C6C656374696F6E3B4C000764657461696C737400124C6A6176612F6C616E672F4F626A6563743B787000737200266A6176612E7574696C2E436F6C6C656374696F6E7324556E6D6F6469666961626C654C697374FC0F2531B5EC8E100200014C00046C6973747400104C6A6176612F7574696C2F4C6973743B7872002C6A6176612E7574696C2E436F6C6C656374696F6E7324556E6D6F6469666961626C65436F6C6C656374696F6E19420080CB5EF71E0200014C00016371007E00047870737200136A6176612E7574696C2E41727261794C6973747881D21D99C7619D03000149000473697A657870000000007704000000007871007E000C707372003A6F72672E737072696E676672616D65776F726B2E73656375726974792E6F61757468322E70726F76696465722E4F41757468325265717565737400000000000000010200075A0008617070726F7665644C000B617574686F72697469657371007E00044C000A657874656E73696F6E7374000F4C6A6176612F7574696C2F4D61703B4C000B72656469726563745572697400124C6A6176612F6C616E672F537472696E673B4C00077265667265736874003B4C6F72672F737072696E676672616D65776F726B2F73656375726974792F6F61757468322F70726F76696465722F546F6B656E526571756573743B4C000B7265736F7572636549647374000F4C6A6176612F7574696C2F5365743B4C000D726573706F6E7365547970657371007E0011787200386F72672E737072696E676672616D65776F726B2E73656375726974792E6F61757468322E70726F76696465722E426173655265717565737436287A3EA37169BD0200034C0008636C69656E74496471007E000F4C001172657175657374506172616D657465727371007E000E4C000573636F706571007E001178707400203432613539366639323731623435303261303062326364663438643737393563737200256A6176612E7574696C2E436F6C6C656374696F6E7324556E6D6F6469666961626C654D6170F1A5A8FE74F507420200014C00016D71007E000E7870737200116A6176612E7574696C2E486173684D61700507DAC1C31660D103000246000A6C6F6164466163746F724900097468726573686F6C6478703F400000000000067708000000080000000374000A6772616E745F7479706574000870617373776F7264740009636C69656E745F69647400203432613539366639323731623435303261303062326364663438643737393563740008757365726E616D6574000761646D696E263178737200256A6176612E7574696C2E436F6C6C656374696F6E7324556E6D6F6469666961626C65536574801D92D18F9B80550200007871007E0009737200176A6176612E7574696C2E4C696E6B656448617368536574D86CD75A95DD2A1E020000787200116A6176612E7574696C2E48617368536574BA44859596B8B7340300007870770C000000103F40000000000001740003616C6C78017371007E0022770C000000103F40000000000000787371007E00173F40000000000000770800000010000000007870707371007E0022770C000000103F40000000000001740003616C6C787371007E0022770C000000103F40000000000000787372004F6F72672E737072696E676672616D65776F726B2E73656375726974792E61757468656E7469636174696F6E2E557365726E616D6550617373776F726441757468656E7469636174696F6E546F6B656E000000000000023A0200024C000B63726564656E7469616C7371007E00054C00097072696E636970616C71007E00057871007E0003017371007E00077371007E000B000000007704000000007871007E002D737200176A6176612E7574696C2E4C696E6B6564486173684D617034C04E5C106CC0FB0200015A000B6163636573734F726465727871007E00173F400000000000067708000000080000000474000D636C69656E745F736563726574740006737570706C7971007E001971007E001A71007E001B71007E001C71007E001D71007E001E7800707372001F636F6D2E737570706C792E617574682E6D6F64656C2E4C6F67696E5573657217FC7E6346AF541E0200064C000B617574686F72697469657371007E00084C000870617373776F726471007E000F4C000A74656E616E74436F646571007E000F4C000874656E616E7449647400104C6A6176612F6C616E672F4C6F6E673B4C000675736572496471007E00334C0008757365726E616D6571007E000F78707371007E000B000000007704000000007874003C24326124313024754644644747577939752F525474684765355667342E46464D70766A6E665A4942675831484C674641367644747A4A486143755A75740006737570706C797372000E6A6176612E6C616E672E4C6F6E673B8BE490CC8F23DF0200014A000576616C7565787200106A6176612E6C616E672E4E756D62657286AC951D0B94E08B0200007870000000000000000171007E003A74000561646D696E);

-- ----------------------------
-- Table structure for sys_data_scope_range
-- ----------------------------
DROP TABLE IF EXISTS `sys_data_scope_range`;
CREATE TABLE `sys_data_scope_range`  (
  `id` bigint NOT NULL AUTO_INCREMENT COMMENT '主键ID',
  `data_scope_type_id` bigint NULL DEFAULT NULL COMMENT '用户资源数据权限类型ID',
  `data_scope_range` int NULL DEFAULT NULL COMMENT '数据权限范围',
  `data_scope_id` bigint NULL DEFAULT NULL COMMENT '数据权限ID',
  `create_user_id` bigint NULL DEFAULT NULL COMMENT '创建人',
  `create_time` datetime NULL DEFAULT NULL COMMENT '创建时间',
  `update_user_id` bigint NULL DEFAULT NULL COMMENT '修改人',
  `update_time` datetime NULL DEFAULT NULL COMMENT '修改时间',
  `status` int NULL DEFAULT NULL COMMENT '状态',
  PRIMARY KEY (`id`) USING BTREE
) ENGINE = InnoDB AUTO_INCREMENT = 18 CHARACTER SET = utf8mb4 COLLATE = utf8mb4_unicode_ci COMMENT = '用户数据权限范围' ROW_FORMAT = DYNAMIC;

-- ----------------------------
-- Records of sys_data_scope_range
-- ----------------------------

-- ----------------------------
-- Table structure for sys_data_scope_type
-- ----------------------------
DROP TABLE IF EXISTS `sys_data_scope_type`;
CREATE TABLE `sys_data_scope_type`  (
  `id` bigint NOT NULL AUTO_INCREMENT COMMENT '主键ID',
  `user_id` bigint NULL DEFAULT NULL COMMENT '用户ID',
  `resource_id` bigint NULL DEFAULT NULL COMMENT '资源ID',
  `data_scope_type` int NULL DEFAULT NULL COMMENT '数据权限类型',
  `tenant_id` bigint NULL DEFAULT NULL COMMENT '租户ID',
  `create_user_id` bigint NULL DEFAULT NULL COMMENT '创建人',
  `create_time` datetime NULL DEFAULT NULL COMMENT '创建时间',
  `update_user_id` bigint NULL DEFAULT NULL COMMENT '修改人',
  `update_time` datetime NULL DEFAULT NULL COMMENT '修改时间',
  `status` int NULL DEFAULT NULL COMMENT '状态',
  PRIMARY KEY (`id`) USING BTREE
) ENGINE = InnoDB AUTO_INCREMENT = 4 CHARACTER SET = utf8mb4 COLLATE = utf8mb4_unicode_ci COMMENT = '用户资源数据权限类型' ROW_FORMAT = DYNAMIC;

-- ----------------------------
-- Records of sys_data_scope_type
-- ----------------------------

-- ----------------------------
-- Table structure for sys_dict
-- ----------------------------
DROP TABLE IF EXISTS `sys_dict`;
CREATE TABLE `sys_dict`  (
  `id` bigint NOT NULL AUTO_INCREMENT COMMENT '主键ID',
  `name` varchar(64) CHARACTER SET utf8mb4 COLLATE utf8mb4_unicode_ci NULL DEFAULT NULL COMMENT '字典名称',
  `code` varchar(32) CHARACTER SET utf8mb4 COLLATE utf8mb4_unicode_ci NULL DEFAULT NULL COMMENT '字典编码',
  `description` text CHARACTER SET utf8mb4 COLLATE utf8mb4_unicode_ci NULL COMMENT '字典备注',
  `create_user_id` bigint NULL DEFAULT NULL COMMENT '创建人',
  `create_time` datetime NULL DEFAULT NULL COMMENT '创建时间',
  `update_user_id` bigint NULL DEFAULT NULL COMMENT '修改人',
  `update_time` datetime NULL DEFAULT NULL COMMENT '修改时间',
  `status` int NULL DEFAULT NULL COMMENT '状态',
  PRIMARY KEY (`id`) USING BTREE
) ENGINE = InnoDB AUTO_INCREMENT = 3 CHARACTER SET = utf8mb4 COLLATE = utf8mb4_unicode_ci COMMENT = '业务字典类型表' ROW_FORMAT = DYNAMIC;

-- ----------------------------
-- Records of sys_dict
-- ----------------------------

-- ----------------------------
-- Table structure for sys_dict_category
-- ----------------------------
DROP TABLE IF EXISTS `sys_dict_category`;
CREATE TABLE `sys_dict_category`  (
  `id` bigint NOT NULL AUTO_INCREMENT COMMENT '主键ID',
  `parent_id` bigint NULL DEFAULT NULL COMMENT '父级ID',
  `name` varchar(255) CHARACTER SET utf8mb4 COLLATE utf8mb4_unicode_ci NULL DEFAULT NULL COMMENT '名称',
  `code` varchar(255) CHARACTER SET utf8mb4 COLLATE utf8mb4_unicode_ci NULL DEFAULT NULL COMMENT '编码',
  `description` text CHARACTER SET utf8mb4 COLLATE utf8mb4_unicode_ci NULL COMMENT '字典备注',
  `level` int NULL DEFAULT NULL COMMENT '层级',
  `has_children` tinyint NULL DEFAULT NULL COMMENT '是否含有子级',
  `create_user_id` bigint NULL DEFAULT NULL COMMENT '创建人',
  `create_time` datetime NULL DEFAULT NULL COMMENT '创建时间',
  `update_user_id` bigint NULL DEFAULT NULL COMMENT '修改人',
  `update_time` datetime NULL DEFAULT NULL COMMENT '修改时间',
  `status` int NULL DEFAULT NULL COMMENT '状态',
  PRIMARY KEY (`id`) USING BTREE
) ENGINE = InnoDB AUTO_INCREMENT = 14 CHARACTER SET = utf8mb4 COLLATE = utf8mb4_unicode_ci COMMENT = '字典分类' ROW_FORMAT = Dynamic;

-- ----------------------------
-- Records of sys_dict_category
-- ----------------------------

-- ----------------------------
-- Table structure for sys_dict_item
-- ----------------------------
DROP TABLE IF EXISTS `sys_dict_item`;
CREATE TABLE `sys_dict_item`  (
  `id` bigint NOT NULL AUTO_INCREMENT COMMENT '主键ID',
  `dict_id` int NULL DEFAULT NULL COMMENT '字典类型ID',
  `label` varchar(64) CHARACTER SET utf8mb4 COLLATE utf8mb4_unicode_ci NULL DEFAULT NULL COMMENT '字典名称',
  `value` varchar(64) CHARACTER SET utf8mb4 COLLATE utf8mb4_unicode_ci NULL DEFAULT NULL COMMENT '字典值',
  `sort` int NULL DEFAULT NULL COMMENT '排序',
  `create_user_id` bigint NULL DEFAULT NULL COMMENT '创建人',
  `create_time` datetime NULL DEFAULT NULL COMMENT '创建时间',
  `update_user_id` bigint NULL DEFAULT NULL COMMENT '修改人',
  `update_time` datetime NULL DEFAULT NULL COMMENT '修改时间',
  `status` int NULL DEFAULT NULL COMMENT '状态',
  PRIMARY KEY (`id`) USING BTREE
) ENGINE = InnoDB AUTO_INCREMENT = 6 CHARACTER SET = utf8mb4 COLLATE = utf8mb4_unicode_ci COMMENT = '字典数据表' ROW_FORMAT = DYNAMIC;

-- ----------------------------
-- Records of sys_dict_item
-- ----------------------------

-- ----------------------------
-- Table structure for sys_org
-- ----------------------------
DROP TABLE IF EXISTS `sys_org`;
CREATE TABLE `sys_org`  (
  `id` bigint NOT NULL AUTO_INCREMENT COMMENT '主键ID',
  `org_type` int NULL DEFAULT NULL COMMENT '组织机构类型',
  `code` varchar(255) CHARACTER SET utf8mb4 COLLATE utf8mb4_general_ci NULL DEFAULT NULL COMMENT '编码',
  `name` varchar(64) CHARACTER SET utf8mb4 COLLATE utf8mb4_general_ci NULL DEFAULT NULL COMMENT '组织名称',
  `address` varchar(128) CHARACTER SET utf8mb4 COLLATE utf8mb4_general_ci NULL DEFAULT NULL COMMENT '组织地址',
  `description` text CHARACTER SET utf8mb4 COLLATE utf8mb4_general_ci NULL COMMENT '描述',
  `business_status` int NULL DEFAULT NULL COMMENT '业务状态',
  `is_main` tinyint(1) NULL DEFAULT NULL COMMENT '是否主公司',
  `sort` int NULL DEFAULT NULL COMMENT '排序',
  `parent_id` bigint NULL DEFAULT NULL COMMENT '父ID',
  `tenant_id` bigint NULL DEFAULT NULL COMMENT '租户ID',
  `create_user_id` bigint NULL DEFAULT NULL COMMENT '创建人',
  `create_time` datetime NULL DEFAULT NULL COMMENT '创建时间',
  `update_user_id` bigint NULL DEFAULT NULL COMMENT '修改人',
  `update_time` datetime NULL DEFAULT NULL COMMENT '修改时间',
  `status` int NULL DEFAULT NULL COMMENT '状态',
  PRIMARY KEY (`id`) USING BTREE
) ENGINE = InnoDB AUTO_INCREMENT = 20 CHARACTER SET = utf8mb4 COLLATE = utf8mb4_general_ci COMMENT = '公司基本信息' ROW_FORMAT = DYNAMIC;

-- ----------------------------
-- Records of sys_org
-- ----------------------------
INSERT INTO `sys_org` VALUES (1, NULL, 'supply', '深圳供应链公司', NULL, NULL, 1, 1, 1, 0, 1, NULL, '2022-11-10 17:15:16', NULL, NULL, 0);

-- ----------------------------
-- Table structure for sys_resource
-- ----------------------------
DROP TABLE IF EXISTS `sys_resource`;
CREATE TABLE `sys_resource`  (
  `id` bigint NOT NULL AUTO_INCREMENT COMMENT '主键ID',
  `parent_id` bigint NULL DEFAULT NULL COMMENT '父id',
  `code` varchar(255) CHARACTER SET utf8mb4 COLLATE utf8mb4_general_ci NULL DEFAULT NULL COMMENT '权限编码',
  `name` varchar(255) CHARACTER SET utf8mb4 COLLATE utf8mb4_general_ci NULL DEFAULT NULL COMMENT '名称',
  `icon` varchar(255) CHARACTER SET utf8mb4 COLLATE utf8mb4_general_ci NULL DEFAULT NULL COMMENT '图标',
  `path` varchar(255) CHARACTER SET utf8mb4 COLLATE utf8mb4_general_ci NULL DEFAULT NULL COMMENT '路由',
  `sort` int NULL DEFAULT 0 COMMENT '排序',
  `type` int NULL DEFAULT NULL COMMENT '菜单类型 1:菜单 2:按钮',
  `business_status` int NULL DEFAULT NULL COMMENT '业务状态',
  `is_fix` tinyint NULL DEFAULT NULL COMMENT '是否固定',
  `create_user_id` bigint NULL DEFAULT NULL COMMENT '创建人',
  `create_time` datetime NULL DEFAULT NULL COMMENT '创建时间',
  `update_user_id` bigint NULL DEFAULT NULL COMMENT '修改人',
  `update_time` datetime NULL DEFAULT NULL COMMENT '修改时间',
  `status` int NULL DEFAULT NULL COMMENT '是否删除',
  PRIMARY KEY (`id`) USING BTREE
) ENGINE = InnoDB AUTO_INCREMENT = 74 CHARACTER SET = utf8mb4 COLLATE = utf8mb4_general_ci COMMENT = '菜单权限表' ROW_FORMAT = DYNAMIC;

-- ----------------------------
-- Records of sys_resource
-- ----------------------------
INSERT INTO `sys_resource` VALUES (1, 0, NULL, '系统管理', 'el-icon-key', NULL, 2, 1, 1, 0, NULL, NULL, NULL, NULL, 0);
INSERT INTO `sys_resource` VALUES (2, 1, NULL, '菜单管理', 'icon_caidanguanli', '/menu', 3, 1, 1, 0, NULL, NULL, NULL, NULL, 0);
INSERT INTO `sys_resource` VALUES (3, 1, NULL, '个人信息', 'icon_gerenxinxi', '/user-info', 2, 1, 1, 0, NULL, NULL, NULL, NULL, 0);
INSERT INTO `sys_resource` VALUES (4, 1, 'ACCOUNT_MANAGE', '账号管理', 'icon_zhanghaoguanli', '/account', 1, 1, 1, 0, NULL, NULL, NULL, NULL, 0);
INSERT INTO `sys_resource` VALUES (5, 1, NULL, '角色管理', 'icon_fenpeigongyingshang', '/role', 4, 1, 1, 0, NULL, NULL, NULL, NULL, 0);
INSERT INTO `sys_resource` VALUES (6, 4, 'account_reset_password', '重置密码', NULL, NULL, 3, 2, 1, 0, NULL, NULL, NULL, NULL, 0);
INSERT INTO `sys_resource` VALUES (7, 4, 'account_freeze', '账号冻结', NULL, NULL, 4, 2, 1, 0, NULL, NULL, NULL, NULL, 0);
INSERT INTO `sys_resource` VALUES (8, 4, 'account_start', '账号解冻', NULL, NULL, 5, 2, 1, 0, NULL, NULL, NULL, NULL, 0);
INSERT INTO `sys_resource` VALUES (9, 0, 'home-page', '首页', 'icon_shouyexuanzhong', '/home-page', 1, 1, 1, 1, NULL, NULL, 6, '2022-11-05 16:44:40', 0);
INSERT INTO `sys_resource` VALUES (10, 4, 'account_remove', '账号删除', NULL, NULL, 6, 2, 1, 0, NULL, NULL, NULL, NULL, 0);
INSERT INTO `sys_resource` VALUES (11, 4, 'account_view', '查看', NULL, NULL, 1, 2, 1, 0, NULL, NULL, NULL, NULL, 0);
INSERT INTO `sys_resource` VALUES (12, 4, 'account_edit', '编辑', NULL, NULL, 2, 2, 1, 0, NULL, NULL, NULL, NULL, 0);
INSERT INTO `sys_resource` VALUES (13, 4, 'account_add_user', '新建人员', NULL, NULL, 0, 2, 1, 0, NULL, NULL, NULL, NULL, 0);
INSERT INTO `sys_resource` VALUES (14, 5, 'role_add', '新建角色', NULL, NULL, 1, 2, 1, 0, NULL, NULL, NULL, NULL, 0);
INSERT INTO `sys_resource` VALUES (15, 5, 'role_edit', '编辑', NULL, NULL, 2, 2, 1, 0, NULL, NULL, NULL, NULL, 0);
INSERT INTO `sys_resource` VALUES (16, 5, 'role_resource_auth', '资源权限', NULL, NULL, 3, 2, 1, 0, NULL, NULL, NULL, NULL, 0);
INSERT INTO `sys_resource` VALUES (17, 5, 'role_data_auth', '数据权限', NULL, NULL, 4, 2, 1, 0, NULL, NULL, NULL, NULL, 0);
INSERT INTO `sys_resource` VALUES (18, 5, 'role_user', '角色用户', NULL, NULL, 5, 2, 1, 0, NULL, NULL, NULL, NULL, 0);
INSERT INTO `sys_resource` VALUES (19, 5, 'role_freeze', '冻结', NULL, NULL, 6, 2, 1, 0, NULL, NULL, NULL, NULL, 0);
INSERT INTO `sys_resource` VALUES (20, 5, 'role_start', '解冻', NULL, NULL, 7, 2, 1, 0, NULL, NULL, NULL, NULL, 0);
INSERT INTO `sys_resource` VALUES (21, 5, 'role_remove', '删除', NULL, NULL, 8, 2, 1, 0, NULL, NULL, NULL, NULL, 0);
INSERT INTO `sys_resource` VALUES (22, 1, 'TENANT_MANAGE', '租户管理', 'icon_chengjiaokehu', '/tenant', 5, 1, 1, 0, 1, '2022-08-08 16:44:30', NULL, NULL, 0);
INSERT INTO `sys_resource` VALUES (23, 22, 'tenant_view', '查看', NULL, NULL, 1, 2, 1, 0, 1, '2022-08-08 16:46:13', NULL, NULL, 0);
INSERT INTO `sys_resource` VALUES (24, 22, 'tenant_freeze', '冻结', NULL, NULL, 2, 2, 1, 0, 1, '2022-08-08 16:47:02', NULL, NULL, 0);
INSERT INTO `sys_resource` VALUES (25, 22, 'tenant_start', '解冻', NULL, NULL, 3, 2, 1, 0, 1, '2022-08-08 16:47:43', NULL, NULL, 0);
INSERT INTO `sys_resource` VALUES (26, 22, 'tenant_edit', '编辑', NULL, NULL, 4, 2, 1, 0, 1, '2022-08-10 13:37:08', NULL, NULL, 0);
INSERT INTO `sys_resource` VALUES (28, 1, NULL, '组织机构', 'icon_bumenguanli', '/org', 6, 1, 1, 0, NULL, NULL, NULL, NULL, 0);
INSERT INTO `sys_resource` VALUES (29, 22, 'tenant_renewal', '续期', NULL, NULL, 5, 2, 1, 0, NULL, NULL, NULL, NULL, 0);
INSERT INTO `sys_resource` VALUES (31, 1, 'DICT_MANAGE', '字典管理', 'icon_caigouhetongliebiao', '/dict', 7, 1, 1, 0, 6, '2022-09-01 11:43:51', 6, '2022-09-01 11:48:40', 0);
INSERT INTO `sys_resource` VALUES (32, 31, 'dict_view', '查看', NULL, NULL, 1, 2, 1, 0, 6, '2022-09-01 11:45:03', NULL, NULL, 0);
INSERT INTO `sys_resource` VALUES (33, 31, 'dict_edit', '编辑', NULL, NULL, 2, 2, 1, 0, 6, '2022-09-01 11:45:51', NULL, NULL, 0);
INSERT INTO `sys_resource` VALUES (34, 31, 'dict_remove', '删除', NULL, NULL, 3, 2, 1, 0, 6, '2022-09-01 11:46:26', NULL, NULL, 0);
INSERT INTO `sys_resource` VALUES (37, 0, 'SYSTEM_MONIOTR', '系统监控', 'monitor', NULL, 3, 1, 1, 0, 6, '2022-09-01 13:55:28', 6, '2022-11-05 18:04:59', 0);
INSERT INTO `sys_resource` VALUES (38, 37, 'JOB_TASK', '定时任务', 'icon_xitongdaiban', '/job', 1, 1, 1, 0, 6, '2022-09-01 13:56:18', NULL, NULL, 0);
INSERT INTO `sys_resource` VALUES (39, 31, 'dict_add', '新建', NULL, NULL, 1, 2, 1, 0, 6, '2022-09-01 16:21:37', NULL, NULL, 0);
INSERT INTO `sys_resource` VALUES (40, 31, 'dict_config', '配置', NULL, NULL, 5, 2, 1, 0, 6, '2022-09-01 16:22:39', NULL, NULL, 0);
INSERT INTO `sys_resource` VALUES (41, 1, 'data_scope', '数据权限', 'icon_jiaoseguanli', '/data-scope', 9, 1, 1, 0, 6, '2022-09-09 15:09:09', 6, '2022-11-08 20:52:02', 0);
INSERT INTO `sys_resource` VALUES (42, 41, 'data_scope_view', '查看', NULL, NULL, 1, 2, 1, 0, 6, '2022-09-09 15:09:49', NULL, NULL, 0);
INSERT INTO `sys_resource` VALUES (43, 41, 'data_scope_edit', '编辑', NULL, NULL, 2, 2, 1, 0, 6, '2022-09-09 15:10:02', NULL, NULL, 0);
INSERT INTO `sys_resource` VALUES (44, 41, 'data_scope_remove', '删除', NULL, NULL, 3, 2, 1, 0, 6, '2022-09-09 15:10:42', NULL, NULL, 0);
INSERT INTO `sys_resource` VALUES (45, 41, 'data_scope_create', '创建', NULL, NULL, 4, 2, 1, 0, 6, '2022-09-09 15:11:06', NULL, NULL, 0);
INSERT INTO `sys_resource` VALUES (46, 0, 'MESSAGE', '消息中心', 'icon_kehupingjiaguanli', NULL, 4, 1, 1, 0, 6, '2022-11-01 14:52:06', NULL, NULL, 0);
INSERT INTO `sys_resource` VALUES (47, 46, 'message_template', '消息模板', 'icon_caigoudingdanliebiao', '/message-template', 1, 1, 1, 0, NULL, NULL, 1, '2022-11-01 15:34:38', 0);
INSERT INTO `sys_resource` VALUES (48, 46, 'message_my_content', '我的消息', 'bell', '/message-content', 2, 1, 1, 0, NULL, NULL, 1, '2022-11-01 15:34:51', 0);
INSERT INTO `sys_resource` VALUES (49, 4, 'account_data_scope', '数据权限', NULL, NULL, 7, 2, 1, 0, 6, '2022-11-05 09:45:14', NULL, NULL, 0);
INSERT INTO `sys_resource` VALUES (50, 0, 'home-page', '测试', NULL, '/ss', 1, 1, 1, 0, 6, '2022-11-05 16:58:23', 6, '2022-11-05 16:58:49', 1);
INSERT INTO `sys_resource` VALUES (51, 0, 'home-page', '测试菜单', NULL, '', 1, 1, 1, 0, 6, '2022-11-05 16:59:57', 6, '2022-11-05 17:00:21', 1);
INSERT INTO `sys_resource` VALUES (52, 0, 'home-page11', '测试', NULL, NULL, 1, 1, 1, 0, 6, '2022-11-05 17:38:30', 6, '2022-11-05 17:42:44', 1);
INSERT INTO `sys_resource` VALUES (53, 0, 'test', '测试用菜单', NULL, NULL, 5, 1, 1, 0, 6, '2022-11-05 17:44:27', 6, '2022-11-05 18:05:20', 1);
INSERT INTO `sys_resource` VALUES (54, 53, 'test_1', '创建', NULL, NULL, 1, 2, 1, 0, 6, '2022-11-05 17:46:14', NULL, NULL, 0);
INSERT INTO `sys_resource` VALUES (55, 53, 'test_update', '修改', NULL, NULL, 2, 2, 1, 0, 6, '2022-11-05 17:49:02', 6, '2022-11-05 18:03:03', 1);
INSERT INTO `sys_resource` VALUES (56, 53, 'test_del', '删除', NULL, NULL, 3, 2, 1, 0, 6, '2022-11-05 17:58:05', 6, '2022-11-05 18:02:55', 1);
INSERT INTO `sys_resource` VALUES (57, 0, 'test', '测试', NULL, NULL, 5, 1, 1, 0, 6, '2022-11-07 09:27:45', 6, '2022-11-07 09:28:29', 1);
INSERT INTO `sys_resource` VALUES (58, 57, 'children-test', '子菜单测试', NULL, '/test', 1, 1, 1, 0, 6, '2022-11-07 09:28:18', 6, '2022-11-07 09:28:26', 1);
INSERT INTO `sys_resource` VALUES (59, 47, 'message_template_create', '新建模板', NULL, NULL, 1, 2, 1, 0, 6, '2022-11-07 09:38:00', 6, '2022-11-07 09:39:45', 0);
INSERT INTO `sys_resource` VALUES (60, 47, 'message_template_view', '查看', NULL, NULL, 2, 2, 1, 0, 6, '2022-11-07 09:38:36', 6, '2022-11-07 09:39:52', 0);
INSERT INTO `sys_resource` VALUES (61, 47, 'message_template_edit', '编辑', NULL, NULL, 3, 2, 1, 0, 6, '2022-11-07 09:38:55', 6, '2022-11-07 09:40:04', 0);
INSERT INTO `sys_resource` VALUES (62, 48, 'message_content_read_all', '全部已读', NULL, NULL, 1, 2, 1, 0, 6, '2022-11-07 09:39:32', 6, '2022-11-07 09:51:21', 0);
INSERT INTO `sys_resource` VALUES (63, 48, 'message_content_read', '已读', NULL, NULL, 3, 2, 1, 0, 6, '2022-11-07 09:48:38', 6, '2022-11-07 09:56:48', 0);
INSERT INTO `sys_resource` VALUES (64, 47, 'message_template_test', '测试', NULL, NULL, 5, 2, 1, 0, 6, '2022-11-07 09:49:22', 6, '2022-11-07 09:53:56', 0);
INSERT INTO `sys_resource` VALUES (65, 48, 'message_content_del', '删除', NULL, NULL, 4, 2, 1, 0, 6, '2022-11-07 09:50:57', NULL, NULL, 0);
INSERT INTO `sys_resource` VALUES (66, 47, 'message_template_del', '删除', NULL, NULL, 4, 2, 1, 0, 6, '2022-11-07 09:54:54', NULL, NULL, 0);
INSERT INTO `sys_resource` VALUES (67, 48, 'message_content_view', '查看', NULL, NULL, 2, 2, 1, 0, 6, '2022-11-07 09:57:14', NULL, NULL, 0);
INSERT INTO `sys_resource` VALUES (68, 1, 'dict-category', '字典分类', 'icon_gongyingshangfenjiguanli', '/dict-category', 8, 1, 1, 0, 6, '2022-11-08 20:51:52', NULL, NULL, 0);
INSERT INTO `sys_resource` VALUES (69, 68, 'dict_category_add', '新建', NULL, NULL, 1, 2, 1, 0, 6, '2022-11-08 20:54:39', NULL, NULL, 0);
INSERT INTO `sys_resource` VALUES (70, 68, 'dict_category_view', '查看', NULL, NULL, 2, 2, 1, 0, 6, '2022-11-08 20:54:55', NULL, NULL, 0);
INSERT INTO `sys_resource` VALUES (71, 68, 'dict_category_edit', '编辑', NULL, NULL, 3, 2, 1, 0, 6, '2022-11-08 20:55:12', NULL, NULL, 0);
INSERT INTO `sys_resource` VALUES (72, 68, 'dict_category_del', '删除', NULL, NULL, 4, 2, 1, 0, 6, '2022-11-08 20:55:28', NULL, NULL, 0);
INSERT INTO `sys_resource` VALUES (73, 68, 'dict_category_add_children', '添加下级', NULL, NULL, 5, 2, 1, 0, 6, '2022-11-09 14:24:51', NULL, NULL, 0);
INSERT INTO `sys_resource` VALUES (74, 28, 'org_add', '创建机构', NULL, NULL, 1, 2, 1, 0, 6, '2022-11-10 11:41:16', NULL, NULL, 0);
INSERT INTO `sys_resource` VALUES (75, 28, 'org_user_add', '新建人员', NULL, NULL, 1, 2, 1, 0, 6, '2022-11-10 11:41:48', NULL, NULL, 0);
INSERT INTO `sys_resource` VALUES (76, 28, 'org_user_view', '查看', NULL, NULL, 2, 2, 1, 0, 6, '2022-11-10 11:47:53', NULL, NULL, 0);
INSERT INTO `sys_resource` VALUES (77, 28, 'org_user_edit', '编辑', NULL, NULL, 3, 2, 1, 0, 6, '2022-11-10 11:48:08', NULL, NULL, 0);
INSERT INTO `sys_resource` VALUES (78, 28, 'org_user_freeze', '冻结', NULL, NULL, 4, 2, 1, 0, 6, '2022-11-10 11:48:34', NULL, NULL, 0);
INSERT INTO `sys_resource` VALUES (79, 28, 'org_user_start', '解冻', NULL, NULL, 5, 2, 1, 0, 6, '2022-11-10 11:49:00', NULL, NULL, 0);
INSERT INTO `sys_resource` VALUES (80, 28, 'org_user_del', '删除', NULL, NULL, 7, 2, 1, 0, 6, '2022-11-10 11:49:15', 6, '2022-11-10 11:52:41', 0);
INSERT INTO `sys_resource` VALUES (81, 28, 'org_user_data_scope', '数据权限', NULL, NULL, 8, 2, 1, 0, 6, '2022-11-10 11:49:41', 6, '2022-11-10 11:52:37', 0);
INSERT INTO `sys_resource` VALUES (82, 28, 'org_user_reset_password', '重置密码', NULL, NULL, 6, 2, 1, 0, 6, '2022-11-10 11:52:11', NULL, NULL, 0);
INSERT INTO `sys_resource` VALUES (83, 28, 'org_children_add', '创建', NULL, NULL, 2, 2, 1, 0, 6, '2022-11-10 11:55:09', NULL, NULL, 0);
INSERT INTO `sys_resource` VALUES (84, 28, 'org_edit', '编辑', NULL, NULL, 3, 2, 1, 0, 6, '2022-11-10 11:55:37', NULL, NULL, 0);
INSERT INTO `sys_resource` VALUES (85, 28, 'org_del', '删除', NULL, NULL, 4, 2, 1, 0, 6, '2022-11-10 11:55:50', NULL, NULL, 0);

-- ----------------------------
-- Table structure for sys_role
-- ----------------------------
DROP TABLE IF EXISTS `sys_role`;
CREATE TABLE `sys_role`  (
  `id` bigint NOT NULL AUTO_INCREMENT COMMENT 'id',
  `code` varchar(32) CHARACTER SET utf8mb4 COLLATE utf8mb4_general_ci NULL DEFAULT NULL COMMENT '角色编码',
  `name` varchar(255) CHARACTER SET utf8mb4 COLLATE utf8mb4_general_ci NULL DEFAULT NULL COMMENT '角色名称',
  `description` varchar(255) CHARACTER SET utf8mb4 COLLATE utf8mb4_general_ci NULL DEFAULT NULL COMMENT '角色描述',
  `business_status` int NULL DEFAULT NULL COMMENT '业务状态',
  `is_main` tinyint NULL DEFAULT NULL COMMENT '是否管理员角色',
  `is_system` tinyint NULL DEFAULT NULL COMMENT '是否系统角色',
  `tenant_id` bigint NULL DEFAULT NULL COMMENT '租户ID',
  `create_user_id` bigint NULL DEFAULT NULL COMMENT '创建人',
  `create_time` datetime NULL DEFAULT NULL COMMENT '创建时间',
  `update_user_id` bigint NULL DEFAULT NULL COMMENT '修改人',
  `update_time` datetime NULL DEFAULT NULL COMMENT '修改时间',
  `status` int NULL DEFAULT NULL COMMENT '状态',
  PRIMARY KEY (`id`) USING BTREE
) ENGINE = InnoDB AUTO_INCREMENT = 7 CHARACTER SET = utf8mb4 COLLATE = utf8mb4_general_ci COMMENT = '角色表' ROW_FORMAT = DYNAMIC;

-- ----------------------------
-- Records of sys_role
-- ----------------------------
INSERT INTO `sys_role` VALUES (1, 'system', '系统', NULL, 1, 1, 1, 1, NULL, '2022-11-10 17:15:16', NULL, NULL, 0);

-- ----------------------------
-- Table structure for sys_role_resource
-- ----------------------------
DROP TABLE IF EXISTS `sys_role_resource`;
CREATE TABLE `sys_role_resource`  (
  `id` bigint NOT NULL AUTO_INCREMENT COMMENT '主键ID',
  `role_id` bigint NULL DEFAULT NULL COMMENT '角色ID',
  `resource_id` bigint NULL DEFAULT NULL COMMENT '资源ID',
  `create_user_id` bigint NULL DEFAULT NULL COMMENT '创建人',
  `create_time` datetime NULL DEFAULT NULL COMMENT '创建时间',
  `update_user_id` bigint NULL DEFAULT NULL COMMENT '修改人',
  `update_time` datetime NULL DEFAULT NULL COMMENT '修改时间',
  `status` int NULL DEFAULT NULL COMMENT '状态',
  PRIMARY KEY (`id`) USING BTREE
) ENGINE = InnoDB AUTO_INCREMENT = 1426 CHARACTER SET = utf8mb4 COLLATE = utf8mb4_general_ci COMMENT = '角色菜单关联映射表' ROW_FORMAT = DYNAMIC;

-- ----------------------------
-- Records of sys_role_resource
-- ----------------------------
INSERT INTO `sys_role_resource` VALUES (1, 1, 9, NULL, '2022-11-10 17:15:16', NULL, NULL, 0);
INSERT INTO `sys_role_resource` VALUES (2, 1, 1, NULL, '2022-11-10 17:15:16', NULL, NULL, 0);
INSERT INTO `sys_role_resource` VALUES (3, 1, 13, NULL, '2022-11-10 17:15:16', NULL, NULL, 0);
INSERT INTO `sys_role_resource` VALUES (4, 1, 11, NULL, '2022-11-10 17:15:16', NULL, NULL, 0);
INSERT INTO `sys_role_resource` VALUES (5, 1, 12, NULL, '2022-11-10 17:15:16', NULL, NULL, 0);
INSERT INTO `sys_role_resource` VALUES (6, 1, 6, NULL, '2022-11-10 17:15:16', NULL, NULL, 0);
INSERT INTO `sys_role_resource` VALUES (7, 1, 7, NULL, '2022-11-10 17:15:16', NULL, NULL, 0);
INSERT INTO `sys_role_resource` VALUES (8, 1, 8, NULL, '2022-11-10 17:15:16', NULL, NULL, 0);
INSERT INTO `sys_role_resource` VALUES (9, 1, 10, NULL, '2022-11-10 17:15:16', NULL, NULL, 0);
INSERT INTO `sys_role_resource` VALUES (10, 1, 49, NULL, '2022-11-10 17:15:16', NULL, NULL, 0);
INSERT INTO `sys_role_resource` VALUES (11, 1, 4, NULL, '2022-11-10 17:15:16', NULL, NULL, 0);
INSERT INTO `sys_role_resource` VALUES (12, 1, 3, NULL, '2022-11-10 17:15:16', NULL, NULL, 0);
INSERT INTO `sys_role_resource` VALUES (13, 1, 2, NULL, '2022-11-10 17:15:16', NULL, NULL, 0);
INSERT INTO `sys_role_resource` VALUES (14, 1, 14, NULL, '2022-11-10 17:15:16', NULL, NULL, 0);
INSERT INTO `sys_role_resource` VALUES (15, 1, 15, NULL, '2022-11-10 17:15:16', NULL, NULL, 0);
INSERT INTO `sys_role_resource` VALUES (16, 1, 16, NULL, '2022-11-10 17:15:16', NULL, NULL, 0);
INSERT INTO `sys_role_resource` VALUES (17, 1, 17, NULL, '2022-11-10 17:15:16', NULL, NULL, 0);
INSERT INTO `sys_role_resource` VALUES (18, 1, 18, NULL, '2022-11-10 17:15:16', NULL, NULL, 0);
INSERT INTO `sys_role_resource` VALUES (19, 1, 19, NULL, '2022-11-10 17:15:16', NULL, NULL, 0);
INSERT INTO `sys_role_resource` VALUES (20, 1, 20, NULL, '2022-11-10 17:15:16', NULL, NULL, 0);
INSERT INTO `sys_role_resource` VALUES (21, 1, 21, NULL, '2022-11-10 17:15:16', NULL, NULL, 0);
INSERT INTO `sys_role_resource` VALUES (22, 1, 5, NULL, '2022-11-10 17:15:16', NULL, NULL, 0);
INSERT INTO `sys_role_resource` VALUES (23, 1, 23, NULL, '2022-11-10 17:15:16', NULL, NULL, 0);
INSERT INTO `sys_role_resource` VALUES (24, 1, 24, NULL, '2022-11-10 17:15:16', NULL, NULL, 0);
INSERT INTO `sys_role_resource` VALUES (25, 1, 25, NULL, '2022-11-10 17:15:16', NULL, NULL, 0);
INSERT INTO `sys_role_resource` VALUES (26, 1, 26, NULL, '2022-11-10 17:15:16', NULL, NULL, 0);
INSERT INTO `sys_role_resource` VALUES (27, 1, 29, NULL, '2022-11-10 17:15:16', NULL, NULL, 0);
INSERT INTO `sys_role_resource` VALUES (28, 1, 22, NULL, '2022-11-10 17:15:16', NULL, NULL, 0);
INSERT INTO `sys_role_resource` VALUES (29, 1, 74, NULL, '2022-11-10 17:15:16', NULL, NULL, 0);
INSERT INTO `sys_role_resource` VALUES (30, 1, 75, NULL, '2022-11-10 17:15:16', NULL, NULL, 0);
INSERT INTO `sys_role_resource` VALUES (31, 1, 76, NULL, '2022-11-10 17:15:16', NULL, NULL, 0);
INSERT INTO `sys_role_resource` VALUES (32, 1, 83, NULL, '2022-11-10 17:15:16', NULL, NULL, 0);
INSERT INTO `sys_role_resource` VALUES (33, 1, 84, NULL, '2022-11-10 17:15:16', NULL, NULL, 0);
INSERT INTO `sys_role_resource` VALUES (34, 1, 77, NULL, '2022-11-10 17:15:16', NULL, NULL, 0);
INSERT INTO `sys_role_resource` VALUES (35, 1, 78, NULL, '2022-11-10 17:15:16', NULL, NULL, 0);
INSERT INTO `sys_role_resource` VALUES (36, 1, 85, NULL, '2022-11-10 17:15:16', NULL, NULL, 0);
INSERT INTO `sys_role_resource` VALUES (37, 1, 79, NULL, '2022-11-10 17:15:16', NULL, NULL, 0);
INSERT INTO `sys_role_resource` VALUES (38, 1, 82, NULL, '2022-11-10 17:15:16', NULL, NULL, 0);
INSERT INTO `sys_role_resource` VALUES (39, 1, 80, NULL, '2022-11-10 17:15:16', NULL, NULL, 0);
INSERT INTO `sys_role_resource` VALUES (40, 1, 81, NULL, '2022-11-10 17:15:16', NULL, NULL, 0);
INSERT INTO `sys_role_resource` VALUES (41, 1, 28, NULL, '2022-11-10 17:15:16', NULL, NULL, 0);
INSERT INTO `sys_role_resource` VALUES (42, 1, 32, NULL, '2022-11-10 17:15:16', NULL, NULL, 0);
INSERT INTO `sys_role_resource` VALUES (43, 1, 39, NULL, '2022-11-10 17:15:16', NULL, NULL, 0);
INSERT INTO `sys_role_resource` VALUES (44, 1, 33, NULL, '2022-11-10 17:15:16', NULL, NULL, 0);
INSERT INTO `sys_role_resource` VALUES (45, 1, 34, NULL, '2022-11-10 17:15:16', NULL, NULL, 0);
INSERT INTO `sys_role_resource` VALUES (46, 1, 40, NULL, '2022-11-10 17:15:16', NULL, NULL, 0);
INSERT INTO `sys_role_resource` VALUES (47, 1, 31, NULL, '2022-11-10 17:15:16', NULL, NULL, 0);
INSERT INTO `sys_role_resource` VALUES (48, 1, 69, NULL, '2022-11-10 17:15:16', NULL, NULL, 0);
INSERT INTO `sys_role_resource` VALUES (49, 1, 70, NULL, '2022-11-10 17:15:16', NULL, NULL, 0);
INSERT INTO `sys_role_resource` VALUES (50, 1, 71, NULL, '2022-11-10 17:15:16', NULL, NULL, 0);
INSERT INTO `sys_role_resource` VALUES (51, 1, 72, NULL, '2022-11-10 17:15:16', NULL, NULL, 0);
INSERT INTO `sys_role_resource` VALUES (52, 1, 73, NULL, '2022-11-10 17:15:16', NULL, NULL, 0);
INSERT INTO `sys_role_resource` VALUES (53, 1, 68, NULL, '2022-11-10 17:15:16', NULL, NULL, 0);
INSERT INTO `sys_role_resource` VALUES (54, 1, 42, NULL, '2022-11-10 17:15:16', NULL, NULL, 0);
INSERT INTO `sys_role_resource` VALUES (55, 1, 43, NULL, '2022-11-10 17:15:16', NULL, NULL, 0);
INSERT INTO `sys_role_resource` VALUES (56, 1, 44, NULL, '2022-11-10 17:15:16', NULL, NULL, 0);
INSERT INTO `sys_role_resource` VALUES (57, 1, 45, NULL, '2022-11-10 17:15:16', NULL, NULL, 0);
INSERT INTO `sys_role_resource` VALUES (58, 1, 41, NULL, '2022-11-10 17:15:16', NULL, NULL, 0);
INSERT INTO `sys_role_resource` VALUES (59, 1, 37, NULL, '2022-11-10 17:15:16', NULL, NULL, 0);
INSERT INTO `sys_role_resource` VALUES (60, 1, 38, NULL, '2022-11-10 17:15:16', NULL, NULL, 0);
INSERT INTO `sys_role_resource` VALUES (61, 1, 46, NULL, '2022-11-10 17:15:16', NULL, NULL, 0);
INSERT INTO `sys_role_resource` VALUES (62, 1, 59, NULL, '2022-11-10 17:15:16', NULL, NULL, 0);
INSERT INTO `sys_role_resource` VALUES (63, 1, 60, NULL, '2022-11-10 17:15:16', NULL, NULL, 0);
INSERT INTO `sys_role_resource` VALUES (64, 1, 61, NULL, '2022-11-10 17:15:16', NULL, NULL, 0);
INSERT INTO `sys_role_resource` VALUES (65, 1, 66, NULL, '2022-11-10 17:15:16', NULL, NULL, 0);
INSERT INTO `sys_role_resource` VALUES (66, 1, 64, NULL, '2022-11-10 17:15:16', NULL, NULL, 0);
INSERT INTO `sys_role_resource` VALUES (67, 1, 47, NULL, '2022-11-10 17:15:16', NULL, NULL, 0);
INSERT INTO `sys_role_resource` VALUES (68, 1, 62, NULL, '2022-11-10 17:15:16', NULL, NULL, 0);
INSERT INTO `sys_role_resource` VALUES (69, 1, 67, NULL, '2022-11-10 17:15:16', NULL, NULL, 0);
INSERT INTO `sys_role_resource` VALUES (70, 1, 63, NULL, '2022-11-10 17:15:16', NULL, NULL, 0);
INSERT INTO `sys_role_resource` VALUES (71, 1, 65, NULL, '2022-11-10 17:15:16', NULL, NULL, 0);
INSERT INTO `sys_role_resource` VALUES (72, 1, 48, NULL, '2022-11-10 17:15:16', NULL, NULL, 0);

-- ----------------------------
-- Table structure for sys_tenant
-- ----------------------------
DROP TABLE IF EXISTS `sys_tenant`;
CREATE TABLE `sys_tenant`  (
  `id` bigint NOT NULL AUTO_INCREMENT COMMENT '租户id',
  `code` varchar(64) CHARACTER SET utf8mb4 COLLATE utf8mb4_0900_ai_ci NULL DEFAULT NULL COMMENT '租户编号',
  `name` varchar(255) CHARACTER SET utf8mb4 COLLATE utf8mb4_0900_ai_ci NULL DEFAULT NULL COMMENT '租户名称',
  `type` int NULL DEFAULT NULL COMMENT '租户类型',
  `start_time` datetime NULL DEFAULT NULL COMMENT '授权开始时间',
  `days` bigint NULL DEFAULT NULL COMMENT '授权天数',
  `end_time` datetime NULL DEFAULT NULL COMMENT '授权结束时间',
  `client_id` varchar(128) CHARACTER SET utf8 COLLATE utf8_general_ci NULL DEFAULT NULL COMMENT '客户端ID',
  `business_status` int NULL DEFAULT NULL COMMENT '业务状态',
  `create_user_id` bigint NULL DEFAULT NULL COMMENT '创建人',
  `create_time` datetime NULL DEFAULT NULL COMMENT '创建时间',
  `update_user_id` bigint NULL DEFAULT NULL COMMENT '修改人',
  `update_time` datetime NULL DEFAULT NULL COMMENT '修改时间',
  `status` int NULL DEFAULT NULL COMMENT '状态',
  PRIMARY KEY (`id`) USING BTREE
) ENGINE = InnoDB AUTO_INCREMENT = 5 CHARACTER SET = utf8 COLLATE = utf8_general_ci COMMENT = '租户表' ROW_FORMAT = DYNAMIC;

-- ----------------------------
-- Records of sys_tenant
-- ----------------------------
INSERT INTO `sys_tenant` VALUES (1, 'supply', '深圳供应链公司', 2, '2022-11-10 00:00:00', 1, '2022-11-11 00:00:00', '42a596f9271b4502a00b2cdf48d7795c', 1, NULL, '2022-11-10 17:15:16', NULL, NULL, 0);

-- ----------------------------
-- Table structure for sys_tenant_resource
-- ----------------------------
DROP TABLE IF EXISTS `sys_tenant_resource`;
CREATE TABLE `sys_tenant_resource`  (
  `id` bigint NOT NULL AUTO_INCREMENT COMMENT '主键ID',
  `tenant_id` bigint NULL DEFAULT NULL COMMENT '租户ID',
  `resource_id` bigint NULL DEFAULT NULL COMMENT '资源ID',
  `create_user_id` bigint NULL DEFAULT NULL COMMENT '创建人',
  `create_time` datetime NULL DEFAULT NULL COMMENT '创建时间',
  `update_user_id` bigint NULL DEFAULT NULL COMMENT '修改人',
  `update_time` datetime NULL DEFAULT NULL COMMENT '修改时间',
  `status` int NULL DEFAULT NULL COMMENT '状态',
  PRIMARY KEY (`id`) USING BTREE
) ENGINE = InnoDB AUTO_INCREMENT = 1109 CHARACTER SET = utf8mb4 COLLATE = utf8mb4_unicode_ci COMMENT = '租户资源关联关系--租户所拥有的资源权限' ROW_FORMAT = DYNAMIC;

-- ----------------------------
-- Records of sys_tenant_resource
-- ----------------------------
INSERT INTO `sys_tenant_resource` VALUES (1, 1, 9, NULL, '2022-11-10 17:15:16', NULL, NULL, 0);
INSERT INTO `sys_tenant_resource` VALUES (2, 1, 1, NULL, '2022-11-10 17:15:16', NULL, NULL, 0);
INSERT INTO `sys_tenant_resource` VALUES (3, 1, 13, NULL, '2022-11-10 17:15:16', NULL, NULL, 0);
INSERT INTO `sys_tenant_resource` VALUES (4, 1, 11, NULL, '2022-11-10 17:15:16', NULL, NULL, 0);
INSERT INTO `sys_tenant_resource` VALUES (5, 1, 12, NULL, '2022-11-10 17:15:16', NULL, NULL, 0);
INSERT INTO `sys_tenant_resource` VALUES (6, 1, 6, NULL, '2022-11-10 17:15:16', NULL, NULL, 0);
INSERT INTO `sys_tenant_resource` VALUES (7, 1, 7, NULL, '2022-11-10 17:15:16', NULL, NULL, 0);
INSERT INTO `sys_tenant_resource` VALUES (8, 1, 8, NULL, '2022-11-10 17:15:16', NULL, NULL, 0);
INSERT INTO `sys_tenant_resource` VALUES (9, 1, 10, NULL, '2022-11-10 17:15:16', NULL, NULL, 0);
INSERT INTO `sys_tenant_resource` VALUES (10, 1, 49, NULL, '2022-11-10 17:15:16', NULL, NULL, 0);
INSERT INTO `sys_tenant_resource` VALUES (11, 1, 4, NULL, '2022-11-10 17:15:16', NULL, NULL, 0);
INSERT INTO `sys_tenant_resource` VALUES (12, 1, 3, NULL, '2022-11-10 17:15:16', NULL, NULL, 0);
INSERT INTO `sys_tenant_resource` VALUES (13, 1, 2, NULL, '2022-11-10 17:15:16', NULL, NULL, 0);
INSERT INTO `sys_tenant_resource` VALUES (14, 1, 14, NULL, '2022-11-10 17:15:16', NULL, NULL, 0);
INSERT INTO `sys_tenant_resource` VALUES (15, 1, 15, NULL, '2022-11-10 17:15:16', NULL, NULL, 0);
INSERT INTO `sys_tenant_resource` VALUES (16, 1, 16, NULL, '2022-11-10 17:15:16', NULL, NULL, 0);
INSERT INTO `sys_tenant_resource` VALUES (17, 1, 17, NULL, '2022-11-10 17:15:16', NULL, NULL, 0);
INSERT INTO `sys_tenant_resource` VALUES (18, 1, 18, NULL, '2022-11-10 17:15:16', NULL, NULL, 0);
INSERT INTO `sys_tenant_resource` VALUES (19, 1, 19, NULL, '2022-11-10 17:15:16', NULL, NULL, 0);
INSERT INTO `sys_tenant_resource` VALUES (20, 1, 20, NULL, '2022-11-10 17:15:16', NULL, NULL, 0);
INSERT INTO `sys_tenant_resource` VALUES (21, 1, 21, NULL, '2022-11-10 17:15:16', NULL, NULL, 0);
INSERT INTO `sys_tenant_resource` VALUES (22, 1, 5, NULL, '2022-11-10 17:15:16', NULL, NULL, 0);
INSERT INTO `sys_tenant_resource` VALUES (23, 1, 23, NULL, '2022-11-10 17:15:16', NULL, NULL, 0);
INSERT INTO `sys_tenant_resource` VALUES (24, 1, 24, NULL, '2022-11-10 17:15:16', NULL, NULL, 0);
INSERT INTO `sys_tenant_resource` VALUES (25, 1, 25, NULL, '2022-11-10 17:15:16', NULL, NULL, 0);
INSERT INTO `sys_tenant_resource` VALUES (26, 1, 26, NULL, '2022-11-10 17:15:16', NULL, NULL, 0);
INSERT INTO `sys_tenant_resource` VALUES (27, 1, 29, NULL, '2022-11-10 17:15:16', NULL, NULL, 0);
INSERT INTO `sys_tenant_resource` VALUES (28, 1, 22, NULL, '2022-11-10 17:15:16', NULL, NULL, 0);
INSERT INTO `sys_tenant_resource` VALUES (29, 1, 74, NULL, '2022-11-10 17:15:16', NULL, NULL, 0);
INSERT INTO `sys_tenant_resource` VALUES (30, 1, 75, NULL, '2022-11-10 17:15:16', NULL, NULL, 0);
INSERT INTO `sys_tenant_resource` VALUES (31, 1, 76, NULL, '2022-11-10 17:15:16', NULL, NULL, 0);
INSERT INTO `sys_tenant_resource` VALUES (32, 1, 83, NULL, '2022-11-10 17:15:16', NULL, NULL, 0);
INSERT INTO `sys_tenant_resource` VALUES (33, 1, 84, NULL, '2022-11-10 17:15:16', NULL, NULL, 0);
INSERT INTO `sys_tenant_resource` VALUES (34, 1, 77, NULL, '2022-11-10 17:15:16', NULL, NULL, 0);
INSERT INTO `sys_tenant_resource` VALUES (35, 1, 78, NULL, '2022-11-10 17:15:16', NULL, NULL, 0);
INSERT INTO `sys_tenant_resource` VALUES (36, 1, 85, NULL, '2022-11-10 17:15:16', NULL, NULL, 0);
INSERT INTO `sys_tenant_resource` VALUES (37, 1, 79, NULL, '2022-11-10 17:15:16', NULL, NULL, 0);
INSERT INTO `sys_tenant_resource` VALUES (38, 1, 82, NULL, '2022-11-10 17:15:16', NULL, NULL, 0);
INSERT INTO `sys_tenant_resource` VALUES (39, 1, 80, NULL, '2022-11-10 17:15:16', NULL, NULL, 0);
INSERT INTO `sys_tenant_resource` VALUES (40, 1, 81, NULL, '2022-11-10 17:15:16', NULL, NULL, 0);
INSERT INTO `sys_tenant_resource` VALUES (41, 1, 28, NULL, '2022-11-10 17:15:16', NULL, NULL, 0);
INSERT INTO `sys_tenant_resource` VALUES (42, 1, 32, NULL, '2022-11-10 17:15:16', NULL, NULL, 0);
INSERT INTO `sys_tenant_resource` VALUES (43, 1, 39, NULL, '2022-11-10 17:15:16', NULL, NULL, 0);
INSERT INTO `sys_tenant_resource` VALUES (44, 1, 33, NULL, '2022-11-10 17:15:16', NULL, NULL, 0);
INSERT INTO `sys_tenant_resource` VALUES (45, 1, 34, NULL, '2022-11-10 17:15:16', NULL, NULL, 0);
INSERT INTO `sys_tenant_resource` VALUES (46, 1, 40, NULL, '2022-11-10 17:15:16', NULL, NULL, 0);
INSERT INTO `sys_tenant_resource` VALUES (47, 1, 31, NULL, '2022-11-10 17:15:16', NULL, NULL, 0);
INSERT INTO `sys_tenant_resource` VALUES (48, 1, 69, NULL, '2022-11-10 17:15:16', NULL, NULL, 0);
INSERT INTO `sys_tenant_resource` VALUES (49, 1, 70, NULL, '2022-11-10 17:15:16', NULL, NULL, 0);
INSERT INTO `sys_tenant_resource` VALUES (50, 1, 71, NULL, '2022-11-10 17:15:16', NULL, NULL, 0);
INSERT INTO `sys_tenant_resource` VALUES (51, 1, 72, NULL, '2022-11-10 17:15:16', NULL, NULL, 0);
INSERT INTO `sys_tenant_resource` VALUES (52, 1, 73, NULL, '2022-11-10 17:15:16', NULL, NULL, 0);
INSERT INTO `sys_tenant_resource` VALUES (53, 1, 68, NULL, '2022-11-10 17:15:16', NULL, NULL, 0);
INSERT INTO `sys_tenant_resource` VALUES (54, 1, 42, NULL, '2022-11-10 17:15:16', NULL, NULL, 0);
INSERT INTO `sys_tenant_resource` VALUES (55, 1, 43, NULL, '2022-11-10 17:15:16', NULL, NULL, 0);
INSERT INTO `sys_tenant_resource` VALUES (56, 1, 44, NULL, '2022-11-10 17:15:16', NULL, NULL, 0);
INSERT INTO `sys_tenant_resource` VALUES (57, 1, 45, NULL, '2022-11-10 17:15:16', NULL, NULL, 0);
INSERT INTO `sys_tenant_resource` VALUES (58, 1, 41, NULL, '2022-11-10 17:15:16', NULL, NULL, 0);
INSERT INTO `sys_tenant_resource` VALUES (59, 1, 37, NULL, '2022-11-10 17:15:16', NULL, NULL, 0);
INSERT INTO `sys_tenant_resource` VALUES (60, 1, 38, NULL, '2022-11-10 17:15:16', NULL, NULL, 0);
INSERT INTO `sys_tenant_resource` VALUES (61, 1, 46, NULL, '2022-11-10 17:15:16', NULL, NULL, 0);
INSERT INTO `sys_tenant_resource` VALUES (62, 1, 59, NULL, '2022-11-10 17:15:16', NULL, NULL, 0);
INSERT INTO `sys_tenant_resource` VALUES (63, 1, 60, NULL, '2022-11-10 17:15:16', NULL, NULL, 0);
INSERT INTO `sys_tenant_resource` VALUES (64, 1, 61, NULL, '2022-11-10 17:15:16', NULL, NULL, 0);
INSERT INTO `sys_tenant_resource` VALUES (65, 1, 66, NULL, '2022-11-10 17:15:16', NULL, NULL, 0);
INSERT INTO `sys_tenant_resource` VALUES (66, 1, 64, NULL, '2022-11-10 17:15:16', NULL, NULL, 0);
INSERT INTO `sys_tenant_resource` VALUES (67, 1, 47, NULL, '2022-11-10 17:15:16', NULL, NULL, 0);
INSERT INTO `sys_tenant_resource` VALUES (68, 1, 62, NULL, '2022-11-10 17:15:16', NULL, NULL, 0);
INSERT INTO `sys_tenant_resource` VALUES (69, 1, 67, NULL, '2022-11-10 17:15:16', NULL, NULL, 0);
INSERT INTO `sys_tenant_resource` VALUES (70, 1, 63, NULL, '2022-11-10 17:15:16', NULL, NULL, 0);
INSERT INTO `sys_tenant_resource` VALUES (71, 1, 65, NULL, '2022-11-10 17:15:16', NULL, NULL, 0);
INSERT INTO `sys_tenant_resource` VALUES (72, 1, 48, NULL, '2022-11-10 17:15:16', NULL, NULL, 0);

-- ----------------------------
-- Table structure for sys_user
-- ----------------------------
DROP TABLE IF EXISTS `sys_user`;
CREATE TABLE `sys_user`  (
  `id` bigint NOT NULL AUTO_INCREMENT,
  `account` varchar(255) CHARACTER SET utf8mb4 COLLATE utf8mb4_unicode_ci NULL DEFAULT NULL COMMENT '登录账号',
  `password` varchar(255) CHARACTER SET utf8mb4 COLLATE utf8mb4_unicode_ci NULL DEFAULT NULL COMMENT '登录密码',
  `telephone` varchar(255) CHARACTER SET utf8mb4 COLLATE utf8mb4_unicode_ci NULL DEFAULT NULL COMMENT '手机号',
  `name` varchar(255) CHARACTER SET utf8mb4 COLLATE utf8mb4_unicode_ci NULL DEFAULT NULL COMMENT '真实姓名',
  `sex` int NULL DEFAULT NULL COMMENT '性别',
  `avatar_id` bigint NULL DEFAULT NULL COMMENT '头像',
  `email` varchar(255) CHARACTER SET utf8mb4 COLLATE utf8mb4_unicode_ci NULL DEFAULT NULL COMMENT '邮箱',
  `description` text CHARACTER SET utf8mb4 COLLATE utf8mb4_general_ci NULL COMMENT '个人描述',
  `org_id` bigint NULL DEFAULT NULL COMMENT '组织id',
  `depart_id` bigint NULL DEFAULT NULL COMMENT '所属部门',
  `business_status` int NULL DEFAULT NULL COMMENT '业务状态',
  `is_manage` tinyint(1) NULL DEFAULT NULL COMMENT '是否管理员',
  `tenant_id` bigint NULL DEFAULT NULL COMMENT '租户ID',
  `create_user_id` bigint NULL DEFAULT NULL COMMENT '创建人',
  `create_time` datetime NULL DEFAULT NULL COMMENT '创建时间',
  `update_user_id` bigint NULL DEFAULT NULL COMMENT '修改人',
  `update_time` datetime NULL DEFAULT NULL COMMENT '修改时间',
  `status` int NULL DEFAULT NULL COMMENT '状态',
  PRIMARY KEY (`id`) USING BTREE
) ENGINE = InnoDB AUTO_INCREMENT = 13 CHARACTER SET = utf8mb4 COLLATE = utf8mb4_general_ci ROW_FORMAT = DYNAMIC;

-- ----------------------------
-- Records of sys_user
-- ----------------------------
INSERT INTO `sys_user` VALUES (1, 'admin', '$2a$10$uFDdGGWy9u/RTthGe5Vg4.FFMpvjnfZIBgX1HLgFA6vDtzJHaCuZu', '18007000000', '管理员', 1, 1590635711337758720, '5252@163.com', NULL, 1, NULL, 1, 1, 1, NULL, '2022-11-10 17:15:16', 1, '2022-11-10 17:21:21', 0);

-- ----------------------------
-- Table structure for sys_user_role
-- ----------------------------
DROP TABLE IF EXISTS `sys_user_role`;
CREATE TABLE `sys_user_role`  (
  `id` bigint NOT NULL AUTO_INCREMENT COMMENT '主键ID',
  `user_id` bigint NULL DEFAULT NULL COMMENT '用户ID',
  `role_id` bigint NULL DEFAULT NULL COMMENT '角色ID',
  `create_user_id` bigint NULL DEFAULT NULL COMMENT '创建人',
  `create_time` datetime NULL DEFAULT NULL COMMENT '创建时间',
  `update_user_id` bigint NULL DEFAULT NULL COMMENT '修改人',
  `update_time` datetime NULL DEFAULT NULL COMMENT '修改时间',
  `status` int NULL DEFAULT NULL COMMENT '状态',
  PRIMARY KEY (`id`) USING BTREE
) ENGINE = InnoDB AUTO_INCREMENT = 27 CHARACTER SET = utf8mb4 COLLATE = utf8mb4_general_ci COMMENT = '用户角色关联关系' ROW_FORMAT = DYNAMIC;

-- ----------------------------
-- Records of sys_user_role
-- ----------------------------
INSERT INTO `sys_user_role` VALUES (1, 1, 1, NULL, '2022-11-10 17:15:16', NULL, NULL, 0);

-- ----------------------------
-- Table structure for xxl_job_group
-- ----------------------------
DROP TABLE IF EXISTS `xxl_job_group`;
CREATE TABLE `xxl_job_group`  (
  `id` int NOT NULL AUTO_INCREMENT,
  `app_name` varchar(64) CHARACTER SET utf8mb4 COLLATE utf8mb4_0900_ai_ci NOT NULL COMMENT '执行器AppName',
  `title` varchar(12) CHARACTER SET utf8mb4 COLLATE utf8mb4_0900_ai_ci NOT NULL COMMENT '执行器名称',
  `address_type` tinyint NOT NULL DEFAULT 0 COMMENT '执行器地址类型：0=自动注册、1=手动录入',
  `address_list` text CHARACTER SET utf8mb4 COLLATE utf8mb4_0900_ai_ci NULL COMMENT '执行器地址列表，多地址逗号分隔',
  `update_time` datetime NULL DEFAULT NULL,
  PRIMARY KEY (`id`) USING BTREE
) ENGINE = InnoDB AUTO_INCREMENT = 4 CHARACTER SET = utf8mb4 COLLATE = utf8mb4_0900_ai_ci ROW_FORMAT = DYNAMIC;

-- ----------------------------
-- Records of xxl_job_group
-- ----------------------------
INSERT INTO `xxl_job_group` VALUES (1, 'xxl-job-executor-sample', '示例执行器', 0, NULL, '2022-10-09 09:34:55');
INSERT INTO `xxl_job_group` VALUES (3, 'supply-job', '统一调度中心', 0, NULL, '2022-10-09 09:34:55');

-- ----------------------------
-- Table structure for xxl_job_info
-- ----------------------------
DROP TABLE IF EXISTS `xxl_job_info`;
CREATE TABLE `xxl_job_info`  (
  `id` int NOT NULL AUTO_INCREMENT,
  `job_group` int NOT NULL COMMENT '执行器主键ID',
  `job_desc` varchar(255) CHARACTER SET utf8mb4 COLLATE utf8mb4_0900_ai_ci NOT NULL,
  `add_time` datetime NULL DEFAULT NULL,
  `update_time` datetime NULL DEFAULT NULL,
  `author` varchar(64) CHARACTER SET utf8mb4 COLLATE utf8mb4_0900_ai_ci NULL DEFAULT NULL COMMENT '作者',
  `alarm_email` varchar(255) CHARACTER SET utf8mb4 COLLATE utf8mb4_0900_ai_ci NULL DEFAULT NULL COMMENT '报警邮件',
  `schedule_type` varchar(50) CHARACTER SET utf8mb4 COLLATE utf8mb4_0900_ai_ci NOT NULL DEFAULT 'NONE' COMMENT '调度类型',
  `schedule_conf` varchar(128) CHARACTER SET utf8mb4 COLLATE utf8mb4_0900_ai_ci NULL DEFAULT NULL COMMENT '调度配置，值含义取决于调度类型',
  `misfire_strategy` varchar(50) CHARACTER SET utf8mb4 COLLATE utf8mb4_0900_ai_ci NOT NULL DEFAULT 'DO_NOTHING' COMMENT '调度过期策略',
  `executor_route_strategy` varchar(50) CHARACTER SET utf8mb4 COLLATE utf8mb4_0900_ai_ci NULL DEFAULT NULL COMMENT '执行器路由策略',
  `executor_handler` varchar(255) CHARACTER SET utf8mb4 COLLATE utf8mb4_0900_ai_ci NULL DEFAULT NULL COMMENT '执行器任务handler',
  `executor_param` varchar(512) CHARACTER SET utf8mb4 COLLATE utf8mb4_0900_ai_ci NULL DEFAULT NULL COMMENT '执行器任务参数',
  `executor_block_strategy` varchar(50) CHARACTER SET utf8mb4 COLLATE utf8mb4_0900_ai_ci NULL DEFAULT NULL COMMENT '阻塞处理策略',
  `executor_timeout` int NOT NULL DEFAULT 0 COMMENT '任务执行超时时间，单位秒',
  `executor_fail_retry_count` int NOT NULL DEFAULT 0 COMMENT '失败重试次数',
  `glue_type` varchar(50) CHARACTER SET utf8mb4 COLLATE utf8mb4_0900_ai_ci NOT NULL COMMENT 'GLUE类型',
  `glue_source` mediumtext CHARACTER SET utf8mb4 COLLATE utf8mb4_0900_ai_ci NULL COMMENT 'GLUE源代码',
  `glue_remark` varchar(128) CHARACTER SET utf8mb4 COLLATE utf8mb4_0900_ai_ci NULL DEFAULT NULL COMMENT 'GLUE备注',
  `glue_updatetime` datetime NULL DEFAULT NULL COMMENT 'GLUE更新时间',
  `child_jobid` varchar(255) CHARACTER SET utf8mb4 COLLATE utf8mb4_0900_ai_ci NULL DEFAULT NULL COMMENT '子任务ID，多个逗号分隔',
  `trigger_status` tinyint NOT NULL DEFAULT 0 COMMENT '调度状态：0-停止，1-运行',
  `trigger_last_time` bigint NOT NULL DEFAULT 0 COMMENT '上次调度时间',
  `trigger_next_time` bigint NOT NULL DEFAULT 0 COMMENT '下次调度时间',
  PRIMARY KEY (`id`) USING BTREE
) ENGINE = InnoDB AUTO_INCREMENT = 6 CHARACTER SET = utf8mb4 COLLATE = utf8mb4_0900_ai_ci ROW_FORMAT = DYNAMIC;

-- ----------------------------
-- Records of xxl_job_info
-- ----------------------------
INSERT INTO `xxl_job_info` VALUES (1, 1, '测试任务1', '2018-11-03 22:21:31', '2018-11-03 22:21:31', 'XXL', '', 'CRON', '0 0 0 * * ? *', 'DO_NOTHING', 'FIRST', 'demoJobHandler', '', 'SERIAL_EXECUTION', 0, 0, 'BEAN', '', 'GLUE代码初始化', '2018-11-03 22:21:31', '', 0, 0, 0);
INSERT INTO `xxl_job_info` VALUES (2, 1, '租户过期', '2022-08-31 10:12:29', '2022-08-31 10:12:29', 'SUPPLY', '', 'CRON', '0 0 0 * * ?', 'DO_NOTHING', 'ROUND', 'tenantJobHandler', '', 'SERIAL_EXECUTION', 0, 0, 'BEAN', '', 'GLUE代码初始化', '2022-08-31 10:12:29', '', 0, 0, 0);
INSERT INTO `xxl_job_info` VALUES (4, 3, '租户过期', '2022-08-31 15:37:06', '2022-09-01 18:46:03', 'SUPPLY', '', 'CRON', '0 1 0 * * ?', 'DO_NOTHING', 'FIRST', 'expireTenantJobHandler', '', 'SERIAL_EXECUTION', 0, 0, 'BEAN', '', 'GLUE代码初始化', '2022-08-31 15:37:06', '', 0, 0, 0);
INSERT INTO `xxl_job_info` VALUES (5, 3, '未关联附件删除', '2022-09-23 09:53:07', '2022-09-23 09:53:07', 'SUPPLY', '', 'CRON', '0 2 0 * * ?', 'DO_NOTHING', 'FIRST', 'delUnRelationAttachmentJobHandler', '', 'SERIAL_EXECUTION', 0, 0, 'BEAN', '', 'GLUE代码初始化', '2022-09-23 09:53:07', '', 0, 0, 0);

-- ----------------------------
-- Table structure for xxl_job_lock
-- ----------------------------
DROP TABLE IF EXISTS `xxl_job_lock`;
CREATE TABLE `xxl_job_lock`  (
  `lock_name` varchar(50) CHARACTER SET utf8mb4 COLLATE utf8mb4_0900_ai_ci NOT NULL COMMENT '锁名称',
  PRIMARY KEY (`lock_name`) USING BTREE
) ENGINE = InnoDB CHARACTER SET = utf8mb4 COLLATE = utf8mb4_0900_ai_ci ROW_FORMAT = DYNAMIC;

-- ----------------------------
-- Records of xxl_job_lock
-- ----------------------------
INSERT INTO `xxl_job_lock` VALUES ('schedule_lock');

-- ----------------------------
-- Table structure for xxl_job_log
-- ----------------------------
DROP TABLE IF EXISTS `xxl_job_log`;
CREATE TABLE `xxl_job_log`  (
  `id` bigint NOT NULL AUTO_INCREMENT,
  `job_group` int NOT NULL COMMENT '执行器主键ID',
  `job_id` int NOT NULL COMMENT '任务，主键ID',
  `executor_address` varchar(255) CHARACTER SET utf8mb4 COLLATE utf8mb4_0900_ai_ci NULL DEFAULT NULL COMMENT '执行器地址，本次执行的地址',
  `executor_handler` varchar(255) CHARACTER SET utf8mb4 COLLATE utf8mb4_0900_ai_ci NULL DEFAULT NULL COMMENT '执行器任务handler',
  `executor_param` varchar(512) CHARACTER SET utf8mb4 COLLATE utf8mb4_0900_ai_ci NULL DEFAULT NULL COMMENT '执行器任务参数',
  `executor_sharding_param` varchar(20) CHARACTER SET utf8mb4 COLLATE utf8mb4_0900_ai_ci NULL DEFAULT NULL COMMENT '执行器任务分片参数，格式如 1/2',
  `executor_fail_retry_count` int NOT NULL DEFAULT 0 COMMENT '失败重试次数',
  `trigger_time` datetime NULL DEFAULT NULL COMMENT '调度-时间',
  `trigger_code` int NOT NULL COMMENT '调度-结果',
  `trigger_msg` text CHARACTER SET utf8mb4 COLLATE utf8mb4_0900_ai_ci NULL COMMENT '调度-日志',
  `handle_time` datetime NULL DEFAULT NULL COMMENT '执行-时间',
  `handle_code` int NOT NULL COMMENT '执行-状态',
  `handle_msg` text CHARACTER SET utf8mb4 COLLATE utf8mb4_0900_ai_ci NULL COMMENT '执行-日志',
  `alarm_status` tinyint NOT NULL DEFAULT 0 COMMENT '告警状态：0-默认、1-无需告警、2-告警成功、3-告警失败',
  PRIMARY KEY (`id`) USING BTREE,
  INDEX `I_trigger_time`(`trigger_time`) USING BTREE,
  INDEX `I_handle_code`(`handle_code`) USING BTREE
) ENGINE = InnoDB AUTO_INCREMENT = 19 CHARACTER SET = utf8mb4 COLLATE = utf8mb4_0900_ai_ci ROW_FORMAT = DYNAMIC;

-- ----------------------------
-- Records of xxl_job_log
-- ----------------------------

-- ----------------------------
-- Table structure for xxl_job_log_report
-- ----------------------------
DROP TABLE IF EXISTS `xxl_job_log_report`;
CREATE TABLE `xxl_job_log_report`  (
  `id` int NOT NULL AUTO_INCREMENT,
  `trigger_day` datetime NULL DEFAULT NULL COMMENT '调度-时间',
  `running_count` int NOT NULL DEFAULT 0 COMMENT '运行中-日志数量',
  `suc_count` int NOT NULL DEFAULT 0 COMMENT '执行成功-日志数量',
  `fail_count` int NOT NULL DEFAULT 0 COMMENT '执行失败-日志数量',
  `update_time` datetime NULL DEFAULT NULL,
  PRIMARY KEY (`id`) USING BTREE,
  UNIQUE INDEX `i_trigger_day`(`trigger_day`) USING BTREE
) ENGINE = InnoDB AUTO_INCREMENT = 14 CHARACTER SET = utf8mb4 COLLATE = utf8mb4_0900_ai_ci ROW_FORMAT = DYNAMIC;

-- ----------------------------
-- Records of xxl_job_log_report
-- ----------------------------
INSERT INTO `xxl_job_log_report` VALUES (1, '2022-08-31 00:00:00', 0, 1, 1, NULL);
INSERT INTO `xxl_job_log_report` VALUES (2, '2022-08-30 00:00:00', 0, 0, 0, NULL);
INSERT INTO `xxl_job_log_report` VALUES (3, '2022-08-29 00:00:00', 0, 0, 0, NULL);
INSERT INTO `xxl_job_log_report` VALUES (4, '2022-09-01 00:00:00', 0, 0, 0, NULL);
INSERT INTO `xxl_job_log_report` VALUES (5, '2022-09-20 00:00:00', 0, 0, 0, NULL);
INSERT INTO `xxl_job_log_report` VALUES (6, '2022-09-19 00:00:00', 0, 0, 0, NULL);
INSERT INTO `xxl_job_log_report` VALUES (7, '2022-09-18 00:00:00', 0, 0, 0, NULL);
INSERT INTO `xxl_job_log_report` VALUES (8, '2022-09-23 00:00:00', 0, 0, 0, NULL);
INSERT INTO `xxl_job_log_report` VALUES (9, '2022-09-22 00:00:00', 0, 0, 0, NULL);
INSERT INTO `xxl_job_log_report` VALUES (10, '2022-09-21 00:00:00', 0, 0, 0, NULL);
INSERT INTO `xxl_job_log_report` VALUES (11, '2022-10-09 00:00:00', 0, 0, 0, NULL);
INSERT INTO `xxl_job_log_report` VALUES (12, '2022-10-08 00:00:00', 0, 0, 0, NULL);
INSERT INTO `xxl_job_log_report` VALUES (13, '2022-10-07 00:00:00', 0, 0, 0, NULL);

-- ----------------------------
-- Table structure for xxl_job_logglue
-- ----------------------------
DROP TABLE IF EXISTS `xxl_job_logglue`;
CREATE TABLE `xxl_job_logglue`  (
  `id` int NOT NULL AUTO_INCREMENT,
  `job_id` int NOT NULL COMMENT '任务，主键ID',
  `glue_type` varchar(50) CHARACTER SET utf8mb4 COLLATE utf8mb4_0900_ai_ci NULL DEFAULT NULL COMMENT 'GLUE类型',
  `glue_source` mediumtext CHARACTER SET utf8mb4 COLLATE utf8mb4_0900_ai_ci NULL COMMENT 'GLUE源代码',
  `glue_remark` varchar(128) CHARACTER SET utf8mb4 COLLATE utf8mb4_0900_ai_ci NOT NULL COMMENT 'GLUE备注',
  `add_time` datetime NULL DEFAULT NULL,
  `update_time` datetime NULL DEFAULT NULL,
  PRIMARY KEY (`id`) USING BTREE
) ENGINE = InnoDB AUTO_INCREMENT = 1 CHARACTER SET = utf8mb4 COLLATE = utf8mb4_0900_ai_ci ROW_FORMAT = DYNAMIC;

-- ----------------------------
-- Records of xxl_job_logglue
-- ----------------------------

-- ----------------------------
-- Table structure for xxl_job_registry
-- ----------------------------
DROP TABLE IF EXISTS `xxl_job_registry`;
CREATE TABLE `xxl_job_registry`  (
  `id` int NOT NULL AUTO_INCREMENT,
  `registry_group` varchar(50) CHARACTER SET utf8mb4 COLLATE utf8mb4_0900_ai_ci NOT NULL,
  `registry_key` varchar(255) CHARACTER SET utf8mb4 COLLATE utf8mb4_0900_ai_ci NOT NULL,
  `registry_value` varchar(255) CHARACTER SET utf8mb4 COLLATE utf8mb4_0900_ai_ci NOT NULL,
  `update_time` datetime NULL DEFAULT NULL,
  PRIMARY KEY (`id`) USING BTREE,
  INDEX `i_g_k_v`(`registry_group`, `registry_key`, `registry_value`) USING BTREE
) ENGINE = InnoDB AUTO_INCREMENT = 10 CHARACTER SET = utf8mb4 COLLATE = utf8mb4_0900_ai_ci ROW_FORMAT = DYNAMIC;

-- ----------------------------
-- Records of xxl_job_registry
-- ----------------------------

-- ----------------------------
-- Table structure for xxl_job_user
-- ----------------------------
DROP TABLE IF EXISTS `xxl_job_user`;
CREATE TABLE `xxl_job_user`  (
  `id` int NOT NULL AUTO_INCREMENT,
  `username` varchar(50) CHARACTER SET utf8mb4 COLLATE utf8mb4_0900_ai_ci NOT NULL COMMENT '账号',
  `password` varchar(50) CHARACTER SET utf8mb4 COLLATE utf8mb4_0900_ai_ci NOT NULL COMMENT '密码',
  `role` tinyint NOT NULL COMMENT '角色：0-普通用户、1-管理员',
  `permission` varchar(255) CHARACTER SET utf8mb4 COLLATE utf8mb4_0900_ai_ci NULL DEFAULT NULL COMMENT '权限：执行器ID列表，多个逗号分割',
  PRIMARY KEY (`id`) USING BTREE,
  UNIQUE INDEX `i_username`(`username`) USING BTREE
) ENGINE = InnoDB AUTO_INCREMENT = 2 CHARACTER SET = utf8mb4 COLLATE = utf8mb4_0900_ai_ci ROW_FORMAT = DYNAMIC;

-- ----------------------------
-- Records of xxl_job_user
-- ----------------------------
INSERT INTO `xxl_job_user` VALUES (1, 'admin', 'e10adc3949ba59abbe56e057f20f883e', 1, NULL);

SET FOREIGN_KEY_CHECKS = 1;
