/*
 Navicat Premium Data Transfer

 Source Server         : 192.168.5.144
 Source Server Type    : MySQL
 Source Server Version : 80022
 Source Host           : 192.168.5.144:3306
 Source Schema         : supply

 Target Server Type    : MySQL
 Target Server Version : 80022
 File Encoding         : 65001

 Date: 17/10/2023 18:03:25
*/

SET NAMES utf8mb4;
SET FOREIGN_KEY_CHECKS = 0;

-- ----------------------------
-- Table structure for business_work_leave
-- ----------------------------
DROP TABLE IF EXISTS `business_work_leave`;
CREATE TABLE `business_work_leave`  (
  `id` bigint NOT NULL AUTO_INCREMENT COMMENT '主键ID',
  `apply_user_id` bigint NULL DEFAULT NULL COMMENT '申请人ID',
  `apply_user_name` varchar(255) CHARACTER SET utf8mb4 COLLATE utf8mb4_unicode_ci NULL DEFAULT NULL COMMENT '申请人名称',
  `start_time` datetime NULL DEFAULT NULL COMMENT '开始时间',
  `end_time` datetime NULL DEFAULT NULL COMMENT '结束时间',
  `days` int NULL DEFAULT NULL COMMENT '天数',
  `remark` varchar(255) CHARACTER SET utf8mb4 COLLATE utf8mb4_unicode_ci NULL DEFAULT NULL COMMENT '备注',
  `business_id` varchar(255) CHARACTER SET utf8mb4 COLLATE utf8mb4_unicode_ci NULL DEFAULT NULL COMMENT '业务唯一ID',
  `business_status` int NULL DEFAULT NULL COMMENT '业务状态',
  `tenant_id` bigint NULL DEFAULT NULL COMMENT '租户ID',
  `create_user_id` bigint NULL DEFAULT NULL COMMENT '创建人',
  `create_time` datetime NULL DEFAULT NULL COMMENT '创建时间',
  `update_user_id` bigint NULL DEFAULT NULL COMMENT '修改人',
  `update_time` datetime NULL DEFAULT NULL COMMENT '修改时间',
  `status` int NULL DEFAULT NULL COMMENT '状态',
  PRIMARY KEY (`id`) USING BTREE
) ENGINE = InnoDB AUTO_INCREMENT = 4 CHARACTER SET = utf8mb4 COLLATE = utf8mb4_unicode_ci COMMENT = '业务流程测试----请假' ROW_FORMAT = Dynamic;

-- ----------------------------
-- Records of business_work_leave
-- ----------------------------
INSERT INTO `business_work_leave` VALUES (1, 13, '管理员', '2023-07-04 11:09:12', '2023-07-05 00:00:00', 1, NULL, '1676065618652172288', 1, 5, 13, '2023-07-04 11:09:18', NULL, NULL, 0);
INSERT INTO `business_work_leave` VALUES (2, 13, '管理员', '2023-07-11 00:00:00', '2023-07-28 00:00:00', 5, '测试用', '1676538108365115392', 2, 5, 13, '2023-07-05 18:26:48', NULL, '2023-07-06 11:48:54', 0);
INSERT INTO `business_work_leave` VALUES (3, 13, '管理员', '2023-07-06 15:09:05', '2023-07-29 00:00:00', 10, '流程转交功能测试', '1676850820345368576', 2, 5, 13, '2023-07-06 15:09:25', NULL, '2023-07-06 15:31:04', 0);

-- ----------------------------
-- Table structure for file_attachment
-- ----------------------------
DROP TABLE IF EXISTS `file_attachment`;
CREATE TABLE `file_attachment`  (
  `id` bigint NOT NULL AUTO_INCREMENT COMMENT '主键ID',
  `name` varchar(255) CHARACTER SET utf8mb4 COLLATE utf8mb4_unicode_ci NULL DEFAULT NULL COMMENT '附件名称',
  `path_group` varchar(255) CHARACTER SET utf8mb4 COLLATE utf8mb4_unicode_ci NULL DEFAULT NULL COMMENT '附件所在组',
  `path` varchar(255) CHARACTER SET utf8mb4 COLLATE utf8mb4_unicode_ci NULL DEFAULT NULL COMMENT '附件地址',
  `extension_name` varchar(10) CHARACTER SET utf8mb4 COLLATE utf8mb4_unicode_ci NULL DEFAULT NULL COMMENT '附件拓展名',
  `size` bigint NULL DEFAULT NULL COMMENT '附件大小',
  `business_id` bigint NULL DEFAULT NULL COMMENT '业务ID',
  `business_status` int NULL DEFAULT NULL COMMENT '业务状态',
  `create_user_id` bigint NULL DEFAULT NULL COMMENT '创建人',
  `create_time` datetime NULL DEFAULT NULL COMMENT '创建时间',
  `update_user_id` bigint NULL DEFAULT NULL COMMENT '修改人',
  `update_time` datetime NULL DEFAULT NULL COMMENT '修改时间',
  `status` int NULL DEFAULT NULL COMMENT '状态',
  PRIMARY KEY (`id`) USING BTREE
) ENGINE = InnoDB AUTO_INCREMENT = 34 CHARACTER SET = utf8mb4 COLLATE = utf8mb4_unicode_ci COMMENT = '附件表' ROW_FORMAT = Dynamic;

-- ----------------------------
-- Records of file_attachment
-- ----------------------------
INSERT INTO `file_attachment` VALUES (1, '1a3063208540x4016808991b26.jpg', 'group1', 'M00/00/5C/wKgFcGNswmKAXIPZAAAjQ7vGuaM362.jpg', 'jpg', 9027, 1590635711337758720, 5, NULL, '2022-11-10 17:20:57', NULL, '2022-11-10 17:21:21', 0);
INSERT INTO `file_attachment` VALUES (25, '1572776137237463040.jpg', 'group1', 'M00/00/00/wKgFQWN7NgOAdEzAAAE866Dckdc444.jpg', 'jpg', 81131, NULL, 4, NULL, '2022-11-21 16:26:22', NULL, NULL, 0);
INSERT INTO `file_attachment` VALUES (26, '1572776137237463040.jpg', 'group1', 'M00/00/00/CgAIA2N7T6SAe169AAE866Dckdc798.jpg', 'jpg', 81131, NULL, 4, NULL, '2022-11-21 18:15:43', NULL, NULL, 0);
INSERT INTO `file_attachment` VALUES (27, '1572776137237463040.jpg', 'group1', 'M00/00/00/CgAIA2N7T7-AWirHAAE866Dckdc577.jpg', 'jpg', 81131, NULL, 4, NULL, '2022-11-21 18:16:11', NULL, NULL, 0);
INSERT INTO `file_attachment` VALUES (28, '1a3063208540x4016808991b26.jpg', 'group1', 'M00/00/60/wKgFcGN_ESOAdZjZAAAjQ7vGuaM713.jpg', 'jpg', 9027, NULL, 4, NULL, '2022-11-24 14:37:23', 13, '2022-11-24 14:38:18', 1);
INSERT INTO `file_attachment` VALUES (29, '1a3063208540x4016808991b26.jpg', 'group1', 'M00/00/60/wKgFcGN_EV2AW2YwAAAjQ7vGuaM984.jpg', 'jpg', 9027, NULL, 4, NULL, '2022-11-24 14:38:21', NULL, NULL, 0);
INSERT INTO `file_attachment` VALUES (30, '1a3063208540x4016808991b26.jpg', 'group1', 'M00/00/60/wKgFcGN_EX6AXPXGAAAjQ7vGuaM772.jpg', 'jpg', 9027, NULL, 4, NULL, '2022-11-24 14:38:54', NULL, NULL, 0);
INSERT INTO `file_attachment` VALUES (31, '1a3063208540x4016808991b26.jpg', 'group1', 'M00/00/60/wKgFcGN_EZSAbgmBAAAjQ7vGuaM937.jpg', 'jpg', 9027, NULL, 4, NULL, '2022-11-24 14:39:15', 13, '2022-11-24 14:39:34', 1);
INSERT INTO `file_attachment` VALUES (32, '1a3063208540x4016808991b26.jpg', 'group1', 'M00/00/60/wKgFcGN_EayAJIg0AAAjQ7vGuaM428.jpg', 'jpg', 9027, NULL, 4, NULL, '2022-11-24 14:39:39', 13, '2022-11-24 14:40:43', 1);
INSERT INTO `file_attachment` VALUES (33, '1a3063208540x4016808991b26.jpg', 'group1', 'M00/00/60/wKgFcGN_EfOAJ0NOAAAjQ7vGuaM801.jpg', 'jpg', 9027, 1595668838942752768, 5, NULL, '2022-11-24 14:40:50', 13, '2023-10-17 14:14:44', 1);
INSERT INTO `file_attachment` VALUES (34, '1a3063208540x4016808991b26.jpg', 'group1', 'M00/00/A2/wKgFcGUuJk-AbUwNAAAjQ7vGuaM134.jpg', 'jpg', 9027, 1595668838942752768, 302, NULL, '2023-10-17 14:14:39', 13, '2023-10-17 14:14:44', 0);

-- ----------------------------
-- Table structure for msg_content_info
-- ----------------------------
DROP TABLE IF EXISTS `msg_content_info`;
CREATE TABLE `msg_content_info`  (
  `id` bigint NOT NULL AUTO_INCREMENT COMMENT '主键ID',
  `template_id` bigint NULL DEFAULT NULL COMMENT '模板ID',
  `msg_type` int NULL DEFAULT NULL COMMENT '消息通告对象',
  `notify_type` int NULL DEFAULT NULL COMMENT '消息通知类型',
  `title` varchar(128) CHARACTER SET utf8mb4 COLLATE utf8mb4_general_ci NULL DEFAULT NULL COMMENT '消息标题',
  `content` text CHARACTER SET utf8mb4 COLLATE utf8mb4_general_ci NULL COMMENT '消息内容',
  `detail_url` varchar(255) CHARACTER SET utf8mb4 COLLATE utf8mb4_general_ci NULL DEFAULT NULL COMMENT '详情URL',
  `receiver_user_id` bigint NULL DEFAULT NULL COMMENT '消息接收人',
  `business_status` int NULL DEFAULT NULL COMMENT '业务状态',
  `create_user_id` bigint NULL DEFAULT NULL COMMENT '创建人',
  `create_time` datetime NULL DEFAULT NULL COMMENT '创建时间',
  `update_user_id` bigint NULL DEFAULT NULL COMMENT '修改人',
  `update_time` datetime NULL DEFAULT NULL COMMENT '修改时间',
  `status` int NULL DEFAULT NULL COMMENT '状态',
  PRIMARY KEY (`id`) USING BTREE
) ENGINE = InnoDB AUTO_INCREMENT = 27 CHARACTER SET = utf8mb4 COLLATE = utf8mb4_general_ci COMMENT = '消息内容' ROW_FORMAT = Dynamic;

-- ----------------------------
-- Records of msg_content_info
-- ----------------------------
INSERT INTO `msg_content_info` VALUES (26, 11, 1, 1, '订单2022111600001创建成功', '<p>你好：</p><p>&nbsp; &nbsp;你的订单2022111600001创建成功,请前往<font color=\"#c24f4a\"><a  href=\"/role-auth?id=8\">查看</a></font>！</p>', '/role-auth?id=8', 13, 7, 13, '2022-11-16 17:53:12', 13, '2022-11-16 17:53:42', 0);

-- ----------------------------
-- Table structure for msg_template_info
-- ----------------------------
DROP TABLE IF EXISTS `msg_template_info`;
CREATE TABLE `msg_template_info`  (
  `id` bigint NOT NULL AUTO_INCREMENT COMMENT '主键ID',
  `code` varchar(32) CHARACTER SET utf8mb4 COLLATE utf8mb4_general_ci NULL DEFAULT NULL COMMENT '模板编码',
  `title` varchar(128) CHARACTER SET utf8mb4 COLLATE utf8mb4_general_ci NULL DEFAULT NULL COMMENT '模板标题',
  `detail_url` varchar(255) CHARACTER SET utf8mb4 COLLATE utf8mb4_general_ci NULL DEFAULT NULL COMMENT '详情URL',
  `msg_type` int NULL DEFAULT NULL COMMENT '模板类型',
  `publish_msg_notify_type` int NULL DEFAULT NULL COMMENT '公告消息通知类型',
  `create_user_id` bigint NULL DEFAULT NULL COMMENT '创建人',
  `create_time` datetime NULL DEFAULT NULL COMMENT '创建时间',
  `update_user_id` bigint NULL DEFAULT NULL COMMENT '修改人',
  `update_time` datetime NULL DEFAULT NULL COMMENT '修改时间',
  `status` int NULL DEFAULT NULL COMMENT '状态',
  PRIMARY KEY (`id`) USING BTREE
) ENGINE = InnoDB AUTO_INCREMENT = 12 CHARACTER SET = utf8mb4 COLLATE = utf8mb4_general_ci COMMENT = '消息模板' ROW_FORMAT = Dynamic;

-- ----------------------------
-- Records of msg_template_info
-- ----------------------------
INSERT INTO `msg_template_info` VALUES (11, 'owner_test', '订单#{orderNo}创建成功', '/role-auth?id=#{id}', 1, NULL, 13, '2022-11-16 17:50:30', NULL, NULL, 0);

-- ----------------------------
-- Table structure for msg_template_notify
-- ----------------------------
DROP TABLE IF EXISTS `msg_template_notify`;
CREATE TABLE `msg_template_notify`  (
  `id` bigint NOT NULL AUTO_INCREMENT COMMENT '主键ID',
  `template_id` int NULL DEFAULT NULL COMMENT '模板ID',
  `notify_type` int NULL DEFAULT NULL COMMENT '通知方式',
  `notify_template` text CHARACTER SET utf8mb4 COLLATE utf8mb4_unicode_ci NULL COMMENT '通知内容模板',
  `create_user_id` bigint NULL DEFAULT NULL COMMENT '创建人',
  `create_time` datetime NULL DEFAULT NULL COMMENT '创建时间',
  `update_user_id` bigint NULL DEFAULT NULL COMMENT '修改人',
  `update_time` datetime NULL DEFAULT NULL COMMENT '修改时间',
  `status` int NULL DEFAULT NULL COMMENT '状态',
  PRIMARY KEY (`id`) USING BTREE
) ENGINE = InnoDB AUTO_INCREMENT = 21 CHARACTER SET = utf8mb4 COLLATE = utf8mb4_unicode_ci COMMENT = '消息通知方式' ROW_FORMAT = Dynamic;

-- ----------------------------
-- Records of msg_template_notify
-- ----------------------------
INSERT INTO `msg_template_notify` VALUES (20, 11, 1, '<p>你好：</p><p>&nbsp; &nbsp;你的订单#{orderNo}创建成功,请前往<font color=\"#c24f4a\"><a  href=\"/role-auth?id=#{id}\">查看</a></font>！</p>', 13, '2022-11-16 17:50:30', NULL, NULL, 0);

-- ----------------------------
-- Table structure for msg_template_tenant
-- ----------------------------
DROP TABLE IF EXISTS `msg_template_tenant`;
CREATE TABLE `msg_template_tenant`  (
  `id` bigint NOT NULL AUTO_INCREMENT COMMENT '主键ID',
  `template_id` bigint NULL DEFAULT NULL COMMENT '模板ID',
  `tenant_id` bigint NULL DEFAULT NULL COMMENT '租户ID',
  `create_user_id` bigint NULL DEFAULT NULL COMMENT '创建人',
  `create_time` datetime NULL DEFAULT NULL COMMENT '创建时间',
  `update_user_id` bigint NULL DEFAULT NULL COMMENT '修改人',
  `update_time` datetime NULL DEFAULT NULL COMMENT '修改时间',
  `status` int NULL DEFAULT NULL COMMENT '状态',
  PRIMARY KEY (`id`) USING BTREE
) ENGINE = InnoDB CHARACTER SET = utf8mb4 COLLATE = utf8mb4_unicode_ci COMMENT = '消息类型为公共消息且通知方式为指定租户时关联关系' ROW_FORMAT = Dynamic;

-- ----------------------------
-- Records of msg_template_tenant
-- ----------------------------

-- ----------------------------
-- Table structure for oauth_access_token
-- ----------------------------
DROP TABLE IF EXISTS `oauth_access_token`;
CREATE TABLE `oauth_access_token`  (
  `token_id` varchar(255) CHARACTER SET utf8 COLLATE utf8_general_ci NULL DEFAULT NULL,
  `token` longblob NULL,
  `authentication_id` varchar(255) CHARACTER SET utf8 COLLATE utf8_general_ci NULL DEFAULT NULL,
  `user_name` varchar(255) CHARACTER SET utf8 COLLATE utf8_general_ci NULL DEFAULT NULL,
  `client_id` varchar(255) CHARACTER SET utf8 COLLATE utf8_general_ci NULL DEFAULT NULL,
  `authentication` longblob NULL,
  `refresh_token` varchar(255) CHARACTER SET utf8 COLLATE utf8_general_ci NULL DEFAULT NULL
) ENGINE = InnoDB CHARACTER SET = utf8 COLLATE = utf8_general_ci ROW_FORMAT = Dynamic;

-- ----------------------------
-- Records of oauth_access_token
-- ----------------------------
INSERT INTO `oauth_access_token` VALUES ('ac4556258011ac71c79be0fad4d20caa', 0xACED0005737200436F72672E737072696E676672616D65776F726B2E73656375726974792E6F61757468322E636F6D6D6F6E2E44656661756C744F4175746832416363657373546F6B656E0CB29E361B24FACE0200064C00156164646974696F6E616C496E666F726D6174696F6E74000F4C6A6176612F7574696C2F4D61703B4C000A65787069726174696F6E7400104C6A6176612F7574696C2F446174653B4C000C72656672657368546F6B656E74003F4C6F72672F737072696E676672616D65776F726B2F73656375726974792F6F61757468322F636F6D6D6F6E2F4F417574683252656672657368546F6B656E3B4C000573636F706574000F4C6A6176612F7574696C2F5365743B4C0009746F6B656E547970657400124C6A6176612F6C616E672F537472696E673B4C000576616C756571007E00057870737200176A6176612E7574696C2E4C696E6B6564486173684D617034C04E5C106CC0FB0200015A000B6163636573734F72646572787200116A6176612E7574696C2E486173684D61700507DAC1C31660D103000246000A6C6F6164466163746F724900097468726573686F6C6478703F40000000000001770800000002000000017400036A746974002466613462323139612D663364652D346263312D626233322D32386231383931336531613578007372000E6A6176612E7574696C2E44617465686A81014B5974190300007870770800000188D6C9A1CE787372004C6F72672E737072696E676672616D65776F726B2E73656375726974792E6F61757468322E636F6D6D6F6E2E44656661756C744578706972696E674F417574683252656672657368546F6B656E2FDF47639DD0C9B70200014C000A65787069726174696F6E71007E0002787200446F72672E737072696E676672616D65776F726B2E73656375726974792E6F61757468322E636F6D6D6F6E2E44656661756C744F417574683252656672657368546F6B656E73E10E0A6354D45E0200014C000576616C756571007E0005787074016565794A68624763694F694A49557A49314E694973496E523563434936496B705856434A392E65794A68645751694F6C736959577873496C3073496E567A5A584A66626D46745A534936496D466B62576C754A6A45694C434A7A593239775A53493657794A68624777695853776959585270496A6F695A6D4530596A49784F5745745A6A4E6B5A533030596D4D784C574A694D7A49744D6A68694D5467354D544E6C4D574531496977695A586877496A6F784E6A67334D7A41354F5445344C434A7164476B694F694930595759335A574A6C597930784F5455774C5451775A6A4974595449794D69307A5A47526C4E444930596A49324E3251694C434A6A62476C6C626E5266615751694F6949304D6D45314F545A6D4F5449334D5749304E54417959544177596A4A6A5A4759304F4751334E7A6B3159794A392E79714A49795836784378355433725274512D6F5750507A77424A32683841525F37716F6B72465F364F466B7371007E000C770800000188DB8220CB78737200256A6176612E7574696C2E436F6C6C656374696F6E7324556E6D6F6469666961626C65536574801D92D18F9B80550200007872002C6A6176612E7574696C2E436F6C6C656374696F6E7324556E6D6F6469666961626C65436F6C6C656374696F6E19420080CB5EF71E0200014C0001637400164C6A6176612F7574696C2F436F6C6C656374696F6E3B7870737200176A6176612E7574696C2E4C696E6B656448617368536574D86CD75A95DD2A1E020000787200116A6176612E7574696C2E48617368536574BA44859596B8B7340300007870770C000000103F40000000000001740003616C6C7874000662656172657274012965794A68624763694F694A49557A49314E694973496E523563434936496B705856434A392E65794A68645751694F6C736959577873496C3073496D5634634349364D5459344E7A497A4D4463784F43776964584E6C636C39755957316C496A6F69595752746157346D4D534973496D703061534936496D5A684E4749794D546C684C57597A5A4755744E474A6A4D533169596A4D794C544934596A45344F54457A5A5446684E534973496D4E7361575675644639705A434936496A5179595455354E6D59354D6A6378596A51314D444A684D4442694D6D4E6B5A6A51345A4463334F54566A4969776963324E76634755694F6C736959577873496C31392E7A444F793975753456367A7876377479564E3279365264506334614A68303662454E7571376C6F445F6F59, 'ae12b75e61e859fee32d7c25b246fdb6', 'admin&1', '42a596f9271b4502a00b2cdf48d7795c', 0xACED0005737200416F72672E737072696E676672616D65776F726B2E73656375726974792E6F61757468322E70726F76696465722E4F417574683241757468656E7469636174696F6EBD400B02166252130200024C000D73746F7265645265717565737474003C4C6F72672F737072696E676672616D65776F726B2F73656375726974792F6F61757468322F70726F76696465722F4F4175746832526571756573743B4C00127573657241757468656E7469636174696F6E7400324C6F72672F737072696E676672616D65776F726B2F73656375726974792F636F72652F41757468656E7469636174696F6E3B787200476F72672E737072696E676672616D65776F726B2E73656375726974792E61757468656E7469636174696F6E2E416273747261637441757468656E7469636174696F6E546F6B656ED3AA287E6E47640E0200035A000D61757468656E746963617465644C000B617574686F7269746965737400164C6A6176612F7574696C2F436F6C6C656374696F6E3B4C000764657461696C737400124C6A6176612F6C616E672F4F626A6563743B787000737200266A6176612E7574696C2E436F6C6C656374696F6E7324556E6D6F6469666961626C654C697374FC0F2531B5EC8E100200014C00046C6973747400104C6A6176612F7574696C2F4C6973743B7872002C6A6176612E7574696C2E436F6C6C656374696F6E7324556E6D6F6469666961626C65436F6C6C656374696F6E19420080CB5EF71E0200014C00016371007E00047870737200136A6176612E7574696C2E41727261794C6973747881D21D99C7619D03000149000473697A657870000000007704000000007871007E000C707372003A6F72672E737072696E676672616D65776F726B2E73656375726974792E6F61757468322E70726F76696465722E4F41757468325265717565737400000000000000010200075A0008617070726F7665644C000B617574686F72697469657371007E00044C000A657874656E73696F6E7374000F4C6A6176612F7574696C2F4D61703B4C000B72656469726563745572697400124C6A6176612F6C616E672F537472696E673B4C00077265667265736874003B4C6F72672F737072696E676672616D65776F726B2F73656375726974792F6F61757468322F70726F76696465722F546F6B656E526571756573743B4C000B7265736F7572636549647374000F4C6A6176612F7574696C2F5365743B4C000D726573706F6E7365547970657371007E0011787200386F72672E737072696E676672616D65776F726B2E73656375726974792E6F61757468322E70726F76696465722E426173655265717565737436287A3EA37169BD0200034C0008636C69656E74496471007E000F4C001172657175657374506172616D657465727371007E000E4C000573636F706571007E001178707400203432613539366639323731623435303261303062326364663438643737393563737200256A6176612E7574696C2E436F6C6C656374696F6E7324556E6D6F6469666961626C654D6170F1A5A8FE74F507420200014C00016D71007E000E7870737200116A6176612E7574696C2E486173684D61700507DAC1C31660D103000246000A6C6F6164466163746F724900097468726573686F6C6478703F400000000000067708000000080000000374000A6772616E745F7479706574000870617373776F7264740009636C69656E745F69647400203432613539366639323731623435303261303062326364663438643737393563740008757365726E616D6574000561646D696E78737200256A6176612E7574696C2E436F6C6C656374696F6E7324556E6D6F6469666961626C65536574801D92D18F9B80550200007871007E0009737200176A6176612E7574696C2E4C696E6B656448617368536574D86CD75A95DD2A1E020000787200116A6176612E7574696C2E48617368536574BA44859596B8B7340300007870770C000000103F40000000000001740003616C6C78017371007E0022770C000000103F40000000000000787371007E00173F40000000000000770800000010000000007870707371007E0022770C000000103F40000000000001740003616C6C787371007E0022770C000000103F40000000000000787372004F6F72672E737072696E676672616D65776F726B2E73656375726974792E61757468656E7469636174696F6E2E557365726E616D6550617373776F726441757468656E7469636174696F6E546F6B656E000000000000023A0200024C000B63726564656E7469616C7371007E00054C00097072696E636970616C71007E00057871007E0003017371007E00077371007E000B000000007704000000007871007E002D737200176A6176612E7574696C2E4C696E6B6564486173684D617034C04E5C106CC0FB0200015A000B6163636573734F726465727871007E00173F400000000000067708000000080000000474000D636C69656E745F736563726574740006737570706C7971007E001971007E001A71007E001B71007E001C71007E001D71007E001E7800707372001F636F6D2E737570706C792E617574682E6D6F64656C2E4C6F67696E557365722E355509766D39450200074C00076163636F756E7471007E000F4C000B617574686F72697469657371007E00084C000870617373776F726471007E000F4C000A74656E616E74436F646571007E000F4C000874656E616E7449647400104C6A6176612F6C616E672F4C6F6E673B4C000675736572496471007E00334C0008757365726E616D6571007E000F787074000561646D696E7371007E000B000000007704000000007874003C24326124313024754644644747577939752F525474684765355667342E46464D70766A6E665A4942675831484C674641367644747A4A486143755A75740006737570706C797372000E6A6176612E6C616E672E4C6F6E673B8BE490CC8F23DF0200014A000576616C7565787200106A6176612E6C616E672E4E756D62657286AC951D0B94E08B0200007870000000000000000171007E003B74000761646D696E2631, 'cbe15e740789bb7dac4072974119dc22');
INSERT INTO `oauth_access_token` VALUES ('90a534e13b9d77dbb6abe7d968cf90c6', 0xACED0005737200436F72672E737072696E676672616D65776F726B2E73656375726974792E6F61757468322E636F6D6D6F6E2E44656661756C744F4175746832416363657373546F6B656E0CB29E361B24FACE0200064C00156164646974696F6E616C496E666F726D6174696F6E74000F4C6A6176612F7574696C2F4D61703B4C000A65787069726174696F6E7400104C6A6176612F7574696C2F446174653B4C000C72656672657368546F6B656E74003F4C6F72672F737072696E676672616D65776F726B2F73656375726974792F6F61757468322F636F6D6D6F6E2F4F417574683252656672657368546F6B656E3B4C000573636F706574000F4C6A6176612F7574696C2F5365743B4C0009746F6B656E547970657400124C6A6176612F6C616E672F537472696E673B4C000576616C756571007E00057870737200176A6176612E7574696C2E4C696E6B6564486173684D617034C04E5C106CC0FB0200015A000B6163636573734F72646572787200116A6176612E7574696C2E486173684D61700507DAC1C31660D103000246000A6C6F6164466163746F724900097468726573686F6C6478703F40000000000001770800000002000000017400036A746974002438356561666630382D336364342D343232612D623434652D66646634653861613261326578007372000E6A6176612E7574696C2E44617465686A81014B5974190300007870770800000188F253B885787372004C6F72672E737072696E676672616D65776F726B2E73656375726974792E6F61757468322E636F6D6D6F6E2E44656661756C744578706972696E674F417574683252656672657368546F6B656E2FDF47639DD0C9B70200014C000A65787069726174696F6E71007E0002787200446F72672E737072696E676672616D65776F726B2E73656375726974792E6F61757468322E636F6D6D6F6E2E44656661756C744F417574683252656672657368546F6B656E73E10E0A6354D45E0200014C000576616C756571007E0005787074016565794A68624763694F694A49557A49314E694973496E523563434936496B705856434A392E65794A68645751694F6C736959577873496C3073496E567A5A584A66626D46745A534936496E526C633351314A6A55694C434A7A593239775A53493657794A68624777695853776959585270496A6F694F44566C59575A6D4D4467744D324E6B4E4330304D6A4A684C5749304E4755745A6D526D4E4755345957457959544A6C496977695A586877496A6F784E6A67334E7A63784F54557A4C434A7164476B694F694979596A51324E47526C5A69316D597A49314C54526B4D4751744F5449784E69303459325532597A45775A4449354E6A55694C434A6A62476C6C626E5266615751694F6949784F575A6C4E5441324D7A55774D5455305A6A5A6B4F44646B4D7A5A6B4D5451774E6A63315A5445314E434A392E4F6A4F33766254477A62466E6E4942657170483163707864543954746B4E563451597438513657787569677371007E000C770800000188F70C378178737200256A6176612E7574696C2E436F6C6C656374696F6E7324556E6D6F6469666961626C65536574801D92D18F9B80550200007872002C6A6176612E7574696C2E436F6C6C656374696F6E7324556E6D6F6469666961626C65436F6C6C656374696F6E19420080CB5EF71E0200014C0001637400164C6A6176612F7574696C2F436F6C6C656374696F6E3B7870737200176A6176612E7574696C2E4C696E6B656448617368536574D86CD75A95DD2A1E020000787200116A6176612E7574696C2E48617368536574BA44859596B8B7340300007870770C000000103F40000000000001740003616C6C7874000662656172657274012965794A68624763694F694A49557A49314E694973496E523563434936496B705856434A392E65794A68645751694F6C736959577873496C3073496D5634634349364D5459344E7A59354D6A63314D79776964584E6C636C39755957316C496A6F696447567A6444556D4E534973496D703061534936496A67315A57466D5A6A41344C544E6A5A4451744E444979595331694E44526C4C575A6B5A6A526C4F4746684D6D45795A534973496D4E7361575675644639705A434936496A45355A6D55314D44597A4E5441784E54526D4E6D51344E32517A4E6D51784E4441324E7A566C4D5455304969776963324E76634755694F6C736959577873496C31392E2D75655637416D5F725832476D4274684F47684935456A48425276674B5A69306264636C787642625F476F, '41439a812002aa063868251db27f4fd5', 'test5&5', '19fe506350154f6d87d36d140675e154', 0xACED0005737200416F72672E737072696E676672616D65776F726B2E73656375726974792E6F61757468322E70726F76696465722E4F417574683241757468656E7469636174696F6EBD400B02166252130200024C000D73746F7265645265717565737474003C4C6F72672F737072696E676672616D65776F726B2F73656375726974792F6F61757468322F70726F76696465722F4F4175746832526571756573743B4C00127573657241757468656E7469636174696F6E7400324C6F72672F737072696E676672616D65776F726B2F73656375726974792F636F72652F41757468656E7469636174696F6E3B787200476F72672E737072696E676672616D65776F726B2E73656375726974792E61757468656E7469636174696F6E2E416273747261637441757468656E7469636174696F6E546F6B656ED3AA287E6E47640E0200035A000D61757468656E746963617465644C000B617574686F7269746965737400164C6A6176612F7574696C2F436F6C6C656374696F6E3B4C000764657461696C737400124C6A6176612F6C616E672F4F626A6563743B787000737200266A6176612E7574696C2E436F6C6C656374696F6E7324556E6D6F6469666961626C654C697374FC0F2531B5EC8E100200014C00046C6973747400104C6A6176612F7574696C2F4C6973743B7872002C6A6176612E7574696C2E436F6C6C656374696F6E7324556E6D6F6469666961626C65436F6C6C656374696F6E19420080CB5EF71E0200014C00016371007E00047870737200136A6176612E7574696C2E41727261794C6973747881D21D99C7619D03000149000473697A657870000000007704000000007871007E000C707372003A6F72672E737072696E676672616D65776F726B2E73656375726974792E6F61757468322E70726F76696465722E4F41757468325265717565737400000000000000010200075A0008617070726F7665644C000B617574686F72697469657371007E00044C000A657874656E73696F6E7374000F4C6A6176612F7574696C2F4D61703B4C000B72656469726563745572697400124C6A6176612F6C616E672F537472696E673B4C00077265667265736874003B4C6F72672F737072696E676672616D65776F726B2F73656375726974792F6F61757468322F70726F76696465722F546F6B656E526571756573743B4C000B7265736F7572636549647374000F4C6A6176612F7574696C2F5365743B4C000D726573706F6E7365547970657371007E0011787200386F72672E737072696E676672616D65776F726B2E73656375726974792E6F61757468322E70726F76696465722E426173655265717565737436287A3EA37169BD0200034C0008636C69656E74496471007E000F4C001172657175657374506172616D657465727371007E000E4C000573636F706571007E001178707400203139666535303633353031353466366438376433366431343036373565313534737200256A6176612E7574696C2E436F6C6C656374696F6E7324556E6D6F6469666961626C654D6170F1A5A8FE74F507420200014C00016D71007E000E7870737200116A6176612E7574696C2E486173684D61700507DAC1C31660D103000246000A6C6F6164466163746F724900097468726573686F6C6478703F400000000000067708000000080000000374000A6772616E745F7479706574000870617373776F7264740009636C69656E745F69647400203139666535303633353031353466366438376433366431343036373565313534740008757365726E616D65740005746573743578737200256A6176612E7574696C2E436F6C6C656374696F6E7324556E6D6F6469666961626C65536574801D92D18F9B80550200007871007E0009737200176A6176612E7574696C2E4C696E6B656448617368536574D86CD75A95DD2A1E020000787200116A6176612E7574696C2E48617368536574BA44859596B8B7340300007870770C000000103F40000000000001740003616C6C78017371007E0022770C000000103F40000000000000787371007E00173F40000000000000770800000010000000007870707371007E0022770C000000103F40000000000001740003616C6C787371007E0022770C000000103F40000000000000787372004F6F72672E737072696E676672616D65776F726B2E73656375726974792E61757468656E7469636174696F6E2E557365726E616D6550617373776F726441757468656E7469636174696F6E546F6B656E000000000000023A0200024C000B63726564656E7469616C7371007E00054C00097072696E636970616C71007E00057871007E0003017371007E00077371007E000B000000007704000000007871007E002D737200176A6176612E7574696C2E4C696E6B6564486173684D617034C04E5C106CC0FB0200015A000B6163636573734F726465727871007E00173F400000000000067708000000080000000474000D636C69656E745F7365637265747400044A58534D71007E001971007E001A71007E001B71007E001C71007E001D71007E001E7800707372001F636F6D2E737570706C792E617574682E6D6F64656C2E4C6F67696E557365722E355509766D39450200074C00076163636F756E7471007E000F4C000B617574686F72697469657371007E00084C000870617373776F726471007E000F4C000A74656E616E74436F646571007E000F4C000874656E616E7449647400104C6A6176612F6C616E672F4C6F6E673B4C000675736572496471007E00334C0008757365726E616D6571007E000F787074000574657374357371007E000B000000007704000000007874003C24326124313024564259704F73713331647757363444377264524A3865455776314F71336C377061664A67306F502F4C6C635A52382E44784F5134437400044A58534D7372000E6A6176612E6C616E672E4C6F6E673B8BE490CC8F23DF0200014A000576616C7565787200106A6176612E6C616E672E4E756D62657286AC951D0B94E08B020000787000000000000000057371007E0039000000000000001474000774657374352635, '692dd7514e38913a406ff268010e995d');
INSERT INTO `oauth_access_token` VALUES ('8b5aafd3de7bbb8950b029cf8c78d690', 0xACED0005737200436F72672E737072696E676672616D65776F726B2E73656375726974792E6F61757468322E636F6D6D6F6E2E44656661756C744F4175746832416363657373546F6B656E0CB29E361B24FACE0200064C00156164646974696F6E616C496E666F726D6174696F6E74000F4C6A6176612F7574696C2F4D61703B4C000A65787069726174696F6E7400104C6A6176612F7574696C2F446174653B4C000C72656672657368546F6B656E74003F4C6F72672F737072696E676672616D65776F726B2F73656375726974792F6F61757468322F636F6D6D6F6E2F4F417574683252656672657368546F6B656E3B4C000573636F706574000F4C6A6176612F7574696C2F5365743B4C0009746F6B656E547970657400124C6A6176612F6C616E672F537472696E673B4C000576616C756571007E00057870737200176A6176612E7574696C2E4C696E6B6564486173684D617034C04E5C106CC0FB0200015A000B6163636573734F72646572787200116A6176612E7574696C2E486173684D61700507DAC1C31660D103000246000A6C6F6164466163746F724900097468726573686F6C6478703F40000000000001770800000002000000017400036A746974002462336665336138312D656437332D343836332D396430392D35313165373466656465623378007372000E6A6176612E7574696C2E44617465686A81014B597419030000787077080000018900791614787372004C6F72672E737072696E676672616D65776F726B2E73656375726974792E6F61757468322E636F6D6D6F6E2E44656661756C744578706972696E674F417574683252656672657368546F6B656E2FDF47639DD0C9B70200014C000A65787069726174696F6E71007E0002787200446F72672E737072696E676672616D65776F726B2E73656375726974792E6F61757468322E636F6D6D6F6E2E44656661756C744F417574683252656672657368546F6B656E73E10E0A6354D45E0200014C000576616C756571007E0005787074016565794A68624763694F694A49557A49314E694973496E523563434936496B705856434A392E65794A68645751694F6C736959577873496C3073496E567A5A584A66626D46745A534936496E526C633351784A6A55694C434A7A593239775A53493657794A68624777695853776959585270496A6F69596A4E6D5A544E684F4445745A5751334D7930304F44597A4C546C6B4D446B744E5445785A5463305A6D566B5A57497A496977695A586877496A6F784E6A67344D4441354D6A67794C434A7164476B694F6949794F4459344D574977596930314E444D354C5452694D6A5574595745334E5330344F546B784E6A52684D5449334E4445694C434A6A62476C6C626E5266615751694F6949784F575A6C4E5441324D7A55774D5455305A6A5A6B4F44646B4D7A5A6B4D5451774E6A63315A5445314E434A392E77706842646731617368794934546858694D416E5330702D765F6F4B56466D6A394E67475850726B4F64497371007E000C7708000001890531951178737200256A6176612E7574696C2E436F6C6C656374696F6E7324556E6D6F6469666961626C65536574801D92D18F9B80550200007872002C6A6176612E7574696C2E436F6C6C656374696F6E7324556E6D6F6469666961626C65436F6C6C656374696F6E19420080CB5EF71E0200014C0001637400164C6A6176612F7574696C2F436F6C6C656374696F6E3B7870737200176A6176612E7574696C2E4C696E6B656448617368536574D86CD75A95DD2A1E020000787200116A6176612E7574696C2E48617368536574BA44859596B8B7340300007870770C000000103F40000000000001740003616C6C7874000662656172657274012965794A68624763694F694A49557A49314E694973496E523563434936496B705856434A392E65794A68645751694F6C736959577873496C3073496D5634634349364D5459344E7A6B7A4D4441344D69776964584E6C636C39755957316C496A6F696447567A6444456D4E534973496D703061534936496D497A5A6D557A595467784C57566B4E7A4D744E4467324D7930355A4441354C5455784D5755334E475A6C5A4756694D794973496D4E7361575675644639705A434936496A45355A6D55314D44597A4E5441784E54526D4E6D51344E32517A4E6D51784E4441324E7A566C4D5455304969776963324E76634755694F6C736959577873496C31392E45646F30366762425F5F656A346C747162457935554F4236655038537A6C6F3632334B6D437A6D365F7141, '6f5ba75c70890c54bca7a3420e29d281', 'test1&5', '19fe506350154f6d87d36d140675e154', 0xACED0005737200416F72672E737072696E676672616D65776F726B2E73656375726974792E6F61757468322E70726F76696465722E4F417574683241757468656E7469636174696F6EBD400B02166252130200024C000D73746F7265645265717565737474003C4C6F72672F737072696E676672616D65776F726B2F73656375726974792F6F61757468322F70726F76696465722F4F4175746832526571756573743B4C00127573657241757468656E7469636174696F6E7400324C6F72672F737072696E676672616D65776F726B2F73656375726974792F636F72652F41757468656E7469636174696F6E3B787200476F72672E737072696E676672616D65776F726B2E73656375726974792E61757468656E7469636174696F6E2E416273747261637441757468656E7469636174696F6E546F6B656ED3AA287E6E47640E0200035A000D61757468656E746963617465644C000B617574686F7269746965737400164C6A6176612F7574696C2F436F6C6C656374696F6E3B4C000764657461696C737400124C6A6176612F6C616E672F4F626A6563743B787000737200266A6176612E7574696C2E436F6C6C656374696F6E7324556E6D6F6469666961626C654C697374FC0F2531B5EC8E100200014C00046C6973747400104C6A6176612F7574696C2F4C6973743B7872002C6A6176612E7574696C2E436F6C6C656374696F6E7324556E6D6F6469666961626C65436F6C6C656374696F6E19420080CB5EF71E0200014C00016371007E00047870737200136A6176612E7574696C2E41727261794C6973747881D21D99C7619D03000149000473697A657870000000007704000000007871007E000C707372003A6F72672E737072696E676672616D65776F726B2E73656375726974792E6F61757468322E70726F76696465722E4F41757468325265717565737400000000000000010200075A0008617070726F7665644C000B617574686F72697469657371007E00044C000A657874656E73696F6E7374000F4C6A6176612F7574696C2F4D61703B4C000B72656469726563745572697400124C6A6176612F6C616E672F537472696E673B4C00077265667265736874003B4C6F72672F737072696E676672616D65776F726B2F73656375726974792F6F61757468322F70726F76696465722F546F6B656E526571756573743B4C000B7265736F7572636549647374000F4C6A6176612F7574696C2F5365743B4C000D726573706F6E7365547970657371007E0011787200386F72672E737072696E676672616D65776F726B2E73656375726974792E6F61757468322E70726F76696465722E426173655265717565737436287A3EA37169BD0200034C0008636C69656E74496471007E000F4C001172657175657374506172616D657465727371007E000E4C000573636F706571007E001178707400203139666535303633353031353466366438376433366431343036373565313534737200256A6176612E7574696C2E436F6C6C656374696F6E7324556E6D6F6469666961626C654D6170F1A5A8FE74F507420200014C00016D71007E000E7870737200116A6176612E7574696C2E486173684D61700507DAC1C31660D103000246000A6C6F6164466163746F724900097468726573686F6C6478703F400000000000067708000000080000000374000A6772616E745F7479706574000870617373776F7264740009636C69656E745F69647400203139666535303633353031353466366438376433366431343036373565313534740008757365726E616D65740005746573743178737200256A6176612E7574696C2E436F6C6C656374696F6E7324556E6D6F6469666961626C65536574801D92D18F9B80550200007871007E0009737200176A6176612E7574696C2E4C696E6B656448617368536574D86CD75A95DD2A1E020000787200116A6176612E7574696C2E48617368536574BA44859596B8B7340300007870770C000000103F40000000000001740003616C6C78017371007E0022770C000000103F40000000000000787371007E00173F40000000000000770800000010000000007870707371007E0022770C000000103F40000000000001740003616C6C787371007E0022770C000000103F40000000000000787372004F6F72672E737072696E676672616D65776F726B2E73656375726974792E61757468656E7469636174696F6E2E557365726E616D6550617373776F726441757468656E7469636174696F6E546F6B656E000000000000023A0200024C000B63726564656E7469616C7371007E00054C00097072696E636970616C71007E00057871007E0003017371007E00077371007E000B000000007704000000007871007E002D737200176A6176612E7574696C2E4C696E6B6564486173684D617034C04E5C106CC0FB0200015A000B6163636573734F726465727871007E00173F400000000000067708000000080000000474000D636C69656E745F7365637265747400044A58534D71007E001971007E001A71007E001B71007E001C71007E001D71007E001E7800707372001F636F6D2E737570706C792E617574682E6D6F64656C2E4C6F67696E557365722E355509766D39450200074C00076163636F756E7471007E000F4C000B617574686F72697469657371007E00084C000870617373776F726471007E000F4C000A74656E616E74436F646571007E000F4C000874656E616E7449647400104C6A6176612F6C616E672F4C6F6E673B4C000675736572496471007E00334C0008757365726E616D6571007E000F787074000574657374317371007E000B000000007704000000007874003C243261243130247A36337541346B587A4C6665614336486E6834314D4F3945526758326D536456555A7275576D782F574A754F684778626C534A47757400044A58534D7372000E6A6176612E6C616E672E4C6F6E673B8BE490CC8F23DF0200014A000576616C7565787200106A6176612E6C616E672E4E756D62657286AC951D0B94E08B020000787000000000000000057371007E0039000000000000001074000774657374312635, '4ae7abd3a88de42d311bcfb3e65f4eaa');
INSERT INTO `oauth_access_token` VALUES ('4c0377d9ea97c8a2d467004115b698a4', 0xACED0005737200436F72672E737072696E676672616D65776F726B2E73656375726974792E6F61757468322E636F6D6D6F6E2E44656661756C744F4175746832416363657373546F6B656E0CB29E361B24FACE0200064C00156164646974696F6E616C496E666F726D6174696F6E74000F4C6A6176612F7574696C2F4D61703B4C000A65787069726174696F6E7400104C6A6176612F7574696C2F446174653B4C000C72656672657368546F6B656E74003F4C6F72672F737072696E676672616D65776F726B2F73656375726974792F6F61757468322F636F6D6D6F6E2F4F417574683252656672657368546F6B656E3B4C000573636F706574000F4C6A6176612F7574696C2F5365743B4C0009746F6B656E547970657400124C6A6176612F6C616E672F537472696E673B4C000576616C756571007E00057870737200176A6176612E7574696C2E4C696E6B6564486173684D617034C04E5C106CC0FB0200015A000B6163636573734F72646572787200116A6176612E7574696C2E486173684D61700507DAC1C31660D103000246000A6C6F6164466163746F724900097468726573686F6C6478703F40000000000001770800000002000000017400036A746974002463633761643937322D363131642D343061622D393662622D32623865376634323931653578007372000E6A6176612E7574696C2E44617465686A81014B59741903000078707708000001890079487C787372004C6F72672E737072696E676672616D65776F726B2E73656375726974792E6F61757468322E636F6D6D6F6E2E44656661756C744578706972696E674F417574683252656672657368546F6B656E2FDF47639DD0C9B70200014C000A65787069726174696F6E71007E0002787200446F72672E737072696E676672616D65776F726B2E73656375726974792E6F61757468322E636F6D6D6F6E2E44656661756C744F417574683252656672657368546F6B656E73E10E0A6354D45E0200014C000576616C756571007E0005787074016565794A68624763694F694A49557A49314E694973496E523563434936496B705856434A392E65794A68645751694F6C736959577873496C3073496E567A5A584A66626D46745A534936496E526C633351794A6A55694C434A7A593239775A53493657794A68624777695853776959585270496A6F6959324D33595751354E7A49744E6A45785A4330304D4746694C546B32596D49744D6D49345A54646D4E4449354D575531496977695A586877496A6F784E6A67344D4441354D6A6B314C434A7164476B694F694A6B4D5749784E546B304D4330784E444D784C54526B596A51744F4441794E43316B5A575A6D4E7A59784E574D30593251694C434A6A62476C6C626E5266615751694F6949784F575A6C4E5441324D7A55774D5455305A6A5A6B4F44646B4D7A5A6B4D5451774E6A63315A5445314E434A392E4F3243324A38345666756C644A6B5762495A72484731767044494D3550425961526D457A506E4A556F6C417371007E000C7708000001890531C77978737200256A6176612E7574696C2E436F6C6C656374696F6E7324556E6D6F6469666961626C65536574801D92D18F9B80550200007872002C6A6176612E7574696C2E436F6C6C656374696F6E7324556E6D6F6469666961626C65436F6C6C656374696F6E19420080CB5EF71E0200014C0001637400164C6A6176612F7574696C2F436F6C6C656374696F6E3B7870737200176A6176612E7574696C2E4C696E6B656448617368536574D86CD75A95DD2A1E020000787200116A6176612E7574696C2E48617368536574BA44859596B8B7340300007870770C000000103F40000000000001740003616C6C7874000662656172657274012965794A68624763694F694A49557A49314E694973496E523563434936496B705856434A392E65794A68645751694F6C736959577873496C3073496D5634634349364D5459344E7A6B7A4D4441354E53776964584E6C636C39755957316C496A6F696447567A6444496D4E534973496D703061534936496D4E6A4E32466B4F5463794C5459784D5751744E444268596930354E6D4A694C544A694F4755335A6A51794F54466C4E534973496D4E7361575675644639705A434936496A45355A6D55314D44597A4E5441784E54526D4E6D51344E32517A4E6D51784E4441324E7A566C4D5455304969776963324E76634755694F6C736959577873496C31392E72324B644B456D3366473047684279596B456A6F47356E6C6156797647694E30304776427358706F647449, '26d4f26f9b8ccda227d06264bdc4a526', 'test2&5', '19fe506350154f6d87d36d140675e154', 0xACED0005737200416F72672E737072696E676672616D65776F726B2E73656375726974792E6F61757468322E70726F76696465722E4F417574683241757468656E7469636174696F6EBD400B02166252130200024C000D73746F7265645265717565737474003C4C6F72672F737072696E676672616D65776F726B2F73656375726974792F6F61757468322F70726F76696465722F4F4175746832526571756573743B4C00127573657241757468656E7469636174696F6E7400324C6F72672F737072696E676672616D65776F726B2F73656375726974792F636F72652F41757468656E7469636174696F6E3B787200476F72672E737072696E676672616D65776F726B2E73656375726974792E61757468656E7469636174696F6E2E416273747261637441757468656E7469636174696F6E546F6B656ED3AA287E6E47640E0200035A000D61757468656E746963617465644C000B617574686F7269746965737400164C6A6176612F7574696C2F436F6C6C656374696F6E3B4C000764657461696C737400124C6A6176612F6C616E672F4F626A6563743B787000737200266A6176612E7574696C2E436F6C6C656374696F6E7324556E6D6F6469666961626C654C697374FC0F2531B5EC8E100200014C00046C6973747400104C6A6176612F7574696C2F4C6973743B7872002C6A6176612E7574696C2E436F6C6C656374696F6E7324556E6D6F6469666961626C65436F6C6C656374696F6E19420080CB5EF71E0200014C00016371007E00047870737200136A6176612E7574696C2E41727261794C6973747881D21D99C7619D03000149000473697A657870000000007704000000007871007E000C707372003A6F72672E737072696E676672616D65776F726B2E73656375726974792E6F61757468322E70726F76696465722E4F41757468325265717565737400000000000000010200075A0008617070726F7665644C000B617574686F72697469657371007E00044C000A657874656E73696F6E7374000F4C6A6176612F7574696C2F4D61703B4C000B72656469726563745572697400124C6A6176612F6C616E672F537472696E673B4C00077265667265736874003B4C6F72672F737072696E676672616D65776F726B2F73656375726974792F6F61757468322F70726F76696465722F546F6B656E526571756573743B4C000B7265736F7572636549647374000F4C6A6176612F7574696C2F5365743B4C000D726573706F6E7365547970657371007E0011787200386F72672E737072696E676672616D65776F726B2E73656375726974792E6F61757468322E70726F76696465722E426173655265717565737436287A3EA37169BD0200034C0008636C69656E74496471007E000F4C001172657175657374506172616D657465727371007E000E4C000573636F706571007E001178707400203139666535303633353031353466366438376433366431343036373565313534737200256A6176612E7574696C2E436F6C6C656374696F6E7324556E6D6F6469666961626C654D6170F1A5A8FE74F507420200014C00016D71007E000E7870737200116A6176612E7574696C2E486173684D61700507DAC1C31660D103000246000A6C6F6164466163746F724900097468726573686F6C6478703F400000000000067708000000080000000374000A6772616E745F7479706574000870617373776F7264740009636C69656E745F69647400203139666535303633353031353466366438376433366431343036373565313534740008757365726E616D65740005746573743278737200256A6176612E7574696C2E436F6C6C656374696F6E7324556E6D6F6469666961626C65536574801D92D18F9B80550200007871007E0009737200176A6176612E7574696C2E4C696E6B656448617368536574D86CD75A95DD2A1E020000787200116A6176612E7574696C2E48617368536574BA44859596B8B7340300007870770C000000103F40000000000001740003616C6C78017371007E0022770C000000103F40000000000000787371007E00173F40000000000000770800000010000000007870707371007E0022770C000000103F40000000000001740003616C6C787371007E0022770C000000103F40000000000000787372004F6F72672E737072696E676672616D65776F726B2E73656375726974792E61757468656E7469636174696F6E2E557365726E616D6550617373776F726441757468656E7469636174696F6E546F6B656E000000000000023A0200024C000B63726564656E7469616C7371007E00054C00097072696E636970616C71007E00057871007E0003017371007E00077371007E000B000000007704000000007871007E002D737200176A6176612E7574696C2E4C696E6B6564486173684D617034C04E5C106CC0FB0200015A000B6163636573734F726465727871007E00173F400000000000067708000000080000000474000D636C69656E745F7365637265747400044A58534D71007E001971007E001A71007E001B71007E001C71007E001D71007E001E7800707372001F636F6D2E737570706C792E617574682E6D6F64656C2E4C6F67696E557365722E355509766D39450200074C00076163636F756E7471007E000F4C000B617574686F72697469657371007E00084C000870617373776F726471007E000F4C000A74656E616E74436F646571007E000F4C000874656E616E7449647400104C6A6176612F6C616E672F4C6F6E673B4C000675736572496471007E00334C0008757365726E616D6571007E000F787074000574657374327371007E000B000000007704000000007874003C2432612431302448516359434C3741455730645373494E646A4D70737570657479502F37386144655537754F336648653765544C4D7653326163644F7400044A58534D7372000E6A6176612E6C616E672E4C6F6E673B8BE490CC8F23DF0200014A000576616C7565787200106A6176612E6C616E672E4E756D62657286AC951D0B94E08B020000787000000000000000057371007E0039000000000000001174000774657374322635, '5e53a0ddc25fa953cb09fc2874c097ab');
INSERT INTO `oauth_access_token` VALUES ('accbe4aef723b4ddb6a9c0e1fe5b0418', 0xACED0005737200436F72672E737072696E676672616D65776F726B2E73656375726974792E6F61757468322E636F6D6D6F6E2E44656661756C744F4175746832416363657373546F6B656E0CB29E361B24FACE0200064C00156164646974696F6E616C496E666F726D6174696F6E74000F4C6A6176612F7574696C2F4D61703B4C000A65787069726174696F6E7400104C6A6176612F7574696C2F446174653B4C000C72656672657368546F6B656E74003F4C6F72672F737072696E676672616D65776F726B2F73656375726974792F6F61757468322F636F6D6D6F6E2F4F417574683252656672657368546F6B656E3B4C000573636F706574000F4C6A6176612F7574696C2F5365743B4C0009746F6B656E547970657400124C6A6176612F6C616E672F537472696E673B4C000576616C756571007E00057870737200176A6176612E7574696C2E4C696E6B6564486173684D617034C04E5C106CC0FB0200015A000B6163636573734F72646572787200116A6176612E7574696C2E486173684D61700507DAC1C31660D103000246000A6C6F6164466163746F724900097468726573686F6C6478703F4000000000000C770800000010000000017400036A746974002465333264393962612D343363612D343435332D626664652D61363337626265633938666578007372000E6A6176612E7574696C2E44617465686A81014B597419030000787077080000018900776911787372004C6F72672E737072696E676672616D65776F726B2E73656375726974792E6F61757468322E636F6D6D6F6E2E44656661756C744578706972696E674F417574683252656672657368546F6B656E2FDF47639DD0C9B70200014C000A65787069726174696F6E71007E0002787200446F72672E737072696E676672616D65776F726B2E73656375726974792E6F61757468322E636F6D6D6F6E2E44656661756C744F417574683252656672657368546F6B656E73E10E0A6354D45E0200014C000576616C756571007E0005787074016565794A68624763694F694A49557A49314E694973496E523563434936496B705856434A392E65794A68645751694F6C736959577873496C3073496E567A5A584A66626D46745A534936496E526C6333517A4A6A55694C434A7A593239775A53493657794A68624777695853776959585270496A6F695A544D795A446B35596D45744E444E6A595330304E44557A4C574A6D5A4755745954597A4E324A695A574D354F475A6C496977695A586877496A6F784E6A67344D4441354D5463794C434A7164476B694F694A694D5467354E4451784E4330324F4445794C54526C593259744F474D304D53307A5A54566A4E6D466A596A4932597A45694C434A6A62476C6C626E5266615751694F6949784F575A6C4E5441324D7A55774D5455305A6A5A6B4F44646B4D7A5A6B4D5451774E6A63315A5445314E434A392E5F486A4B75426857344A63375279684379436A427762784E31545A7A455848724D50787A6B3261637A70387371007E000C770800000189052FE7F378737200256A6176612E7574696C2E436F6C6C656374696F6E7324556E6D6F6469666961626C65536574801D92D18F9B80550200007872002C6A6176612E7574696C2E436F6C6C656374696F6E7324556E6D6F6469666961626C65436F6C6C656374696F6E19420080CB5EF71E0200014C0001637400164C6A6176612F7574696C2F436F6C6C656374696F6E3B7870737200176A6176612E7574696C2E4C696E6B656448617368536574D86CD75A95DD2A1E020000787200116A6176612E7574696C2E48617368536574BA44859596B8B7340300007870770C000000023F40000000000001740003616C6C7874000662656172657274012965794A68624763694F694A49557A49314E694973496E523563434936496B705856434A392E65794A68645751694F6C736959577873496C3073496D5634634349364D5459344E7A6B794F546B334D79776964584E6C636C39755957316C496A6F696447567A64444D6D4E534973496D703061534936496D557A4D6D51354F574A684C54517A593245744E4451314D7931695A6D526C4C5745324D7A6469596D566A4F54686D5A534973496D4E7361575675644639705A434936496A45355A6D55314D44597A4E5441784E54526D4E6D51344E32517A4E6D51784E4441324E7A566C4D5455304969776963324E76634755694F6C736959577873496C31392E5A47584B7273582D7A4C3375464C5244726E59635A5268555069684C3369676F7941546763355865655F67, 'ce37a011881fc1ce2863caf1f885865a', 'test3&5', '19fe506350154f6d87d36d140675e154', 0xACED0005737200416F72672E737072696E676672616D65776F726B2E73656375726974792E6F61757468322E70726F76696465722E4F417574683241757468656E7469636174696F6EBD400B02166252130200024C000D73746F7265645265717565737474003C4C6F72672F737072696E676672616D65776F726B2F73656375726974792F6F61757468322F70726F76696465722F4F4175746832526571756573743B4C00127573657241757468656E7469636174696F6E7400324C6F72672F737072696E676672616D65776F726B2F73656375726974792F636F72652F41757468656E7469636174696F6E3B787200476F72672E737072696E676672616D65776F726B2E73656375726974792E61757468656E7469636174696F6E2E416273747261637441757468656E7469636174696F6E546F6B656ED3AA287E6E47640E0200035A000D61757468656E746963617465644C000B617574686F7269746965737400164C6A6176612F7574696C2F436F6C6C656374696F6E3B4C000764657461696C737400124C6A6176612F6C616E672F4F626A6563743B787000737200266A6176612E7574696C2E436F6C6C656374696F6E7324556E6D6F6469666961626C654C697374FC0F2531B5EC8E100200014C00046C6973747400104C6A6176612F7574696C2F4C6973743B7872002C6A6176612E7574696C2E436F6C6C656374696F6E7324556E6D6F6469666961626C65436F6C6C656374696F6E19420080CB5EF71E0200014C00016371007E00047870737200136A6176612E7574696C2E41727261794C6973747881D21D99C7619D03000149000473697A657870000000007704000000007871007E000C707372003A6F72672E737072696E676672616D65776F726B2E73656375726974792E6F61757468322E70726F76696465722E4F41757468325265717565737400000000000000010200075A0008617070726F7665644C000B617574686F72697469657371007E00044C000A657874656E73696F6E7374000F4C6A6176612F7574696C2F4D61703B4C000B72656469726563745572697400124C6A6176612F6C616E672F537472696E673B4C00077265667265736874003B4C6F72672F737072696E676672616D65776F726B2F73656375726974792F6F61757468322F70726F76696465722F546F6B656E526571756573743B4C000B7265736F7572636549647374000F4C6A6176612F7574696C2F5365743B4C000D726573706F6E7365547970657371007E0011787200386F72672E737072696E676672616D65776F726B2E73656375726974792E6F61757468322E70726F76696465722E426173655265717565737436287A3EA37169BD0200034C0008636C69656E74496471007E000F4C001172657175657374506172616D657465727371007E000E4C000573636F706571007E001178707400203139666535303633353031353466366438376433366431343036373565313534737200256A6176612E7574696C2E436F6C6C656374696F6E7324556E6D6F6469666961626C654D6170F1A5A8FE74F507420200014C00016D71007E000E7870737200116A6176612E7574696C2E486173684D61700507DAC1C31660D103000246000A6C6F6164466163746F724900097468726573686F6C6478703F400000000000067708000000080000000374000A6772616E745F7479706574000870617373776F7264740009636C69656E745F69647400203139666535303633353031353466366438376433366431343036373565313534740008757365726E616D65740005746573743378737200256A6176612E7574696C2E436F6C6C656374696F6E7324556E6D6F6469666961626C65536574801D92D18F9B80550200007871007E0009737200176A6176612E7574696C2E4C696E6B656448617368536574D86CD75A95DD2A1E020000787200116A6176612E7574696C2E48617368536574BA44859596B8B7340300007870770C000000103F40000000000001740003616C6C78017371007E0022770C000000103F40000000000000787371007E00173F40000000000000770800000010000000007870707371007E0022770C000000103F40000000000001740003616C6C787371007E0022770C000000103F40000000000000787372004F6F72672E737072696E676672616D65776F726B2E73656375726974792E61757468656E7469636174696F6E2E557365726E616D6550617373776F726441757468656E7469636174696F6E546F6B656E000000000000023A0200024C000B63726564656E7469616C7371007E00054C00097072696E636970616C71007E00057871007E0003017371007E00077371007E000B000000007704000000007871007E002D737200176A6176612E7574696C2E4C696E6B6564486173684D617034C04E5C106CC0FB0200015A000B6163636573734F726465727871007E00173F400000000000067708000000080000000474000D636C69656E745F7365637265747400044A58534D71007E001971007E001A71007E001B71007E001C71007E001D71007E001E7800707372001F636F6D2E737570706C792E617574682E6D6F64656C2E4C6F67696E557365722E355509766D39450200074C00076163636F756E7471007E000F4C000B617574686F72697469657371007E00084C000870617373776F726471007E000F4C000A74656E616E74436F646571007E000F4C000874656E616E7449647400104C6A6176612F6C616E672F4C6F6E673B4C000675736572496471007E00334C0008757365726E616D6571007E000F787074000574657374337371007E000B000000007704000000007874003C243261243130247A3362477146676431573055792E50624C754868507573774D626A785769786574796B4A415266574A6A2F73344F636357503763657400044A58534D7372000E6A6176612E6C616E672E4C6F6E673B8BE490CC8F23DF0200014A000576616C7565787200106A6176612E6C616E672E4E756D62657286AC951D0B94E08B020000787000000000000000057371007E0039000000000000001274000774657374332635, '03bce6c2beaee746678e4da22d96b6ca');
INSERT INTO `oauth_access_token` VALUES ('76714f65f5f96be1b8c8a3e72aae8e31', 0xACED0005737200436F72672E737072696E676672616D65776F726B2E73656375726974792E6F61757468322E636F6D6D6F6E2E44656661756C744F4175746832416363657373546F6B656E0CB29E361B24FACE0200064C00156164646974696F6E616C496E666F726D6174696F6E74000F4C6A6176612F7574696C2F4D61703B4C000A65787069726174696F6E7400104C6A6176612F7574696C2F446174653B4C000C72656672657368546F6B656E74003F4C6F72672F737072696E676672616D65776F726B2F73656375726974792F6F61757468322F636F6D6D6F6E2F4F417574683252656672657368546F6B656E3B4C000573636F706574000F4C6A6176612F7574696C2F5365743B4C0009746F6B656E547970657400124C6A6176612F6C616E672F537472696E673B4C000576616C756571007E00057870737200176A6176612E7574696C2E4C696E6B6564486173684D617034C04E5C106CC0FB0200015A000B6163636573734F72646572787200116A6176612E7574696C2E486173684D61700507DAC1C31660D103000246000A6C6F6164466163746F724900097468726573686F6C6478703F4000000000000C770800000010000000017400036A746974002461386236383836322D666339612D346634332D613631632D39313836326232646232383578007372000E6A6176612E7574696C2E44617465686A81014B59741903000078707708000001892A7559F0787372004C6F72672E737072696E676672616D65776F726B2E73656375726974792E6F61757468322E636F6D6D6F6E2E44656661756C744578706972696E674F417574683252656672657368546F6B656E2FDF47639DD0C9B70200014C000A65787069726174696F6E71007E0002787200446F72672E737072696E676672616D65776F726B2E73656375726974792E6F61757468322E636F6D6D6F6E2E44656661756C744F417574683252656672657368546F6B656E73E10E0A6354D45E0200014C000576616C756571007E0005787074016565794A68624763694F694A49557A49314E694973496E523563434936496B705856434A392E65794A68645751694F6C736959577873496C3073496E567A5A584A66626D46745A534936496E526C633351324A6A55694C434A7A593239775A53493657794A68624777695853776959585270496A6F69595468694E6A67344E6A49745A6D4D35595330305A6A517A4C5745324D574D744F5445344E6A4A694D6D52694D6A6731496977695A586877496A6F784E6A67344E7A457A4E6A67784C434A7164476B694F694A6D5954466A4F44466A4F53316C5A6A41794C5451344D6A49744F47526A597930345A6D5179595455774F4449315A5449694C434A6A62476C6C626E5266615751694F6949784F575A6C4E5441324D7A55774D5455305A6A5A6B4F44646B4D7A5A6B4D5451774E6A63315A5445314E434A392E4A435749484130645F52424A486E4951576D6D2D4B46754A37304B546974465A5741456348676B6C4C4B457371007E000C7708000001892F2DD8ED78737200256A6176612E7574696C2E436F6C6C656374696F6E7324556E6D6F6469666961626C65536574801D92D18F9B80550200007872002C6A6176612E7574696C2E436F6C6C656374696F6E7324556E6D6F6469666961626C65436F6C6C656374696F6E19420080CB5EF71E0200014C0001637400164C6A6176612F7574696C2F436F6C6C656374696F6E3B7870737200176A6176612E7574696C2E4C696E6B656448617368536574D86CD75A95DD2A1E020000787200116A6176612E7574696C2E48617368536574BA44859596B8B7340300007870770C000000023F40000000000001740003616C6C7874000662656172657274012965794A68624763694F694A49557A49314E694973496E523563434936496B705856434A392E65794A68645751694F6C736959577873496C3073496D5634634349364D5459344F44597A4E4451344D53776964584E6C636C39755957316C496A6F696447567A6444596D4E534973496D703061534936496D4534596A59344F4459794C575A6A4F5745744E4759304D7931684E6A466A4C546B784F445979596A4A6B596A49344E534973496D4E7361575675644639705A434936496A45355A6D55314D44597A4E5441784E54526D4E6D51344E32517A4E6D51784E4441324E7A566C4D5455304969776963324E76634755694F6C736959577873496C31392E49616833336676673442434D494E387A47364A4B656673783476614C743757553935716B59513746703255, '133047e8c3b816eca4de7a5100703b6a', 'test6&5', '19fe506350154f6d87d36d140675e154', 0xACED0005737200416F72672E737072696E676672616D65776F726B2E73656375726974792E6F61757468322E70726F76696465722E4F417574683241757468656E7469636174696F6EBD400B02166252130200024C000D73746F7265645265717565737474003C4C6F72672F737072696E676672616D65776F726B2F73656375726974792F6F61757468322F70726F76696465722F4F4175746832526571756573743B4C00127573657241757468656E7469636174696F6E7400324C6F72672F737072696E676672616D65776F726B2F73656375726974792F636F72652F41757468656E7469636174696F6E3B787200476F72672E737072696E676672616D65776F726B2E73656375726974792E61757468656E7469636174696F6E2E416273747261637441757468656E7469636174696F6E546F6B656ED3AA287E6E47640E0200035A000D61757468656E746963617465644C000B617574686F7269746965737400164C6A6176612F7574696C2F436F6C6C656374696F6E3B4C000764657461696C737400124C6A6176612F6C616E672F4F626A6563743B787000737200266A6176612E7574696C2E436F6C6C656374696F6E7324556E6D6F6469666961626C654C697374FC0F2531B5EC8E100200014C00046C6973747400104C6A6176612F7574696C2F4C6973743B7872002C6A6176612E7574696C2E436F6C6C656374696F6E7324556E6D6F6469666961626C65436F6C6C656374696F6E19420080CB5EF71E0200014C00016371007E00047870737200136A6176612E7574696C2E41727261794C6973747881D21D99C7619D03000149000473697A657870000000007704000000007871007E000C707372003A6F72672E737072696E676672616D65776F726B2E73656375726974792E6F61757468322E70726F76696465722E4F41757468325265717565737400000000000000010200075A0008617070726F7665644C000B617574686F72697469657371007E00044C000A657874656E73696F6E7374000F4C6A6176612F7574696C2F4D61703B4C000B72656469726563745572697400124C6A6176612F6C616E672F537472696E673B4C00077265667265736874003B4C6F72672F737072696E676672616D65776F726B2F73656375726974792F6F61757468322F70726F76696465722F546F6B656E526571756573743B4C000B7265736F7572636549647374000F4C6A6176612F7574696C2F5365743B4C000D726573706F6E7365547970657371007E0011787200386F72672E737072696E676672616D65776F726B2E73656375726974792E6F61757468322E70726F76696465722E426173655265717565737436287A3EA37169BD0200034C0008636C69656E74496471007E000F4C001172657175657374506172616D657465727371007E000E4C000573636F706571007E001178707400203139666535303633353031353466366438376433366431343036373565313534737200256A6176612E7574696C2E436F6C6C656374696F6E7324556E6D6F6469666961626C654D6170F1A5A8FE74F507420200014C00016D71007E000E7870737200116A6176612E7574696C2E486173684D61700507DAC1C31660D103000246000A6C6F6164466163746F724900097468726573686F6C6478703F400000000000067708000000080000000374000A6772616E745F7479706574000870617373776F7264740009636C69656E745F69647400203139666535303633353031353466366438376433366431343036373565313534740008757365726E616D65740005746573743678737200256A6176612E7574696C2E436F6C6C656374696F6E7324556E6D6F6469666961626C65536574801D92D18F9B80550200007871007E0009737200176A6176612E7574696C2E4C696E6B656448617368536574D86CD75A95DD2A1E020000787200116A6176612E7574696C2E48617368536574BA44859596B8B7340300007870770C000000103F40000000000001740003616C6C78017371007E0022770C000000103F40000000000000787371007E00173F40000000000000770800000010000000007870707371007E0022770C000000103F40000000000001740003616C6C787371007E0022770C000000103F40000000000000787372004F6F72672E737072696E676672616D65776F726B2E73656375726974792E61757468656E7469636174696F6E2E557365726E616D6550617373776F726441757468656E7469636174696F6E546F6B656E000000000000023A0200024C000B63726564656E7469616C7371007E00054C00097072696E636970616C71007E00057871007E0003017371007E00077371007E000B000000007704000000007871007E002D737200176A6176612E7574696C2E4C696E6B6564486173684D617034C04E5C106CC0FB0200015A000B6163636573734F726465727871007E00173F400000000000067708000000080000000474000D636C69656E745F7365637265747400044A58534D71007E001971007E001A71007E001B71007E001C71007E001D71007E001E7800707372001F636F6D2E737570706C792E617574682E6D6F64656C2E4C6F67696E557365722E355509766D39450200074C00076163636F756E7471007E000F4C000B617574686F72697469657371007E00084C000870617373776F726471007E000F4C000A74656E616E74436F646571007E000F4C000874656E616E7449647400104C6A6176612F6C616E672F4C6F6E673B4C000675736572496471007E00334C0008757365726E616D6571007E000F787074000574657374367371007E000B000000007704000000007874003C24326124313024773447596F4D702F6246766B677343614B4E6D4864653762774E566E6C513039366B5A6476692E3576545671454D5432644F4F4C617400044A58534D7372000E6A6176612E6C616E672E4C6F6E673B8BE490CC8F23DF0200014A000576616C7565787200106A6176612E6C616E672E4E756D62657286AC951D0B94E08B020000787000000000000000057371007E0039000000000000001574000774657374362635, 'baf24e604e36fdd4862311682a48f797');
INSERT INTO `oauth_access_token` VALUES ('20669e1741734cd8d51eb420c3a523fe', 0xACED0005737200436F72672E737072696E676672616D65776F726B2E73656375726974792E6F61757468322E636F6D6D6F6E2E44656661756C744F4175746832416363657373546F6B656E0CB29E361B24FACE0200064C00156164646974696F6E616C496E666F726D6174696F6E74000F4C6A6176612F7574696C2F4D61703B4C000A65787069726174696F6E7400104C6A6176612F7574696C2F446174653B4C000C72656672657368546F6B656E74003F4C6F72672F737072696E676672616D65776F726B2F73656375726974792F6F61757468322F636F6D6D6F6E2F4F417574683252656672657368546F6B656E3B4C000573636F706574000F4C6A6176612F7574696C2F5365743B4C0009746F6B656E547970657400124C6A6176612F6C616E672F537472696E673B4C000576616C756571007E00057870737200176A6176612E7574696C2E4C696E6B6564486173684D617034C04E5C106CC0FB0200015A000B6163636573734F72646572787200116A6176612E7574696C2E486173684D61700507DAC1C31660D103000246000A6C6F6164466163746F724900097468726573686F6C6478703F4000000000000C770800000010000000017400036A746974002431646133633361662D303766342D343235352D623336302D66656264303062336531613378007372000E6A6176612E7574696C2E44617465686A81014B597419030000787077080000018B3CF00DF0787372004C6F72672E737072696E676672616D65776F726B2E73656375726974792E6F61757468322E636F6D6D6F6E2E44656661756C744578706972696E674F417574683252656672657368546F6B656E2FDF47639DD0C9B70200014C000A65787069726174696F6E71007E0002787200446F72672E737072696E676672616D65776F726B2E73656375726974792E6F61757468322E636F6D6D6F6E2E44656661756C744F417574683252656672657368546F6B656E73E10E0A6354D45E0200014C000576616C756571007E0005787074016565794A68624763694F694A49557A49314E694973496E523563434936496B705856434A392E65794A68645751694F6C736959577873496C3073496E567A5A584A66626D46745A534936496D466B62576C754A6A55694C434A7A593239775A53493657794A68624777695853776959585270496A6F694D5752684D324D7A595759744D44646D4E4330304D6A55314C57497A4E6A41745A6D56695A444177596A4E6C4D57457A496977695A586877496A6F784E6A6B334E6A41784D4449324C434A7164476B694F694A6959546C6C4E7A466C4D693168596D46684C5451784E4441744F4449344E433077596D49314E7A517A5A444D784D6A59694C434A6A62476C6C626E5266615751694F6949784F575A6C4E5441324D7A55774D5455305A6A5A6B4F44646B4D7A5A6B4D5451774E6A63315A5445314E434A392E69484976694E2D6D557449667656695A436F6837766E464E536D624C38657452676C3954735F6864626D457371007E000C77080000018B40E7F9F578737200256A6176612E7574696C2E436F6C6C656374696F6E7324556E6D6F6469666961626C65536574801D92D18F9B80550200007872002C6A6176612E7574696C2E436F6C6C656374696F6E7324556E6D6F6469666961626C65436F6C6C656374696F6E19420080CB5EF71E0200014C0001637400164C6A6176612F7574696C2F436F6C6C656374696F6E3B7870737200176A6176612E7574696C2E4C696E6B656448617368536574D86CD75A95DD2A1E020000787200116A6176612E7574696C2E48617368536574BA44859596B8B7340300007870770C000000023F40000000000001740003616C6C7874000662656172657274012965794A68624763694F694A49557A49314E694973496E523563434936496B705856434A392E65794A68645751694F6C736959577873496C3073496D5634634349364D5459354E7A557A4E4451304E79776964584E6C636C39755957316C496A6F69595752746157346D4E534973496D703061534936496A466B59544E6A4D32466D4C5441335A6A51744E4449314E5331694D7A59774C575A6C596D51774D47497A5A5446684D794973496D4E7361575675644639705A434936496A45355A6D55314D44597A4E5441784E54526D4E6D51344E32517A4E6D51784E4441324E7A566C4D5455304969776963324E76634755694F6C736959577873496C31392E515F4B67796A314C76634C7856757563736330457734464F726A366E4F2D677674796658556632736F6173, '8d9bc6ec3e6388ebf0e0f8493913abbd', 'admin&5', '19fe506350154f6d87d36d140675e154', 0xACED0005737200416F72672E737072696E676672616D65776F726B2E73656375726974792E6F61757468322E70726F76696465722E4F417574683241757468656E7469636174696F6EBD400B02166252130200024C000D73746F7265645265717565737474003C4C6F72672F737072696E676672616D65776F726B2F73656375726974792F6F61757468322F70726F76696465722F4F4175746832526571756573743B4C00127573657241757468656E7469636174696F6E7400324C6F72672F737072696E676672616D65776F726B2F73656375726974792F636F72652F41757468656E7469636174696F6E3B787200476F72672E737072696E676672616D65776F726B2E73656375726974792E61757468656E7469636174696F6E2E416273747261637441757468656E7469636174696F6E546F6B656ED3AA287E6E47640E0200035A000D61757468656E746963617465644C000B617574686F7269746965737400164C6A6176612F7574696C2F436F6C6C656374696F6E3B4C000764657461696C737400124C6A6176612F6C616E672F4F626A6563743B787000737200266A6176612E7574696C2E436F6C6C656374696F6E7324556E6D6F6469666961626C654C697374FC0F2531B5EC8E100200014C00046C6973747400104C6A6176612F7574696C2F4C6973743B7872002C6A6176612E7574696C2E436F6C6C656374696F6E7324556E6D6F6469666961626C65436F6C6C656374696F6E19420080CB5EF71E0200014C00016371007E00047870737200136A6176612E7574696C2E41727261794C6973747881D21D99C7619D03000149000473697A657870000000007704000000007871007E000C707372003A6F72672E737072696E676672616D65776F726B2E73656375726974792E6F61757468322E70726F76696465722E4F41757468325265717565737400000000000000010200075A0008617070726F7665644C000B617574686F72697469657371007E00044C000A657874656E73696F6E7374000F4C6A6176612F7574696C2F4D61703B4C000B72656469726563745572697400124C6A6176612F6C616E672F537472696E673B4C00077265667265736874003B4C6F72672F737072696E676672616D65776F726B2F73656375726974792F6F61757468322F70726F76696465722F546F6B656E526571756573743B4C000B7265736F7572636549647374000F4C6A6176612F7574696C2F5365743B4C000D726573706F6E7365547970657371007E0011787200386F72672E737072696E676672616D65776F726B2E73656375726974792E6F61757468322E70726F76696465722E426173655265717565737436287A3EA37169BD0200034C0008636C69656E74496471007E000F4C001172657175657374506172616D657465727371007E000E4C000573636F706571007E001178707400203139666535303633353031353466366438376433366431343036373565313534737200256A6176612E7574696C2E436F6C6C656374696F6E7324556E6D6F6469666961626C654D6170F1A5A8FE74F507420200014C00016D71007E000E7870737200116A6176612E7574696C2E486173684D61700507DAC1C31660D103000246000A6C6F6164466163746F724900097468726573686F6C6478703F400000000000067708000000080000000374000A6772616E745F7479706574000870617373776F7264740009636C69656E745F69647400203139666535303633353031353466366438376433366431343036373565313534740008757365726E616D6574000561646D696E78737200256A6176612E7574696C2E436F6C6C656374696F6E7324556E6D6F6469666961626C65536574801D92D18F9B80550200007871007E0009737200176A6176612E7574696C2E4C696E6B656448617368536574D86CD75A95DD2A1E020000787200116A6176612E7574696C2E48617368536574BA44859596B8B7340300007870770C000000103F40000000000001740003616C6C78017371007E0022770C000000103F40000000000000787371007E00173F40000000000000770800000010000000007870707371007E0022770C000000103F40000000000001740003616C6C787371007E0022770C000000103F40000000000000787372004F6F72672E737072696E676672616D65776F726B2E73656375726974792E61757468656E7469636174696F6E2E557365726E616D6550617373776F726441757468656E7469636174696F6E546F6B656E000000000000023A0200024C000B63726564656E7469616C7371007E00054C00097072696E636970616C71007E00057871007E0003017371007E00077371007E000B000000007704000000007871007E002D737200176A6176612E7574696C2E4C696E6B6564486173684D617034C04E5C106CC0FB0200015A000B6163636573734F726465727871007E00173F400000000000067708000000080000000474000D636C69656E745F7365637265747400044A58534D71007E001971007E001A71007E001B71007E001C71007E001D71007E001E7800707372001F636F6D2E737570706C792E617574682E6D6F64656C2E4C6F67696E557365722E355509766D39450200074C00076163636F756E7471007E000F4C000B617574686F72697469657371007E00084C000870617373776F726471007E000F4C000A74656E616E74436F646571007E000F4C000874656E616E7449647400104C6A6176612F6C616E672F4C6F6E673B4C000675736572496471007E00334C0008757365726E616D6571007E000F787074000561646D696E7371007E000B000000007704000000007874003C24326124313024777731454D7A706431724D46636E64517972656A4D754C64324F42307348554655797A725A43726E476E364D306A6F78577759324F7400044A58534D7372000E6A6176612E6C616E672E4C6F6E673B8BE490CC8F23DF0200014A000576616C7565787200106A6176612E6C616E672E4E756D62657286AC951D0B94E08B020000787000000000000000057371007E0039000000000000000D74000761646D696E2635, 'f3138b8a654c81c20f907520d3be7430');

-- ----------------------------
-- Table structure for oauth_approvals
-- ----------------------------
DROP TABLE IF EXISTS `oauth_approvals`;
CREATE TABLE `oauth_approvals`  (
  `userId` varchar(255) CHARACTER SET utf8 COLLATE utf8_general_ci NULL DEFAULT NULL,
  `clientId` varchar(255) CHARACTER SET utf8 COLLATE utf8_general_ci NULL DEFAULT NULL,
  `scope` varchar(255) CHARACTER SET utf8 COLLATE utf8_general_ci NULL DEFAULT NULL,
  `status` varchar(10) CHARACTER SET utf8 COLLATE utf8_general_ci NULL DEFAULT NULL,
  `expiresAt` datetime NULL DEFAULT NULL,
  `lastModifiedAt` datetime NULL DEFAULT NULL
) ENGINE = InnoDB CHARACTER SET = utf8 COLLATE = utf8_general_ci ROW_FORMAT = Dynamic;

-- ----------------------------
-- Records of oauth_approvals
-- ----------------------------

-- ----------------------------
-- Table structure for oauth_client_details
-- ----------------------------
DROP TABLE IF EXISTS `oauth_client_details`;
CREATE TABLE `oauth_client_details`  (
  `client_id` varchar(128) CHARACTER SET utf8 COLLATE utf8_general_ci NOT NULL COMMENT '客户端ID',
  `resource_ids` varchar(256) CHARACTER SET utf8 COLLATE utf8_general_ci NULL DEFAULT NULL COMMENT '资源ID集合，多个资源时用英文逗号分隔',
  `client_secret` varchar(256) CHARACTER SET utf8 COLLATE utf8_general_ci NULL DEFAULT NULL COMMENT '客户端密匙',
  `scope` varchar(256) CHARACTER SET utf8 COLLATE utf8_general_ci NULL DEFAULT NULL COMMENT '客户端申请的权限范围',
  `authorized_grant_types` varchar(256) CHARACTER SET utf8 COLLATE utf8_general_ci NULL DEFAULT NULL COMMENT '客户端支持的grant_type',
  `web_server_redirect_uri` varchar(256) CHARACTER SET utf8 COLLATE utf8_general_ci NULL DEFAULT NULL COMMENT '重定向URI',
  `authorities` varchar(256) CHARACTER SET utf8 COLLATE utf8_general_ci NULL DEFAULT NULL COMMENT '客户端所拥有的SpringSecurity的权限值，多个用英文逗号分隔',
  `access_token_validity` int NULL DEFAULT NULL COMMENT '访问令牌有效时间值(单位秒)',
  `refresh_token_validity` int NULL DEFAULT NULL COMMENT '更新令牌有效时间值(单位秒)',
  `additional_information` varchar(4096) CHARACTER SET utf8 COLLATE utf8_general_ci NULL DEFAULT NULL COMMENT '预留字段',
  `autoapprove` varchar(256) CHARACTER SET utf8 COLLATE utf8_general_ci NULL DEFAULT NULL COMMENT '用户是否自动Approval操作',
  PRIMARY KEY (`client_id`) USING BTREE
) ENGINE = InnoDB CHARACTER SET = utf8 COLLATE = utf8_general_ci COMMENT = '客户端信息' ROW_FORMAT = Dynamic;

-- ----------------------------
-- Records of oauth_client_details
-- ----------------------------
INSERT INTO `oauth_client_details` VALUES ('19fe506350154f6d87d36d140675e154', 'all', '$2a$10$RKgQy8pr6TKiqsJeQqkaIeAEsZtRg30gL5yx.k7Rnduc0Iu86ioc.', 'all', 'implicit,refresh_token,password,client_credentials,authorization_code,sms_code', 'http://localhost:8090/login.html', '', NULL, NULL, '{}', '');
INSERT INTO `oauth_client_details` VALUES ('42a596f9271b4502a00b2cdf48d7795c', 'all', '$2a$10$wiSODKBdP5Xa05K98mDLyOqjLHKGwOxmjlCvHKMZJuq/QlbRVNHhu', 'all', 'implicit,refresh_token,password,client_credentials,authorization_code', 'http://localhost:8090/login.html', '', NULL, NULL, '{}', '');

-- ----------------------------
-- Table structure for oauth_client_token
-- ----------------------------
DROP TABLE IF EXISTS `oauth_client_token`;
CREATE TABLE `oauth_client_token`  (
  `token_id` varchar(255) CHARACTER SET utf8 COLLATE utf8_general_ci NULL DEFAULT NULL,
  `token` longblob NULL,
  `authentication_id` varchar(255) CHARACTER SET utf8 COLLATE utf8_general_ci NULL DEFAULT NULL,
  `user_name` varchar(255) CHARACTER SET utf8 COLLATE utf8_general_ci NULL DEFAULT NULL,
  `client_id` varchar(255) CHARACTER SET utf8 COLLATE utf8_general_ci NULL DEFAULT NULL
) ENGINE = InnoDB CHARACTER SET = utf8 COLLATE = utf8_general_ci ROW_FORMAT = Dynamic;

-- ----------------------------
-- Records of oauth_client_token
-- ----------------------------

-- ----------------------------
-- Table structure for oauth_code
-- ----------------------------
DROP TABLE IF EXISTS `oauth_code`;
CREATE TABLE `oauth_code`  (
  `id` int NOT NULL AUTO_INCREMENT,
  `CODE` varchar(256) CHARACTER SET utf8 COLLATE utf8_general_ci NULL DEFAULT NULL COMMENT '授权码(未加密)',
  `authentication` blob NULL COMMENT 'AuthorizationRequestHolder.java对象序列化后的二进制数据',
  `create_time` timestamp NULL DEFAULT CURRENT_TIMESTAMP COMMENT '创建时间',
  PRIMARY KEY (`id`) USING BTREE
) ENGINE = InnoDB AUTO_INCREMENT = 4 CHARACTER SET = utf8 COLLATE = utf8_general_ci COMMENT = '授权码' ROW_FORMAT = Dynamic;

-- ----------------------------
-- Records of oauth_code
-- ----------------------------

-- ----------------------------
-- Table structure for oauth_refresh_token
-- ----------------------------
DROP TABLE IF EXISTS `oauth_refresh_token`;
CREATE TABLE `oauth_refresh_token`  (
  `token_id` varchar(255) CHARACTER SET utf8 COLLATE utf8_general_ci NULL DEFAULT NULL,
  `token` longblob NULL,
  `authentication` longblob NULL
) ENGINE = InnoDB CHARACTER SET = utf8 COLLATE = utf8_general_ci ROW_FORMAT = Dynamic;

-- ----------------------------
-- Records of oauth_refresh_token
-- ----------------------------
INSERT INTO `oauth_refresh_token` VALUES ('cbe15e740789bb7dac4072974119dc22', 0xACED00057372004C6F72672E737072696E676672616D65776F726B2E73656375726974792E6F61757468322E636F6D6D6F6E2E44656661756C744578706972696E674F417574683252656672657368546F6B656E2FDF47639DD0C9B70200014C000A65787069726174696F6E7400104C6A6176612F7574696C2F446174653B787200446F72672E737072696E676672616D65776F726B2E73656375726974792E6F61757468322E636F6D6D6F6E2E44656661756C744F417574683252656672657368546F6B656E73E10E0A6354D45E0200014C000576616C75657400124C6A6176612F6C616E672F537472696E673B787074016565794A68624763694F694A49557A49314E694973496E523563434936496B705856434A392E65794A68645751694F6C736959577873496C3073496E567A5A584A66626D46745A534936496D466B62576C754A6A45694C434A7A593239775A53493657794A68624777695853776959585270496A6F695A6D4530596A49784F5745745A6A4E6B5A533030596D4D784C574A694D7A49744D6A68694D5467354D544E6C4D574531496977695A586877496A6F784E6A67334D7A41354F5445344C434A7164476B694F694930595759335A574A6C597930784F5455774C5451775A6A4974595449794D69307A5A47526C4E444930596A49324E3251694C434A6A62476C6C626E5266615751694F6949304D6D45314F545A6D4F5449334D5749304E54417959544177596A4A6A5A4759304F4751334E7A6B3159794A392E79714A49795836784378355433725274512D6F5750507A77424A32683841525F37716F6B72465F364F466B7372000E6A6176612E7574696C2E44617465686A81014B5974190300007870770800000188DB8220CB78, 0xACED0005737200416F72672E737072696E676672616D65776F726B2E73656375726974792E6F61757468322E70726F76696465722E4F417574683241757468656E7469636174696F6EBD400B02166252130200024C000D73746F7265645265717565737474003C4C6F72672F737072696E676672616D65776F726B2F73656375726974792F6F61757468322F70726F76696465722F4F4175746832526571756573743B4C00127573657241757468656E7469636174696F6E7400324C6F72672F737072696E676672616D65776F726B2F73656375726974792F636F72652F41757468656E7469636174696F6E3B787200476F72672E737072696E676672616D65776F726B2E73656375726974792E61757468656E7469636174696F6E2E416273747261637441757468656E7469636174696F6E546F6B656ED3AA287E6E47640E0200035A000D61757468656E746963617465644C000B617574686F7269746965737400164C6A6176612F7574696C2F436F6C6C656374696F6E3B4C000764657461696C737400124C6A6176612F6C616E672F4F626A6563743B787000737200266A6176612E7574696C2E436F6C6C656374696F6E7324556E6D6F6469666961626C654C697374FC0F2531B5EC8E100200014C00046C6973747400104C6A6176612F7574696C2F4C6973743B7872002C6A6176612E7574696C2E436F6C6C656374696F6E7324556E6D6F6469666961626C65436F6C6C656374696F6E19420080CB5EF71E0200014C00016371007E00047870737200136A6176612E7574696C2E41727261794C6973747881D21D99C7619D03000149000473697A657870000000007704000000007871007E000C707372003A6F72672E737072696E676672616D65776F726B2E73656375726974792E6F61757468322E70726F76696465722E4F41757468325265717565737400000000000000010200075A0008617070726F7665644C000B617574686F72697469657371007E00044C000A657874656E73696F6E7374000F4C6A6176612F7574696C2F4D61703B4C000B72656469726563745572697400124C6A6176612F6C616E672F537472696E673B4C00077265667265736874003B4C6F72672F737072696E676672616D65776F726B2F73656375726974792F6F61757468322F70726F76696465722F546F6B656E526571756573743B4C000B7265736F7572636549647374000F4C6A6176612F7574696C2F5365743B4C000D726573706F6E7365547970657371007E0011787200386F72672E737072696E676672616D65776F726B2E73656375726974792E6F61757468322E70726F76696465722E426173655265717565737436287A3EA37169BD0200034C0008636C69656E74496471007E000F4C001172657175657374506172616D657465727371007E000E4C000573636F706571007E001178707400203432613539366639323731623435303261303062326364663438643737393563737200256A6176612E7574696C2E436F6C6C656374696F6E7324556E6D6F6469666961626C654D6170F1A5A8FE74F507420200014C00016D71007E000E7870737200116A6176612E7574696C2E486173684D61700507DAC1C31660D103000246000A6C6F6164466163746F724900097468726573686F6C6478703F400000000000067708000000080000000374000A6772616E745F7479706574000870617373776F7264740009636C69656E745F69647400203432613539366639323731623435303261303062326364663438643737393563740008757365726E616D6574000561646D696E78737200256A6176612E7574696C2E436F6C6C656374696F6E7324556E6D6F6469666961626C65536574801D92D18F9B80550200007871007E0009737200176A6176612E7574696C2E4C696E6B656448617368536574D86CD75A95DD2A1E020000787200116A6176612E7574696C2E48617368536574BA44859596B8B7340300007870770C000000103F40000000000001740003616C6C78017371007E0022770C000000103F40000000000000787371007E00173F40000000000000770800000010000000007870707371007E0022770C000000103F40000000000001740003616C6C787371007E0022770C000000103F40000000000000787372004F6F72672E737072696E676672616D65776F726B2E73656375726974792E61757468656E7469636174696F6E2E557365726E616D6550617373776F726441757468656E7469636174696F6E546F6B656E000000000000023A0200024C000B63726564656E7469616C7371007E00054C00097072696E636970616C71007E00057871007E0003017371007E00077371007E000B000000007704000000007871007E002D737200176A6176612E7574696C2E4C696E6B6564486173684D617034C04E5C106CC0FB0200015A000B6163636573734F726465727871007E00173F400000000000067708000000080000000474000D636C69656E745F736563726574740006737570706C7971007E001971007E001A71007E001B71007E001C71007E001D71007E001E7800707372001F636F6D2E737570706C792E617574682E6D6F64656C2E4C6F67696E557365722E355509766D39450200074C00076163636F756E7471007E000F4C000B617574686F72697469657371007E00084C000870617373776F726471007E000F4C000A74656E616E74436F646571007E000F4C000874656E616E7449647400104C6A6176612F6C616E672F4C6F6E673B4C000675736572496471007E00334C0008757365726E616D6571007E000F787074000561646D696E7371007E000B000000007704000000007874003C24326124313024754644644747577939752F525474684765355667342E46464D70766A6E665A4942675831484C674641367644747A4A486143755A75740006737570706C797372000E6A6176612E6C616E672E4C6F6E673B8BE490CC8F23DF0200014A000576616C7565787200106A6176612E6C616E672E4E756D62657286AC951D0B94E08B0200007870000000000000000171007E003B74000761646D696E2631);
INSERT INTO `oauth_refresh_token` VALUES ('692dd7514e38913a406ff268010e995d', 0xACED00057372004C6F72672E737072696E676672616D65776F726B2E73656375726974792E6F61757468322E636F6D6D6F6E2E44656661756C744578706972696E674F417574683252656672657368546F6B656E2FDF47639DD0C9B70200014C000A65787069726174696F6E7400104C6A6176612F7574696C2F446174653B787200446F72672E737072696E676672616D65776F726B2E73656375726974792E6F61757468322E636F6D6D6F6E2E44656661756C744F417574683252656672657368546F6B656E73E10E0A6354D45E0200014C000576616C75657400124C6A6176612F6C616E672F537472696E673B787074016565794A68624763694F694A49557A49314E694973496E523563434936496B705856434A392E65794A68645751694F6C736959577873496C3073496E567A5A584A66626D46745A534936496E526C633351314A6A55694C434A7A593239775A53493657794A68624777695853776959585270496A6F694F44566C59575A6D4D4467744D324E6B4E4330304D6A4A684C5749304E4755745A6D526D4E4755345957457959544A6C496977695A586877496A6F784E6A67334E7A63784F54557A4C434A7164476B694F694979596A51324E47526C5A69316D597A49314C54526B4D4751744F5449784E69303459325532597A45775A4449354E6A55694C434A6A62476C6C626E5266615751694F6949784F575A6C4E5441324D7A55774D5455305A6A5A6B4F44646B4D7A5A6B4D5451774E6A63315A5445314E434A392E4F6A4F33766254477A62466E6E4942657170483163707864543954746B4E563451597438513657787569677372000E6A6176612E7574696C2E44617465686A81014B5974190300007870770800000188F70C378178, 0xACED0005737200416F72672E737072696E676672616D65776F726B2E73656375726974792E6F61757468322E70726F76696465722E4F417574683241757468656E7469636174696F6EBD400B02166252130200024C000D73746F7265645265717565737474003C4C6F72672F737072696E676672616D65776F726B2F73656375726974792F6F61757468322F70726F76696465722F4F4175746832526571756573743B4C00127573657241757468656E7469636174696F6E7400324C6F72672F737072696E676672616D65776F726B2F73656375726974792F636F72652F41757468656E7469636174696F6E3B787200476F72672E737072696E676672616D65776F726B2E73656375726974792E61757468656E7469636174696F6E2E416273747261637441757468656E7469636174696F6E546F6B656ED3AA287E6E47640E0200035A000D61757468656E746963617465644C000B617574686F7269746965737400164C6A6176612F7574696C2F436F6C6C656374696F6E3B4C000764657461696C737400124C6A6176612F6C616E672F4F626A6563743B787000737200266A6176612E7574696C2E436F6C6C656374696F6E7324556E6D6F6469666961626C654C697374FC0F2531B5EC8E100200014C00046C6973747400104C6A6176612F7574696C2F4C6973743B7872002C6A6176612E7574696C2E436F6C6C656374696F6E7324556E6D6F6469666961626C65436F6C6C656374696F6E19420080CB5EF71E0200014C00016371007E00047870737200136A6176612E7574696C2E41727261794C6973747881D21D99C7619D03000149000473697A657870000000007704000000007871007E000C707372003A6F72672E737072696E676672616D65776F726B2E73656375726974792E6F61757468322E70726F76696465722E4F41757468325265717565737400000000000000010200075A0008617070726F7665644C000B617574686F72697469657371007E00044C000A657874656E73696F6E7374000F4C6A6176612F7574696C2F4D61703B4C000B72656469726563745572697400124C6A6176612F6C616E672F537472696E673B4C00077265667265736874003B4C6F72672F737072696E676672616D65776F726B2F73656375726974792F6F61757468322F70726F76696465722F546F6B656E526571756573743B4C000B7265736F7572636549647374000F4C6A6176612F7574696C2F5365743B4C000D726573706F6E7365547970657371007E0011787200386F72672E737072696E676672616D65776F726B2E73656375726974792E6F61757468322E70726F76696465722E426173655265717565737436287A3EA37169BD0200034C0008636C69656E74496471007E000F4C001172657175657374506172616D657465727371007E000E4C000573636F706571007E001178707400203139666535303633353031353466366438376433366431343036373565313534737200256A6176612E7574696C2E436F6C6C656374696F6E7324556E6D6F6469666961626C654D6170F1A5A8FE74F507420200014C00016D71007E000E7870737200116A6176612E7574696C2E486173684D61700507DAC1C31660D103000246000A6C6F6164466163746F724900097468726573686F6C6478703F400000000000067708000000080000000374000A6772616E745F7479706574000870617373776F7264740009636C69656E745F69647400203139666535303633353031353466366438376433366431343036373565313534740008757365726E616D65740005746573743578737200256A6176612E7574696C2E436F6C6C656374696F6E7324556E6D6F6469666961626C65536574801D92D18F9B80550200007871007E0009737200176A6176612E7574696C2E4C696E6B656448617368536574D86CD75A95DD2A1E020000787200116A6176612E7574696C2E48617368536574BA44859596B8B7340300007870770C000000103F40000000000001740003616C6C78017371007E0022770C000000103F40000000000000787371007E00173F40000000000000770800000010000000007870707371007E0022770C000000103F40000000000001740003616C6C787371007E0022770C000000103F40000000000000787372004F6F72672E737072696E676672616D65776F726B2E73656375726974792E61757468656E7469636174696F6E2E557365726E616D6550617373776F726441757468656E7469636174696F6E546F6B656E000000000000023A0200024C000B63726564656E7469616C7371007E00054C00097072696E636970616C71007E00057871007E0003017371007E00077371007E000B000000007704000000007871007E002D737200176A6176612E7574696C2E4C696E6B6564486173684D617034C04E5C106CC0FB0200015A000B6163636573734F726465727871007E00173F400000000000067708000000080000000474000D636C69656E745F7365637265747400044A58534D71007E001971007E001A71007E001B71007E001C71007E001D71007E001E7800707372001F636F6D2E737570706C792E617574682E6D6F64656C2E4C6F67696E557365722E355509766D39450200074C00076163636F756E7471007E000F4C000B617574686F72697469657371007E00084C000870617373776F726471007E000F4C000A74656E616E74436F646571007E000F4C000874656E616E7449647400104C6A6176612F6C616E672F4C6F6E673B4C000675736572496471007E00334C0008757365726E616D6571007E000F787074000574657374357371007E000B000000007704000000007874003C24326124313024564259704F73713331647757363444377264524A3865455776314F71336C377061664A67306F502F4C6C635A52382E44784F5134437400044A58534D7372000E6A6176612E6C616E672E4C6F6E673B8BE490CC8F23DF0200014A000576616C7565787200106A6176612E6C616E672E4E756D62657286AC951D0B94E08B020000787000000000000000057371007E0039000000000000001474000774657374352635);
INSERT INTO `oauth_refresh_token` VALUES ('03bce6c2beaee746678e4da22d96b6ca', 0xACED00057372004C6F72672E737072696E676672616D65776F726B2E73656375726974792E6F61757468322E636F6D6D6F6E2E44656661756C744578706972696E674F417574683252656672657368546F6B656E2FDF47639DD0C9B70200014C000A65787069726174696F6E7400104C6A6176612F7574696C2F446174653B787200446F72672E737072696E676672616D65776F726B2E73656375726974792E6F61757468322E636F6D6D6F6E2E44656661756C744F417574683252656672657368546F6B656E73E10E0A6354D45E0200014C000576616C75657400124C6A6176612F6C616E672F537472696E673B787074016565794A68624763694F694A49557A49314E694973496E523563434936496B705856434A392E65794A68645751694F6C736959577873496C3073496E567A5A584A66626D46745A534936496E526C6333517A4A6A55694C434A7A593239775A53493657794A68624777695853776959585270496A6F695A544D795A446B35596D45744E444E6A595330304E44557A4C574A6D5A4755745954597A4E324A695A574D354F475A6C496977695A586877496A6F784E6A67344D4441354D5463794C434A7164476B694F694A694D5467354E4451784E4330324F4445794C54526C593259744F474D304D53307A5A54566A4E6D466A596A4932597A45694C434A6A62476C6C626E5266615751694F6949784F575A6C4E5441324D7A55774D5455305A6A5A6B4F44646B4D7A5A6B4D5451774E6A63315A5445314E434A392E5F486A4B75426857344A63375279684379436A427762784E31545A7A455848724D50787A6B3261637A70387372000E6A6176612E7574696C2E44617465686A81014B5974190300007870770800000189052FE7F378, 0xACED0005737200416F72672E737072696E676672616D65776F726B2E73656375726974792E6F61757468322E70726F76696465722E4F417574683241757468656E7469636174696F6EBD400B02166252130200024C000D73746F7265645265717565737474003C4C6F72672F737072696E676672616D65776F726B2F73656375726974792F6F61757468322F70726F76696465722F4F4175746832526571756573743B4C00127573657241757468656E7469636174696F6E7400324C6F72672F737072696E676672616D65776F726B2F73656375726974792F636F72652F41757468656E7469636174696F6E3B787200476F72672E737072696E676672616D65776F726B2E73656375726974792E61757468656E7469636174696F6E2E416273747261637441757468656E7469636174696F6E546F6B656ED3AA287E6E47640E0200035A000D61757468656E746963617465644C000B617574686F7269746965737400164C6A6176612F7574696C2F436F6C6C656374696F6E3B4C000764657461696C737400124C6A6176612F6C616E672F4F626A6563743B787000737200266A6176612E7574696C2E436F6C6C656374696F6E7324556E6D6F6469666961626C654C697374FC0F2531B5EC8E100200014C00046C6973747400104C6A6176612F7574696C2F4C6973743B7872002C6A6176612E7574696C2E436F6C6C656374696F6E7324556E6D6F6469666961626C65436F6C6C656374696F6E19420080CB5EF71E0200014C00016371007E00047870737200136A6176612E7574696C2E41727261794C6973747881D21D99C7619D03000149000473697A657870000000007704000000007871007E000C707372003A6F72672E737072696E676672616D65776F726B2E73656375726974792E6F61757468322E70726F76696465722E4F41757468325265717565737400000000000000010200075A0008617070726F7665644C000B617574686F72697469657371007E00044C000A657874656E73696F6E7374000F4C6A6176612F7574696C2F4D61703B4C000B72656469726563745572697400124C6A6176612F6C616E672F537472696E673B4C00077265667265736874003B4C6F72672F737072696E676672616D65776F726B2F73656375726974792F6F61757468322F70726F76696465722F546F6B656E526571756573743B4C000B7265736F7572636549647374000F4C6A6176612F7574696C2F5365743B4C000D726573706F6E7365547970657371007E0011787200386F72672E737072696E676672616D65776F726B2E73656375726974792E6F61757468322E70726F76696465722E426173655265717565737436287A3EA37169BD0200034C0008636C69656E74496471007E000F4C001172657175657374506172616D657465727371007E000E4C000573636F706571007E001178707400203139666535303633353031353466366438376433366431343036373565313534737200256A6176612E7574696C2E436F6C6C656374696F6E7324556E6D6F6469666961626C654D6170F1A5A8FE74F507420200014C00016D71007E000E7870737200116A6176612E7574696C2E486173684D61700507DAC1C31660D103000246000A6C6F6164466163746F724900097468726573686F6C6478703F400000000000067708000000080000000374000A6772616E745F7479706574000870617373776F7264740009636C69656E745F69647400203139666535303633353031353466366438376433366431343036373565313534740008757365726E616D65740005746573743378737200256A6176612E7574696C2E436F6C6C656374696F6E7324556E6D6F6469666961626C65536574801D92D18F9B80550200007871007E0009737200176A6176612E7574696C2E4C696E6B656448617368536574D86CD75A95DD2A1E020000787200116A6176612E7574696C2E48617368536574BA44859596B8B7340300007870770C000000103F40000000000001740003616C6C78017371007E0022770C000000103F40000000000000787371007E00173F40000000000000770800000010000000007870707371007E0022770C000000103F40000000000001740003616C6C787371007E0022770C000000103F40000000000000787372004F6F72672E737072696E676672616D65776F726B2E73656375726974792E61757468656E7469636174696F6E2E557365726E616D6550617373776F726441757468656E7469636174696F6E546F6B656E000000000000023A0200024C000B63726564656E7469616C7371007E00054C00097072696E636970616C71007E00057871007E0003017371007E00077371007E000B000000007704000000007871007E002D737200176A6176612E7574696C2E4C696E6B6564486173684D617034C04E5C106CC0FB0200015A000B6163636573734F726465727871007E00173F400000000000067708000000080000000474000D636C69656E745F7365637265747400044A58534D71007E001971007E001A71007E001B71007E001C71007E001D71007E001E7800707372001F636F6D2E737570706C792E617574682E6D6F64656C2E4C6F67696E557365722E355509766D39450200074C00076163636F756E7471007E000F4C000B617574686F72697469657371007E00084C000870617373776F726471007E000F4C000A74656E616E74436F646571007E000F4C000874656E616E7449647400104C6A6176612F6C616E672F4C6F6E673B4C000675736572496471007E00334C0008757365726E616D6571007E000F787074000574657374337371007E000B000000007704000000007874003C243261243130247A3362477146676431573055792E50624C754868507573774D626A785769786574796B4A415266574A6A2F73344F636357503763657400044A58534D7372000E6A6176612E6C616E672E4C6F6E673B8BE490CC8F23DF0200014A000576616C7565787200106A6176612E6C616E672E4E756D62657286AC951D0B94E08B020000787000000000000000057371007E0039000000000000001274000774657374332635);
INSERT INTO `oauth_refresh_token` VALUES ('4ae7abd3a88de42d311bcfb3e65f4eaa', 0xACED00057372004C6F72672E737072696E676672616D65776F726B2E73656375726974792E6F61757468322E636F6D6D6F6E2E44656661756C744578706972696E674F417574683252656672657368546F6B656E2FDF47639DD0C9B70200014C000A65787069726174696F6E7400104C6A6176612F7574696C2F446174653B787200446F72672E737072696E676672616D65776F726B2E73656375726974792E6F61757468322E636F6D6D6F6E2E44656661756C744F417574683252656672657368546F6B656E73E10E0A6354D45E0200014C000576616C75657400124C6A6176612F6C616E672F537472696E673B787074016565794A68624763694F694A49557A49314E694973496E523563434936496B705856434A392E65794A68645751694F6C736959577873496C3073496E567A5A584A66626D46745A534936496E526C633351784A6A55694C434A7A593239775A53493657794A68624777695853776959585270496A6F69596A4E6D5A544E684F4445745A5751334D7930304F44597A4C546C6B4D446B744E5445785A5463305A6D566B5A57497A496977695A586877496A6F784E6A67344D4441354D6A67794C434A7164476B694F6949794F4459344D574977596930314E444D354C5452694D6A5574595745334E5330344F546B784E6A52684D5449334E4445694C434A6A62476C6C626E5266615751694F6949784F575A6C4E5441324D7A55774D5455305A6A5A6B4F44646B4D7A5A6B4D5451774E6A63315A5445314E434A392E77706842646731617368794934546858694D416E5330702D765F6F4B56466D6A394E67475850726B4F64497372000E6A6176612E7574696C2E44617465686A81014B59741903000078707708000001890531951178, 0xACED0005737200416F72672E737072696E676672616D65776F726B2E73656375726974792E6F61757468322E70726F76696465722E4F417574683241757468656E7469636174696F6EBD400B02166252130200024C000D73746F7265645265717565737474003C4C6F72672F737072696E676672616D65776F726B2F73656375726974792F6F61757468322F70726F76696465722F4F4175746832526571756573743B4C00127573657241757468656E7469636174696F6E7400324C6F72672F737072696E676672616D65776F726B2F73656375726974792F636F72652F41757468656E7469636174696F6E3B787200476F72672E737072696E676672616D65776F726B2E73656375726974792E61757468656E7469636174696F6E2E416273747261637441757468656E7469636174696F6E546F6B656ED3AA287E6E47640E0200035A000D61757468656E746963617465644C000B617574686F7269746965737400164C6A6176612F7574696C2F436F6C6C656374696F6E3B4C000764657461696C737400124C6A6176612F6C616E672F4F626A6563743B787000737200266A6176612E7574696C2E436F6C6C656374696F6E7324556E6D6F6469666961626C654C697374FC0F2531B5EC8E100200014C00046C6973747400104C6A6176612F7574696C2F4C6973743B7872002C6A6176612E7574696C2E436F6C6C656374696F6E7324556E6D6F6469666961626C65436F6C6C656374696F6E19420080CB5EF71E0200014C00016371007E00047870737200136A6176612E7574696C2E41727261794C6973747881D21D99C7619D03000149000473697A657870000000007704000000007871007E000C707372003A6F72672E737072696E676672616D65776F726B2E73656375726974792E6F61757468322E70726F76696465722E4F41757468325265717565737400000000000000010200075A0008617070726F7665644C000B617574686F72697469657371007E00044C000A657874656E73696F6E7374000F4C6A6176612F7574696C2F4D61703B4C000B72656469726563745572697400124C6A6176612F6C616E672F537472696E673B4C00077265667265736874003B4C6F72672F737072696E676672616D65776F726B2F73656375726974792F6F61757468322F70726F76696465722F546F6B656E526571756573743B4C000B7265736F7572636549647374000F4C6A6176612F7574696C2F5365743B4C000D726573706F6E7365547970657371007E0011787200386F72672E737072696E676672616D65776F726B2E73656375726974792E6F61757468322E70726F76696465722E426173655265717565737436287A3EA37169BD0200034C0008636C69656E74496471007E000F4C001172657175657374506172616D657465727371007E000E4C000573636F706571007E001178707400203139666535303633353031353466366438376433366431343036373565313534737200256A6176612E7574696C2E436F6C6C656374696F6E7324556E6D6F6469666961626C654D6170F1A5A8FE74F507420200014C00016D71007E000E7870737200116A6176612E7574696C2E486173684D61700507DAC1C31660D103000246000A6C6F6164466163746F724900097468726573686F6C6478703F400000000000067708000000080000000374000A6772616E745F7479706574000870617373776F7264740009636C69656E745F69647400203139666535303633353031353466366438376433366431343036373565313534740008757365726E616D65740005746573743178737200256A6176612E7574696C2E436F6C6C656374696F6E7324556E6D6F6469666961626C65536574801D92D18F9B80550200007871007E0009737200176A6176612E7574696C2E4C696E6B656448617368536574D86CD75A95DD2A1E020000787200116A6176612E7574696C2E48617368536574BA44859596B8B7340300007870770C000000103F40000000000001740003616C6C78017371007E0022770C000000103F40000000000000787371007E00173F40000000000000770800000010000000007870707371007E0022770C000000103F40000000000001740003616C6C787371007E0022770C000000103F40000000000000787372004F6F72672E737072696E676672616D65776F726B2E73656375726974792E61757468656E7469636174696F6E2E557365726E616D6550617373776F726441757468656E7469636174696F6E546F6B656E000000000000023A0200024C000B63726564656E7469616C7371007E00054C00097072696E636970616C71007E00057871007E0003017371007E00077371007E000B000000007704000000007871007E002D737200176A6176612E7574696C2E4C696E6B6564486173684D617034C04E5C106CC0FB0200015A000B6163636573734F726465727871007E00173F400000000000067708000000080000000474000D636C69656E745F7365637265747400044A58534D71007E001971007E001A71007E001B71007E001C71007E001D71007E001E7800707372001F636F6D2E737570706C792E617574682E6D6F64656C2E4C6F67696E557365722E355509766D39450200074C00076163636F756E7471007E000F4C000B617574686F72697469657371007E00084C000870617373776F726471007E000F4C000A74656E616E74436F646571007E000F4C000874656E616E7449647400104C6A6176612F6C616E672F4C6F6E673B4C000675736572496471007E00334C0008757365726E616D6571007E000F787074000574657374317371007E000B000000007704000000007874003C243261243130247A36337541346B587A4C6665614336486E6834314D4F3945526758326D536456555A7275576D782F574A754F684778626C534A47757400044A58534D7372000E6A6176612E6C616E672E4C6F6E673B8BE490CC8F23DF0200014A000576616C7565787200106A6176612E6C616E672E4E756D62657286AC951D0B94E08B020000787000000000000000057371007E0039000000000000001074000774657374312635);
INSERT INTO `oauth_refresh_token` VALUES ('5e53a0ddc25fa953cb09fc2874c097ab', 0xACED00057372004C6F72672E737072696E676672616D65776F726B2E73656375726974792E6F61757468322E636F6D6D6F6E2E44656661756C744578706972696E674F417574683252656672657368546F6B656E2FDF47639DD0C9B70200014C000A65787069726174696F6E7400104C6A6176612F7574696C2F446174653B787200446F72672E737072696E676672616D65776F726B2E73656375726974792E6F61757468322E636F6D6D6F6E2E44656661756C744F417574683252656672657368546F6B656E73E10E0A6354D45E0200014C000576616C75657400124C6A6176612F6C616E672F537472696E673B787074016565794A68624763694F694A49557A49314E694973496E523563434936496B705856434A392E65794A68645751694F6C736959577873496C3073496E567A5A584A66626D46745A534936496E526C633351794A6A55694C434A7A593239775A53493657794A68624777695853776959585270496A6F6959324D33595751354E7A49744E6A45785A4330304D4746694C546B32596D49744D6D49345A54646D4E4449354D575531496977695A586877496A6F784E6A67344D4441354D6A6B314C434A7164476B694F694A6B4D5749784E546B304D4330784E444D784C54526B596A51744F4441794E43316B5A575A6D4E7A59784E574D30593251694C434A6A62476C6C626E5266615751694F6949784F575A6C4E5441324D7A55774D5455305A6A5A6B4F44646B4D7A5A6B4D5451774E6A63315A5445314E434A392E4F3243324A38345666756C644A6B5762495A72484731767044494D3550425961526D457A506E4A556F6C417372000E6A6176612E7574696C2E44617465686A81014B59741903000078707708000001890531C77978, 0xACED0005737200416F72672E737072696E676672616D65776F726B2E73656375726974792E6F61757468322E70726F76696465722E4F417574683241757468656E7469636174696F6EBD400B02166252130200024C000D73746F7265645265717565737474003C4C6F72672F737072696E676672616D65776F726B2F73656375726974792F6F61757468322F70726F76696465722F4F4175746832526571756573743B4C00127573657241757468656E7469636174696F6E7400324C6F72672F737072696E676672616D65776F726B2F73656375726974792F636F72652F41757468656E7469636174696F6E3B787200476F72672E737072696E676672616D65776F726B2E73656375726974792E61757468656E7469636174696F6E2E416273747261637441757468656E7469636174696F6E546F6B656ED3AA287E6E47640E0200035A000D61757468656E746963617465644C000B617574686F7269746965737400164C6A6176612F7574696C2F436F6C6C656374696F6E3B4C000764657461696C737400124C6A6176612F6C616E672F4F626A6563743B787000737200266A6176612E7574696C2E436F6C6C656374696F6E7324556E6D6F6469666961626C654C697374FC0F2531B5EC8E100200014C00046C6973747400104C6A6176612F7574696C2F4C6973743B7872002C6A6176612E7574696C2E436F6C6C656374696F6E7324556E6D6F6469666961626C65436F6C6C656374696F6E19420080CB5EF71E0200014C00016371007E00047870737200136A6176612E7574696C2E41727261794C6973747881D21D99C7619D03000149000473697A657870000000007704000000007871007E000C707372003A6F72672E737072696E676672616D65776F726B2E73656375726974792E6F61757468322E70726F76696465722E4F41757468325265717565737400000000000000010200075A0008617070726F7665644C000B617574686F72697469657371007E00044C000A657874656E73696F6E7374000F4C6A6176612F7574696C2F4D61703B4C000B72656469726563745572697400124C6A6176612F6C616E672F537472696E673B4C00077265667265736874003B4C6F72672F737072696E676672616D65776F726B2F73656375726974792F6F61757468322F70726F76696465722F546F6B656E526571756573743B4C000B7265736F7572636549647374000F4C6A6176612F7574696C2F5365743B4C000D726573706F6E7365547970657371007E0011787200386F72672E737072696E676672616D65776F726B2E73656375726974792E6F61757468322E70726F76696465722E426173655265717565737436287A3EA37169BD0200034C0008636C69656E74496471007E000F4C001172657175657374506172616D657465727371007E000E4C000573636F706571007E001178707400203139666535303633353031353466366438376433366431343036373565313534737200256A6176612E7574696C2E436F6C6C656374696F6E7324556E6D6F6469666961626C654D6170F1A5A8FE74F507420200014C00016D71007E000E7870737200116A6176612E7574696C2E486173684D61700507DAC1C31660D103000246000A6C6F6164466163746F724900097468726573686F6C6478703F400000000000067708000000080000000374000A6772616E745F7479706574000870617373776F7264740009636C69656E745F69647400203139666535303633353031353466366438376433366431343036373565313534740008757365726E616D65740005746573743278737200256A6176612E7574696C2E436F6C6C656374696F6E7324556E6D6F6469666961626C65536574801D92D18F9B80550200007871007E0009737200176A6176612E7574696C2E4C696E6B656448617368536574D86CD75A95DD2A1E020000787200116A6176612E7574696C2E48617368536574BA44859596B8B7340300007870770C000000103F40000000000001740003616C6C78017371007E0022770C000000103F40000000000000787371007E00173F40000000000000770800000010000000007870707371007E0022770C000000103F40000000000001740003616C6C787371007E0022770C000000103F40000000000000787372004F6F72672E737072696E676672616D65776F726B2E73656375726974792E61757468656E7469636174696F6E2E557365726E616D6550617373776F726441757468656E7469636174696F6E546F6B656E000000000000023A0200024C000B63726564656E7469616C7371007E00054C00097072696E636970616C71007E00057871007E0003017371007E00077371007E000B000000007704000000007871007E002D737200176A6176612E7574696C2E4C696E6B6564486173684D617034C04E5C106CC0FB0200015A000B6163636573734F726465727871007E00173F400000000000067708000000080000000474000D636C69656E745F7365637265747400044A58534D71007E001971007E001A71007E001B71007E001C71007E001D71007E001E7800707372001F636F6D2E737570706C792E617574682E6D6F64656C2E4C6F67696E557365722E355509766D39450200074C00076163636F756E7471007E000F4C000B617574686F72697469657371007E00084C000870617373776F726471007E000F4C000A74656E616E74436F646571007E000F4C000874656E616E7449647400104C6A6176612F6C616E672F4C6F6E673B4C000675736572496471007E00334C0008757365726E616D6571007E000F787074000574657374327371007E000B000000007704000000007874003C2432612431302448516359434C3741455730645373494E646A4D70737570657479502F37386144655537754F336648653765544C4D7653326163644F7400044A58534D7372000E6A6176612E6C616E672E4C6F6E673B8BE490CC8F23DF0200014A000576616C7565787200106A6176612E6C616E672E4E756D62657286AC951D0B94E08B020000787000000000000000057371007E0039000000000000001174000774657374322635);
INSERT INTO `oauth_refresh_token` VALUES ('baf24e604e36fdd4862311682a48f797', 0xACED00057372004C6F72672E737072696E676672616D65776F726B2E73656375726974792E6F61757468322E636F6D6D6F6E2E44656661756C744578706972696E674F417574683252656672657368546F6B656E2FDF47639DD0C9B70200014C000A65787069726174696F6E7400104C6A6176612F7574696C2F446174653B787200446F72672E737072696E676672616D65776F726B2E73656375726974792E6F61757468322E636F6D6D6F6E2E44656661756C744F417574683252656672657368546F6B656E73E10E0A6354D45E0200014C000576616C75657400124C6A6176612F6C616E672F537472696E673B787074016565794A68624763694F694A49557A49314E694973496E523563434936496B705856434A392E65794A68645751694F6C736959577873496C3073496E567A5A584A66626D46745A534936496E526C633351324A6A55694C434A7A593239775A53493657794A68624777695853776959585270496A6F69595468694E6A67344E6A49745A6D4D35595330305A6A517A4C5745324D574D744F5445344E6A4A694D6D52694D6A6731496977695A586877496A6F784E6A67344E7A457A4E6A67784C434A7164476B694F694A6D5954466A4F44466A4F53316C5A6A41794C5451344D6A49744F47526A597930345A6D5179595455774F4449315A5449694C434A6A62476C6C626E5266615751694F6949784F575A6C4E5441324D7A55774D5455305A6A5A6B4F44646B4D7A5A6B4D5451774E6A63315A5445314E434A392E4A435749484130645F52424A486E4951576D6D2D4B46754A37304B546974465A5741456348676B6C4C4B457372000E6A6176612E7574696C2E44617465686A81014B59741903000078707708000001892F2DD8ED78, 0xACED0005737200416F72672E737072696E676672616D65776F726B2E73656375726974792E6F61757468322E70726F76696465722E4F417574683241757468656E7469636174696F6EBD400B02166252130200024C000D73746F7265645265717565737474003C4C6F72672F737072696E676672616D65776F726B2F73656375726974792F6F61757468322F70726F76696465722F4F4175746832526571756573743B4C00127573657241757468656E7469636174696F6E7400324C6F72672F737072696E676672616D65776F726B2F73656375726974792F636F72652F41757468656E7469636174696F6E3B787200476F72672E737072696E676672616D65776F726B2E73656375726974792E61757468656E7469636174696F6E2E416273747261637441757468656E7469636174696F6E546F6B656ED3AA287E6E47640E0200035A000D61757468656E746963617465644C000B617574686F7269746965737400164C6A6176612F7574696C2F436F6C6C656374696F6E3B4C000764657461696C737400124C6A6176612F6C616E672F4F626A6563743B787000737200266A6176612E7574696C2E436F6C6C656374696F6E7324556E6D6F6469666961626C654C697374FC0F2531B5EC8E100200014C00046C6973747400104C6A6176612F7574696C2F4C6973743B7872002C6A6176612E7574696C2E436F6C6C656374696F6E7324556E6D6F6469666961626C65436F6C6C656374696F6E19420080CB5EF71E0200014C00016371007E00047870737200136A6176612E7574696C2E41727261794C6973747881D21D99C7619D03000149000473697A657870000000007704000000007871007E000C707372003A6F72672E737072696E676672616D65776F726B2E73656375726974792E6F61757468322E70726F76696465722E4F41757468325265717565737400000000000000010200075A0008617070726F7665644C000B617574686F72697469657371007E00044C000A657874656E73696F6E7374000F4C6A6176612F7574696C2F4D61703B4C000B72656469726563745572697400124C6A6176612F6C616E672F537472696E673B4C00077265667265736874003B4C6F72672F737072696E676672616D65776F726B2F73656375726974792F6F61757468322F70726F76696465722F546F6B656E526571756573743B4C000B7265736F7572636549647374000F4C6A6176612F7574696C2F5365743B4C000D726573706F6E7365547970657371007E0011787200386F72672E737072696E676672616D65776F726B2E73656375726974792E6F61757468322E70726F76696465722E426173655265717565737436287A3EA37169BD0200034C0008636C69656E74496471007E000F4C001172657175657374506172616D657465727371007E000E4C000573636F706571007E001178707400203139666535303633353031353466366438376433366431343036373565313534737200256A6176612E7574696C2E436F6C6C656374696F6E7324556E6D6F6469666961626C654D6170F1A5A8FE74F507420200014C00016D71007E000E7870737200116A6176612E7574696C2E486173684D61700507DAC1C31660D103000246000A6C6F6164466163746F724900097468726573686F6C6478703F400000000000067708000000080000000374000A6772616E745F7479706574000870617373776F7264740009636C69656E745F69647400203139666535303633353031353466366438376433366431343036373565313534740008757365726E616D65740005746573743678737200256A6176612E7574696C2E436F6C6C656374696F6E7324556E6D6F6469666961626C65536574801D92D18F9B80550200007871007E0009737200176A6176612E7574696C2E4C696E6B656448617368536574D86CD75A95DD2A1E020000787200116A6176612E7574696C2E48617368536574BA44859596B8B7340300007870770C000000103F40000000000001740003616C6C78017371007E0022770C000000103F40000000000000787371007E00173F40000000000000770800000010000000007870707371007E0022770C000000103F40000000000001740003616C6C787371007E0022770C000000103F40000000000000787372004F6F72672E737072696E676672616D65776F726B2E73656375726974792E61757468656E7469636174696F6E2E557365726E616D6550617373776F726441757468656E7469636174696F6E546F6B656E000000000000023A0200024C000B63726564656E7469616C7371007E00054C00097072696E636970616C71007E00057871007E0003017371007E00077371007E000B000000007704000000007871007E002D737200176A6176612E7574696C2E4C696E6B6564486173684D617034C04E5C106CC0FB0200015A000B6163636573734F726465727871007E00173F400000000000067708000000080000000474000D636C69656E745F7365637265747400044A58534D71007E001971007E001A71007E001B71007E001C71007E001D71007E001E7800707372001F636F6D2E737570706C792E617574682E6D6F64656C2E4C6F67696E557365722E355509766D39450200074C00076163636F756E7471007E000F4C000B617574686F72697469657371007E00084C000870617373776F726471007E000F4C000A74656E616E74436F646571007E000F4C000874656E616E7449647400104C6A6176612F6C616E672F4C6F6E673B4C000675736572496471007E00334C0008757365726E616D6571007E000F787074000574657374367371007E000B000000007704000000007874003C24326124313024773447596F4D702F6246766B677343614B4E6D4864653762774E566E6C513039366B5A6476692E3576545671454D5432644F4F4C617400044A58534D7372000E6A6176612E6C616E672E4C6F6E673B8BE490CC8F23DF0200014A000576616C7565787200106A6176612E6C616E672E4E756D62657286AC951D0B94E08B020000787000000000000000057371007E0039000000000000001574000774657374362635);
INSERT INTO `oauth_refresh_token` VALUES ('d195a1f39b3df66fd06c45f17a8a8a60', 0xACED00057372004C6F72672E737072696E676672616D65776F726B2E73656375726974792E6F61757468322E636F6D6D6F6E2E44656661756C744578706972696E674F417574683252656672657368546F6B656E2FDF47639DD0C9B70200014C000A65787069726174696F6E7400104C6A6176612F7574696C2F446174653B787200446F72672E737072696E676672616D65776F726B2E73656375726974792E6F61757468322E636F6D6D6F6E2E44656661756C744F417574683252656672657368546F6B656E73E10E0A6354D45E0200014C000576616C75657400124C6A6176612F6C616E672F537472696E673B787074016365794A68624763694F694A49557A49314E694973496E523563434936496B705856434A392E65794A68645751694F6C736959577873496C3073496E567A5A584A66626D46745A534936496D466B62576C754969776963324E76634755694F6C736959577873496C3073496D463061534936496D4E6B4E4745774D6A45774C544269597A45744E44566A597930354E6A6B7A4C574D79597A51335A6A6C6A5A574D775A434973496D5634634349364D5459354E7A45324D544D774D437769616E5270496A6F694D7A6B304D325A6B59544D744D446B33597930304D4442694C54677A5A474974595449314D6A45794F475A685A6A633149697769593278705A57353058326C6B496A6F694D546C6D5A5455774E6A4D314D4445314E4759325A4467335A444D325A4445304D4459334E5755784E54516966512E36374A4C6D336F5A6D375366675F4945706E315167333434304F575A34726971797139537256347A66476B7372000E6A6176612E7574696C2E44617465686A81014B597419030000787077080000018B26B2499B78, 0xACED0005737200416F72672E737072696E676672616D65776F726B2E73656375726974792E6F61757468322E70726F76696465722E4F417574683241757468656E7469636174696F6EBD400B02166252130200024C000D73746F7265645265717565737474003C4C6F72672F737072696E676672616D65776F726B2F73656375726974792F6F61757468322F70726F76696465722F4F4175746832526571756573743B4C00127573657241757468656E7469636174696F6E7400324C6F72672F737072696E676672616D65776F726B2F73656375726974792F636F72652F41757468656E7469636174696F6E3B787200476F72672E737072696E676672616D65776F726B2E73656375726974792E61757468656E7469636174696F6E2E416273747261637441757468656E7469636174696F6E546F6B656ED3AA287E6E47640E0200035A000D61757468656E746963617465644C000B617574686F7269746965737400164C6A6176612F7574696C2F436F6C6C656374696F6E3B4C000764657461696C737400124C6A6176612F6C616E672F4F626A6563743B787000737200266A6176612E7574696C2E436F6C6C656374696F6E7324556E6D6F6469666961626C654C697374FC0F2531B5EC8E100200014C00046C6973747400104C6A6176612F7574696C2F4C6973743B7872002C6A6176612E7574696C2E436F6C6C656374696F6E7324556E6D6F6469666961626C65436F6C6C656374696F6E19420080CB5EF71E0200014C00016371007E00047870737200136A6176612E7574696C2E41727261794C6973747881D21D99C7619D03000149000473697A657870000000007704000000007871007E000C707372003A6F72672E737072696E676672616D65776F726B2E73656375726974792E6F61757468322E70726F76696465722E4F41757468325265717565737400000000000000010200075A0008617070726F7665644C000B617574686F72697469657371007E00044C000A657874656E73696F6E7374000F4C6A6176612F7574696C2F4D61703B4C000B72656469726563745572697400124C6A6176612F6C616E672F537472696E673B4C00077265667265736874003B4C6F72672F737072696E676672616D65776F726B2F73656375726974792F6F61757468322F70726F76696465722F546F6B656E526571756573743B4C000B7265736F7572636549647374000F4C6A6176612F7574696C2F5365743B4C000D726573706F6E7365547970657371007E0011787200386F72672E737072696E676672616D65776F726B2E73656375726974792E6F61757468322E70726F76696465722E426173655265717565737436287A3EA37169BD0200034C0008636C69656E74496471007E000F4C001172657175657374506172616D657465727371007E000E4C000573636F706571007E001178707400203139666535303633353031353466366438376433366431343036373565313534737200256A6176612E7574696C2E436F6C6C656374696F6E7324556E6D6F6469666961626C654D6170F1A5A8FE74F507420200014C00016D71007E000E7870737200116A6176612E7574696C2E486173684D61700507DAC1C31660D103000246000A6C6F6164466163746F724900097468726573686F6C6478703F400000000000067708000000080000000374000A6772616E745F7479706574000870617373776F7264740009636C69656E745F69647400203139666535303633353031353466366438376433366431343036373565313534740008757365726E616D6574000761646D696E263578737200256A6176612E7574696C2E436F6C6C656374696F6E7324556E6D6F6469666961626C65536574801D92D18F9B80550200007871007E0009737200176A6176612E7574696C2E4C696E6B656448617368536574D86CD75A95DD2A1E020000787200116A6176612E7574696C2E48617368536574BA44859596B8B7340300007870770C000000103F40000000000001740003616C6C78017371007E0022770C000000103F40000000000000787371007E00173F40000000000000770800000010000000007870707371007E0022770C000000103F40000000000001740003616C6C787371007E0022770C000000103F40000000000000787372004F6F72672E737072696E676672616D65776F726B2E73656375726974792E61757468656E7469636174696F6E2E557365726E616D6550617373776F726441757468656E7469636174696F6E546F6B656E000000000000023A0200024C000B63726564656E7469616C7371007E00054C00097072696E636970616C71007E00057871007E0003017371007E00077371007E000B000000007704000000007871007E002D737200176A6176612E7574696C2E4C696E6B6564486173684D617034C04E5C106CC0FB0200015A000B6163636573734F726465727871007E00173F400000000000067708000000080000000474000D636C69656E745F7365637265747400044A58534D71007E001971007E001A71007E001B71007E001C71007E001D71007E001E7800707372001F636F6D2E737570706C792E617574682E6D6F64656C2E4C6F67696E5573657217FC7E6346AF541E0200064C000B617574686F72697469657371007E00084C000870617373776F726471007E000F4C000A74656E616E74436F646571007E000F4C000874656E616E7449647400104C6A6176612F6C616E672F4C6F6E673B4C000675736572496471007E00334C0008757365726E616D6571007E000F78707371007E000B000000007704000000007874003C24326124313024777731454D7A706431724D46636E64517972656A4D754C64324F42307348554655797A725A43726E476E364D306A6F78577759324F7400044A58534D7372000E6A6176612E6C616E672E4C6F6E673B8BE490CC8F23DF0200014A000576616C7565787200106A6176612E6C616E672E4E756D62657286AC951D0B94E08B020000787000000000000000057371007E0038000000000000000D74000561646D696E);
INSERT INTO `oauth_refresh_token` VALUES ('f3138b8a654c81c20f907520d3be7430', 0xACED00057372004C6F72672E737072696E676672616D65776F726B2E73656375726974792E6F61757468322E636F6D6D6F6E2E44656661756C744578706972696E674F417574683252656672657368546F6B656E2FDF47639DD0C9B70200014C000A65787069726174696F6E7400104C6A6176612F7574696C2F446174653B787200446F72672E737072696E676672616D65776F726B2E73656375726974792E6F61757468322E636F6D6D6F6E2E44656661756C744F417574683252656672657368546F6B656E73E10E0A6354D45E0200014C000576616C75657400124C6A6176612F6C616E672F537472696E673B787074016565794A68624763694F694A49557A49314E694973496E523563434936496B705856434A392E65794A68645751694F6C736959577873496C3073496E567A5A584A66626D46745A534936496D466B62576C754A6A55694C434A7A593239775A53493657794A68624777695853776959585270496A6F694D5752684D324D7A595759744D44646D4E4330304D6A55314C57497A4E6A41745A6D56695A444177596A4E6C4D57457A496977695A586877496A6F784E6A6B334E6A41784D4449324C434A7164476B694F694A6959546C6C4E7A466C4D693168596D46684C5451784E4441744F4449344E433077596D49314E7A517A5A444D784D6A59694C434A6A62476C6C626E5266615751694F6949784F575A6C4E5441324D7A55774D5455305A6A5A6B4F44646B4D7A5A6B4D5451774E6A63315A5445314E434A392E69484976694E2D6D557449667656695A436F6837766E464E536D624C38657452676C3954735F6864626D457372000E6A6176612E7574696C2E44617465686A81014B597419030000787077080000018B40E7F9F578, 0xACED0005737200416F72672E737072696E676672616D65776F726B2E73656375726974792E6F61757468322E70726F76696465722E4F417574683241757468656E7469636174696F6EBD400B02166252130200024C000D73746F7265645265717565737474003C4C6F72672F737072696E676672616D65776F726B2F73656375726974792F6F61757468322F70726F76696465722F4F4175746832526571756573743B4C00127573657241757468656E7469636174696F6E7400324C6F72672F737072696E676672616D65776F726B2F73656375726974792F636F72652F41757468656E7469636174696F6E3B787200476F72672E737072696E676672616D65776F726B2E73656375726974792E61757468656E7469636174696F6E2E416273747261637441757468656E7469636174696F6E546F6B656ED3AA287E6E47640E0200035A000D61757468656E746963617465644C000B617574686F7269746965737400164C6A6176612F7574696C2F436F6C6C656374696F6E3B4C000764657461696C737400124C6A6176612F6C616E672F4F626A6563743B787000737200266A6176612E7574696C2E436F6C6C656374696F6E7324556E6D6F6469666961626C654C697374FC0F2531B5EC8E100200014C00046C6973747400104C6A6176612F7574696C2F4C6973743B7872002C6A6176612E7574696C2E436F6C6C656374696F6E7324556E6D6F6469666961626C65436F6C6C656374696F6E19420080CB5EF71E0200014C00016371007E00047870737200136A6176612E7574696C2E41727261794C6973747881D21D99C7619D03000149000473697A657870000000007704000000007871007E000C707372003A6F72672E737072696E676672616D65776F726B2E73656375726974792E6F61757468322E70726F76696465722E4F41757468325265717565737400000000000000010200075A0008617070726F7665644C000B617574686F72697469657371007E00044C000A657874656E73696F6E7374000F4C6A6176612F7574696C2F4D61703B4C000B72656469726563745572697400124C6A6176612F6C616E672F537472696E673B4C00077265667265736874003B4C6F72672F737072696E676672616D65776F726B2F73656375726974792F6F61757468322F70726F76696465722F546F6B656E526571756573743B4C000B7265736F7572636549647374000F4C6A6176612F7574696C2F5365743B4C000D726573706F6E7365547970657371007E0011787200386F72672E737072696E676672616D65776F726B2E73656375726974792E6F61757468322E70726F76696465722E426173655265717565737436287A3EA37169BD0200034C0008636C69656E74496471007E000F4C001172657175657374506172616D657465727371007E000E4C000573636F706571007E001178707400203139666535303633353031353466366438376433366431343036373565313534737200256A6176612E7574696C2E436F6C6C656374696F6E7324556E6D6F6469666961626C654D6170F1A5A8FE74F507420200014C00016D71007E000E7870737200116A6176612E7574696C2E486173684D61700507DAC1C31660D103000246000A6C6F6164466163746F724900097468726573686F6C6478703F400000000000067708000000080000000374000A6772616E745F7479706574000870617373776F7264740009636C69656E745F69647400203139666535303633353031353466366438376433366431343036373565313534740008757365726E616D6574000561646D696E78737200256A6176612E7574696C2E436F6C6C656374696F6E7324556E6D6F6469666961626C65536574801D92D18F9B80550200007871007E0009737200176A6176612E7574696C2E4C696E6B656448617368536574D86CD75A95DD2A1E020000787200116A6176612E7574696C2E48617368536574BA44859596B8B7340300007870770C000000103F40000000000001740003616C6C78017371007E0022770C000000103F40000000000000787371007E00173F40000000000000770800000010000000007870707371007E0022770C000000103F40000000000001740003616C6C787371007E0022770C000000103F40000000000000787372004F6F72672E737072696E676672616D65776F726B2E73656375726974792E61757468656E7469636174696F6E2E557365726E616D6550617373776F726441757468656E7469636174696F6E546F6B656E000000000000023A0200024C000B63726564656E7469616C7371007E00054C00097072696E636970616C71007E00057871007E0003017371007E00077371007E000B000000007704000000007871007E002D737200176A6176612E7574696C2E4C696E6B6564486173684D617034C04E5C106CC0FB0200015A000B6163636573734F726465727871007E00173F400000000000067708000000080000000474000D636C69656E745F7365637265747400044A58534D71007E001971007E001A71007E001B71007E001C71007E001D71007E001E7800707372001F636F6D2E737570706C792E617574682E6D6F64656C2E4C6F67696E557365722E355509766D39450200074C00076163636F756E7471007E000F4C000B617574686F72697469657371007E00084C000870617373776F726471007E000F4C000A74656E616E74436F646571007E000F4C000874656E616E7449647400104C6A6176612F6C616E672F4C6F6E673B4C000675736572496471007E00334C0008757365726E616D6571007E000F787074000561646D696E7371007E000B000000007704000000007874003C24326124313024777731454D7A706431724D46636E64517972656A4D754C64324F42307348554655797A725A43726E476E364D306A6F78577759324F7400044A58534D7372000E6A6176612E6C616E672E4C6F6E673B8BE490CC8F23DF0200014A000576616C7565787200106A6176612E6C616E672E4E756D62657286AC951D0B94E08B020000787000000000000000057371007E0039000000000000000D74000761646D696E2635);

-- ----------------------------
-- Table structure for sys_data_scope_range
-- ----------------------------
DROP TABLE IF EXISTS `sys_data_scope_range`;
CREATE TABLE `sys_data_scope_range`  (
  `id` bigint NOT NULL AUTO_INCREMENT COMMENT '主键ID',
  `data_scope_type_id` bigint NULL DEFAULT NULL COMMENT '用户资源数据权限类型ID',
  `data_scope_range` int NULL DEFAULT NULL COMMENT '数据权限范围',
  `data_scope_id` bigint NULL DEFAULT NULL COMMENT '数据权限ID',
  `create_user_id` bigint NULL DEFAULT NULL COMMENT '创建人',
  `create_time` datetime NULL DEFAULT NULL COMMENT '创建时间',
  `update_user_id` bigint NULL DEFAULT NULL COMMENT '修改人',
  `update_time` datetime NULL DEFAULT NULL COMMENT '修改时间',
  `status` int NULL DEFAULT NULL COMMENT '状态',
  PRIMARY KEY (`id`) USING BTREE
) ENGINE = InnoDB CHARACTER SET = utf8mb4 COLLATE = utf8mb4_unicode_ci COMMENT = '用户数据权限范围' ROW_FORMAT = Dynamic;

-- ----------------------------
-- Records of sys_data_scope_range
-- ----------------------------

-- ----------------------------
-- Table structure for sys_data_scope_type
-- ----------------------------
DROP TABLE IF EXISTS `sys_data_scope_type`;
CREATE TABLE `sys_data_scope_type`  (
  `id` bigint NOT NULL AUTO_INCREMENT COMMENT '主键ID',
  `user_id` bigint NULL DEFAULT NULL COMMENT '用户ID',
  `resource_id` bigint NULL DEFAULT NULL COMMENT '资源ID',
  `data_scope_type` int NULL DEFAULT NULL COMMENT '数据权限类型',
  `tenant_id` bigint NULL DEFAULT NULL COMMENT '租户ID',
  `create_user_id` bigint NULL DEFAULT NULL COMMENT '创建人',
  `create_time` datetime NULL DEFAULT NULL COMMENT '创建时间',
  `update_user_id` bigint NULL DEFAULT NULL COMMENT '修改人',
  `update_time` datetime NULL DEFAULT NULL COMMENT '修改时间',
  `status` int NULL DEFAULT NULL COMMENT '状态',
  PRIMARY KEY (`id`) USING BTREE
) ENGINE = InnoDB CHARACTER SET = utf8mb4 COLLATE = utf8mb4_unicode_ci COMMENT = '用户资源数据权限类型' ROW_FORMAT = Dynamic;

-- ----------------------------
-- Records of sys_data_scope_type
-- ----------------------------

-- ----------------------------
-- Table structure for sys_dict
-- ----------------------------
DROP TABLE IF EXISTS `sys_dict`;
CREATE TABLE `sys_dict`  (
  `id` bigint NOT NULL AUTO_INCREMENT COMMENT '主键ID',
  `name` varchar(64) CHARACTER SET utf8mb4 COLLATE utf8mb4_unicode_ci NULL DEFAULT NULL COMMENT '字典名称',
  `code` varchar(32) CHARACTER SET utf8mb4 COLLATE utf8mb4_unicode_ci NULL DEFAULT NULL COMMENT '字典编码',
  `description` text CHARACTER SET utf8mb4 COLLATE utf8mb4_unicode_ci NULL COMMENT '字典备注',
  `create_user_id` bigint NULL DEFAULT NULL COMMENT '创建人',
  `create_time` datetime NULL DEFAULT NULL COMMENT '创建时间',
  `update_user_id` bigint NULL DEFAULT NULL COMMENT '修改人',
  `update_time` datetime NULL DEFAULT NULL COMMENT '修改时间',
  `status` int NULL DEFAULT NULL COMMENT '状态',
  PRIMARY KEY (`id`) USING BTREE
) ENGINE = InnoDB AUTO_INCREMENT = 4 CHARACTER SET = utf8mb4 COLLATE = utf8mb4_unicode_ci COMMENT = '业务字典类型表' ROW_FORMAT = Dynamic;

-- ----------------------------
-- Records of sys_dict
-- ----------------------------
INSERT INTO `sys_dict` VALUES (3, '状态', 'status', NULL, 13, '2023-06-08 14:58:13', NULL, NULL, 0);

-- ----------------------------
-- Table structure for sys_dict_category
-- ----------------------------
DROP TABLE IF EXISTS `sys_dict_category`;
CREATE TABLE `sys_dict_category`  (
  `id` bigint NOT NULL AUTO_INCREMENT COMMENT '主键ID',
  `parent_id` bigint NULL DEFAULT NULL COMMENT '父级ID',
  `name` varchar(255) CHARACTER SET utf8mb4 COLLATE utf8mb4_unicode_ci NULL DEFAULT NULL COMMENT '名称',
  `code` varchar(255) CHARACTER SET utf8mb4 COLLATE utf8mb4_unicode_ci NULL DEFAULT NULL COMMENT '编码',
  `description` text CHARACTER SET utf8mb4 COLLATE utf8mb4_unicode_ci NULL COMMENT '字典备注',
  `level` int NULL DEFAULT NULL COMMENT '层级',
  `has_children` tinyint NULL DEFAULT NULL COMMENT '是否含有子级',
  `create_user_id` bigint NULL DEFAULT NULL COMMENT '创建人',
  `create_time` datetime NULL DEFAULT NULL COMMENT '创建时间',
  `update_user_id` bigint NULL DEFAULT NULL COMMENT '修改人',
  `update_time` datetime NULL DEFAULT NULL COMMENT '修改时间',
  `status` int NULL DEFAULT NULL COMMENT '状态',
  PRIMARY KEY (`id`) USING BTREE
) ENGINE = InnoDB CHARACTER SET = utf8mb4 COLLATE = utf8mb4_unicode_ci COMMENT = '字典分类' ROW_FORMAT = Dynamic;

-- ----------------------------
-- Records of sys_dict_category
-- ----------------------------

-- ----------------------------
-- Table structure for sys_dict_item
-- ----------------------------
DROP TABLE IF EXISTS `sys_dict_item`;
CREATE TABLE `sys_dict_item`  (
  `id` bigint NOT NULL AUTO_INCREMENT COMMENT '主键ID',
  `dict_id` int NULL DEFAULT NULL COMMENT '字典类型ID',
  `label` varchar(64) CHARACTER SET utf8mb4 COLLATE utf8mb4_unicode_ci NULL DEFAULT NULL COMMENT '字典名称',
  `value` varchar(64) CHARACTER SET utf8mb4 COLLATE utf8mb4_unicode_ci NULL DEFAULT NULL COMMENT '字典值',
  `sort` int NULL DEFAULT NULL COMMENT '排序',
  `create_user_id` bigint NULL DEFAULT NULL COMMENT '创建人',
  `create_time` datetime NULL DEFAULT NULL COMMENT '创建时间',
  `update_user_id` bigint NULL DEFAULT NULL COMMENT '修改人',
  `update_time` datetime NULL DEFAULT NULL COMMENT '修改时间',
  `status` int NULL DEFAULT NULL COMMENT '状态',
  PRIMARY KEY (`id`) USING BTREE
) ENGINE = InnoDB CHARACTER SET = utf8mb4 COLLATE = utf8mb4_unicode_ci COMMENT = '字典数据表' ROW_FORMAT = Dynamic;

-- ----------------------------
-- Records of sys_dict_item
-- ----------------------------

-- ----------------------------
-- Table structure for sys_org
-- ----------------------------
DROP TABLE IF EXISTS `sys_org`;
CREATE TABLE `sys_org`  (
  `id` bigint NOT NULL AUTO_INCREMENT COMMENT '主键ID',
  `org_type` int NULL DEFAULT NULL COMMENT '组织机构类型',
  `code` varchar(255) CHARACTER SET utf8mb4 COLLATE utf8mb4_general_ci NULL DEFAULT NULL COMMENT '编码',
  `name` varchar(64) CHARACTER SET utf8mb4 COLLATE utf8mb4_general_ci NULL DEFAULT NULL COMMENT '组织名称',
  `address` varchar(128) CHARACTER SET utf8mb4 COLLATE utf8mb4_general_ci NULL DEFAULT NULL COMMENT '组织地址',
  `description` text CHARACTER SET utf8mb4 COLLATE utf8mb4_general_ci NULL COMMENT '描述',
  `business_status` int NULL DEFAULT NULL COMMENT '业务状态',
  `is_main` tinyint(1) NULL DEFAULT NULL COMMENT '是否主公司',
  `sort` int NULL DEFAULT NULL COMMENT '排序',
  `parent_id` bigint NULL DEFAULT NULL COMMENT '父ID',
  `tenant_id` bigint NULL DEFAULT NULL COMMENT '租户ID',
  `create_user_id` bigint NULL DEFAULT NULL COMMENT '创建人',
  `create_time` datetime NULL DEFAULT NULL COMMENT '创建时间',
  `update_user_id` bigint NULL DEFAULT NULL COMMENT '修改人',
  `update_time` datetime NULL DEFAULT NULL COMMENT '修改时间',
  `status` int NULL DEFAULT NULL COMMENT '状态',
  PRIMARY KEY (`id`) USING BTREE
) ENGINE = InnoDB AUTO_INCREMENT = 21 CHARACTER SET = utf8mb4 COLLATE = utf8mb4_general_ci COMMENT = '公司基本信息' ROW_FORMAT = Dynamic;

-- ----------------------------
-- Records of sys_org
-- ----------------------------
INSERT INTO `sys_org` VALUES (1, NULL, 'supply', '深圳供应链公司', NULL, NULL, 1, 1, 1, 0, 1, NULL, '2022-11-10 17:15:16', 13, '2023-06-25 17:31:05', 0);
INSERT INTO `sys_org` VALUES (20, NULL, 'JXSM', '江西商贸集团', NULL, NULL, 1, 1, 1, 0, 5, NULL, '2022-11-16 17:40:02', 13, '2023-10-12 13:38:09', 0);

-- ----------------------------
-- Table structure for sys_resource
-- ----------------------------
DROP TABLE IF EXISTS `sys_resource`;
CREATE TABLE `sys_resource`  (
  `id` bigint NOT NULL AUTO_INCREMENT COMMENT '主键ID',
  `parent_id` bigint NULL DEFAULT NULL COMMENT '父id',
  `code` varchar(255) CHARACTER SET utf8mb4 COLLATE utf8mb4_general_ci NULL DEFAULT NULL COMMENT '权限编码',
  `name` varchar(255) CHARACTER SET utf8mb4 COLLATE utf8mb4_general_ci NULL DEFAULT NULL COMMENT '名称',
  `icon` varchar(255) CHARACTER SET utf8mb4 COLLATE utf8mb4_general_ci NULL DEFAULT NULL COMMENT '图标',
  `path` varchar(255) CHARACTER SET utf8mb4 COLLATE utf8mb4_general_ci NULL DEFAULT NULL COMMENT '路由',
  `sort` int NULL DEFAULT 0 COMMENT '排序',
  `type` int NULL DEFAULT NULL COMMENT '菜单类型 1:菜单 2:按钮',
  `business_status` int NULL DEFAULT NULL COMMENT '业务状态',
  `is_fix` tinyint NULL DEFAULT NULL COMMENT '是否固定',
  `create_user_id` bigint NULL DEFAULT NULL COMMENT '创建人',
  `create_time` datetime NULL DEFAULT NULL COMMENT '创建时间',
  `update_user_id` bigint NULL DEFAULT NULL COMMENT '修改人',
  `update_time` datetime NULL DEFAULT NULL COMMENT '修改时间',
  `status` int NULL DEFAULT NULL COMMENT '是否删除',
  PRIMARY KEY (`id`) USING BTREE
) ENGINE = InnoDB AUTO_INCREMENT = 94 CHARACTER SET = utf8mb4 COLLATE = utf8mb4_general_ci COMMENT = '菜单权限表' ROW_FORMAT = Dynamic;

-- ----------------------------
-- Records of sys_resource
-- ----------------------------
INSERT INTO `sys_resource` VALUES (1, 0, NULL, '系统管理', 'el-icon-key', NULL, 2, 1, 1, 0, NULL, NULL, NULL, NULL, 0);
INSERT INTO `sys_resource` VALUES (2, 1, NULL, '菜单管理', 'icon_caidanguanli', '/menu', 3, 1, 1, 0, NULL, NULL, NULL, NULL, 0);
INSERT INTO `sys_resource` VALUES (3, 1, NULL, '个人信息', 'icon_gerenxinxi', '/user-info', 2, 1, 1, 0, NULL, NULL, NULL, NULL, 0);
INSERT INTO `sys_resource` VALUES (4, 1, 'ACCOUNT_MANAGE', '账号管理', 'icon_zhanghaoguanli', '/account', 1, 1, 1, 0, NULL, NULL, NULL, NULL, 0);
INSERT INTO `sys_resource` VALUES (5, 1, NULL, '角色管理', 'icon_fenpeigongyingshang', '/role', 4, 1, 1, 0, NULL, NULL, NULL, NULL, 0);
INSERT INTO `sys_resource` VALUES (6, 4, 'account_reset_password', '重置密码', NULL, NULL, 3, 2, 1, 0, NULL, NULL, NULL, NULL, 0);
INSERT INTO `sys_resource` VALUES (7, 4, 'account_freeze', '账号冻结', NULL, NULL, 4, 2, 1, 0, NULL, NULL, NULL, NULL, 0);
INSERT INTO `sys_resource` VALUES (8, 4, 'account_start', '账号解冻', NULL, NULL, 5, 2, 1, 0, NULL, NULL, NULL, NULL, 0);
INSERT INTO `sys_resource` VALUES (9, 0, 'home-page', '首页', 'icon_shouyexuanzhong', '/home-page', 1, 1, 1, 1, NULL, NULL, 6, '2022-11-05 16:44:40', 0);
INSERT INTO `sys_resource` VALUES (10, 4, 'account_remove', '账号删除', NULL, NULL, 6, 2, 1, 0, NULL, NULL, NULL, NULL, 0);
INSERT INTO `sys_resource` VALUES (11, 4, 'account_view', '查看', NULL, NULL, 1, 2, 1, 0, NULL, NULL, NULL, NULL, 0);
INSERT INTO `sys_resource` VALUES (12, 4, 'account_edit', '编辑', NULL, NULL, 2, 2, 1, 0, NULL, NULL, NULL, NULL, 0);
INSERT INTO `sys_resource` VALUES (13, 4, 'account_add_user', '新建人员', NULL, NULL, 0, 2, 1, 0, NULL, NULL, NULL, NULL, 0);
INSERT INTO `sys_resource` VALUES (14, 5, 'role_add', '新建角色', NULL, NULL, 1, 2, 1, 0, NULL, NULL, NULL, NULL, 0);
INSERT INTO `sys_resource` VALUES (15, 5, 'role_edit', '编辑', NULL, NULL, 2, 2, 1, 0, NULL, NULL, NULL, NULL, 0);
INSERT INTO `sys_resource` VALUES (16, 5, 'role_resource_auth', '资源权限', NULL, NULL, 3, 2, 1, 0, NULL, NULL, NULL, NULL, 0);
INSERT INTO `sys_resource` VALUES (17, 5, 'role_data_auth', '数据权限', NULL, NULL, 4, 2, 1, 0, NULL, NULL, NULL, NULL, 0);
INSERT INTO `sys_resource` VALUES (18, 5, 'role_user', '角色用户', NULL, NULL, 5, 2, 1, 0, NULL, NULL, NULL, NULL, 0);
INSERT INTO `sys_resource` VALUES (19, 5, 'role_freeze', '冻结', NULL, NULL, 6, 2, 1, 0, NULL, NULL, NULL, NULL, 0);
INSERT INTO `sys_resource` VALUES (20, 5, 'role_start', '解冻', NULL, NULL, 7, 2, 1, 0, NULL, NULL, NULL, NULL, 0);
INSERT INTO `sys_resource` VALUES (21, 5, 'role_remove', '删除', NULL, NULL, 8, 2, 1, 0, NULL, NULL, NULL, NULL, 0);
INSERT INTO `sys_resource` VALUES (22, 1, 'TENANT_MANAGE', '租户管理', 'icon_chengjiaokehu', '/tenant', 5, 1, 1, 0, 1, '2022-08-08 16:44:30', NULL, NULL, 0);
INSERT INTO `sys_resource` VALUES (23, 22, 'tenant_view', '查看', NULL, NULL, 1, 2, 1, 0, 1, '2022-08-08 16:46:13', NULL, NULL, 0);
INSERT INTO `sys_resource` VALUES (24, 22, 'tenant_freeze', '冻结', NULL, NULL, 2, 2, 1, 0, 1, '2022-08-08 16:47:02', NULL, NULL, 0);
INSERT INTO `sys_resource` VALUES (25, 22, 'tenant_start', '解冻', NULL, NULL, 3, 2, 1, 0, 1, '2022-08-08 16:47:43', NULL, NULL, 0);
INSERT INTO `sys_resource` VALUES (26, 22, 'tenant_edit', '编辑', NULL, NULL, 4, 2, 1, 0, 1, '2022-08-10 13:37:08', NULL, NULL, 0);
INSERT INTO `sys_resource` VALUES (28, 1, NULL, '组织机构', 'icon_bumenguanli', '/org', 6, 1, 1, 0, NULL, NULL, NULL, NULL, 0);
INSERT INTO `sys_resource` VALUES (29, 22, 'tenant_renewal', '续期', NULL, NULL, 5, 2, 1, 0, NULL, NULL, NULL, NULL, 0);
INSERT INTO `sys_resource` VALUES (31, 1, 'DICT_MANAGE', '字典管理', 'icon_caigouhetongliebiao', '/dict', 7, 1, 1, 0, 6, '2022-09-01 11:43:51', 6, '2022-09-01 11:48:40', 0);
INSERT INTO `sys_resource` VALUES (32, 31, 'dict_view', '查看', NULL, NULL, 1, 2, 1, 0, 6, '2022-09-01 11:45:03', NULL, NULL, 0);
INSERT INTO `sys_resource` VALUES (33, 31, 'dict_edit', '编辑', NULL, NULL, 2, 2, 1, 0, 6, '2022-09-01 11:45:51', NULL, NULL, 0);
INSERT INTO `sys_resource` VALUES (34, 31, 'dict_remove', '删除', NULL, NULL, 3, 2, 1, 0, 6, '2022-09-01 11:46:26', NULL, NULL, 0);
INSERT INTO `sys_resource` VALUES (37, 0, 'SYSTEM_MONIOTR', '系统监控', 'monitor', NULL, 3, 1, 1, 0, 6, '2022-09-01 13:55:28', 6, '2022-11-05 18:04:59', 0);
INSERT INTO `sys_resource` VALUES (38, 37, 'JOB_TASK', '定时任务', 'icon_xitongdaiban', '/job', 1, 1, 1, 0, 6, '2022-09-01 13:56:18', NULL, NULL, 0);
INSERT INTO `sys_resource` VALUES (39, 31, 'dict_add', '新建', NULL, NULL, 1, 2, 1, 0, 6, '2022-09-01 16:21:37', NULL, NULL, 0);
INSERT INTO `sys_resource` VALUES (40, 31, 'dict_config', '配置', NULL, NULL, 5, 2, 1, 0, 6, '2022-09-01 16:22:39', NULL, NULL, 0);
INSERT INTO `sys_resource` VALUES (41, 1, 'data_scope', '数据权限', 'icon_jiaoseguanli', '/data-scope', 9, 1, 1, 0, 6, '2022-09-09 15:09:09', 6, '2022-11-08 20:52:02', 0);
INSERT INTO `sys_resource` VALUES (42, 41, 'data_scope_view', '查看', NULL, NULL, 1, 2, 1, 0, 6, '2022-09-09 15:09:49', NULL, NULL, 0);
INSERT INTO `sys_resource` VALUES (43, 41, 'data_scope_edit', '编辑', NULL, NULL, 2, 2, 1, 0, 6, '2022-09-09 15:10:02', NULL, NULL, 0);
INSERT INTO `sys_resource` VALUES (44, 41, 'data_scope_remove', '删除', NULL, NULL, 3, 2, 1, 0, 6, '2022-09-09 15:10:42', NULL, NULL, 0);
INSERT INTO `sys_resource` VALUES (45, 41, 'data_scope_create', '创建', NULL, NULL, 4, 2, 1, 0, 6, '2022-09-09 15:11:06', NULL, NULL, 0);
INSERT INTO `sys_resource` VALUES (46, 0, 'MESSAGE', '消息中心', 'icon_kehupingjiaguanli', NULL, 4, 1, 1, 0, 6, '2022-11-01 14:52:06', NULL, NULL, 0);
INSERT INTO `sys_resource` VALUES (47, 46, 'message_template', '消息模板', 'icon_caigoudingdanliebiao', '/message-template', 1, 1, 1, 0, NULL, NULL, 1, '2022-11-01 15:34:38', 0);
INSERT INTO `sys_resource` VALUES (48, 46, 'message_my_content', '我的消息', 'bell', '/message-content', 2, 1, 1, 0, NULL, NULL, 1, '2022-11-01 15:34:51', 0);
INSERT INTO `sys_resource` VALUES (49, 4, 'account_data_scope', '数据权限', NULL, NULL, 7, 2, 1, 0, 6, '2022-11-05 09:45:14', NULL, NULL, 0);
INSERT INTO `sys_resource` VALUES (50, 0, 'home-page', '测试', NULL, '/ss', 1, 1, 1, 0, 6, '2022-11-05 16:58:23', 6, '2022-11-05 16:58:49', 1);
INSERT INTO `sys_resource` VALUES (51, 0, 'home-page', '测试菜单', NULL, '', 1, 1, 1, 0, 6, '2022-11-05 16:59:57', 6, '2022-11-05 17:00:21', 1);
INSERT INTO `sys_resource` VALUES (52, 0, 'home-page11', '测试', NULL, NULL, 1, 1, 1, 0, 6, '2022-11-05 17:38:30', 6, '2022-11-05 17:42:44', 1);
INSERT INTO `sys_resource` VALUES (53, 0, 'test', '测试用菜单', NULL, NULL, 5, 1, 1, 0, 6, '2022-11-05 17:44:27', 6, '2022-11-05 18:05:20', 1);
INSERT INTO `sys_resource` VALUES (54, 53, 'test_1', '创建', NULL, NULL, 1, 2, 1, 0, 6, '2022-11-05 17:46:14', NULL, NULL, 0);
INSERT INTO `sys_resource` VALUES (55, 53, 'test_update', '修改', NULL, NULL, 2, 2, 1, 0, 6, '2022-11-05 17:49:02', 6, '2022-11-05 18:03:03', 1);
INSERT INTO `sys_resource` VALUES (56, 53, 'test_del', '删除', NULL, NULL, 3, 2, 1, 0, 6, '2022-11-05 17:58:05', 6, '2022-11-05 18:02:55', 1);
INSERT INTO `sys_resource` VALUES (57, 0, 'test', '测试', NULL, NULL, 5, 1, 1, 0, 6, '2022-11-07 09:27:45', 6, '2022-11-07 09:28:29', 1);
INSERT INTO `sys_resource` VALUES (58, 57, 'children-test', '子菜单测试', NULL, '/test', 1, 1, 1, 0, 6, '2022-11-07 09:28:18', 6, '2022-11-07 09:28:26', 1);
INSERT INTO `sys_resource` VALUES (59, 47, 'message_template_create', '新建模板', NULL, NULL, 1, 2, 1, 0, 6, '2022-11-07 09:38:00', 6, '2022-11-07 09:39:45', 0);
INSERT INTO `sys_resource` VALUES (60, 47, 'message_template_view', '查看', NULL, NULL, 2, 2, 1, 0, 6, '2022-11-07 09:38:36', 6, '2022-11-07 09:39:52', 0);
INSERT INTO `sys_resource` VALUES (61, 47, 'message_template_edit', '编辑', NULL, NULL, 3, 2, 1, 0, 6, '2022-11-07 09:38:55', 6, '2022-11-07 09:40:04', 0);
INSERT INTO `sys_resource` VALUES (62, 48, 'message_content_read_all', '全部已读', NULL, NULL, 1, 2, 1, 0, 6, '2022-11-07 09:39:32', 6, '2022-11-07 09:51:21', 0);
INSERT INTO `sys_resource` VALUES (63, 48, 'message_content_read', '已读', NULL, NULL, 3, 2, 1, 0, 6, '2022-11-07 09:48:38', 6, '2022-11-07 09:56:48', 0);
INSERT INTO `sys_resource` VALUES (64, 47, 'message_template_test', '测试', NULL, NULL, 5, 2, 1, 0, 6, '2022-11-07 09:49:22', 6, '2022-11-07 09:53:56', 0);
INSERT INTO `sys_resource` VALUES (65, 48, 'message_content_del', '删除', NULL, NULL, 4, 2, 1, 0, 6, '2022-11-07 09:50:57', NULL, NULL, 0);
INSERT INTO `sys_resource` VALUES (66, 47, 'message_template_del', '删除', NULL, NULL, 4, 2, 1, 0, 6, '2022-11-07 09:54:54', NULL, NULL, 0);
INSERT INTO `sys_resource` VALUES (67, 48, 'message_content_view', '查看', NULL, NULL, 2, 2, 1, 0, 6, '2022-11-07 09:57:14', NULL, NULL, 0);
INSERT INTO `sys_resource` VALUES (68, 1, 'dict-category', '字典分类', 'icon_gongyingshangfenjiguanli', '/dict-category', 8, 1, 1, 0, 6, '2022-11-08 20:51:52', NULL, NULL, 0);
INSERT INTO `sys_resource` VALUES (69, 68, 'dict_category_add', '新建', NULL, NULL, 1, 2, 1, 0, 6, '2022-11-08 20:54:39', NULL, NULL, 0);
INSERT INTO `sys_resource` VALUES (70, 68, 'dict_category_view', '查看', NULL, NULL, 2, 2, 1, 0, 6, '2022-11-08 20:54:55', NULL, NULL, 0);
INSERT INTO `sys_resource` VALUES (71, 68, 'dict_category_edit', '编辑', NULL, NULL, 3, 2, 1, 0, 6, '2022-11-08 20:55:12', NULL, NULL, 0);
INSERT INTO `sys_resource` VALUES (72, 68, 'dict_category_del', '删除', NULL, NULL, 4, 2, 1, 0, 6, '2022-11-08 20:55:28', NULL, NULL, 0);
INSERT INTO `sys_resource` VALUES (73, 68, 'dict_category_add_children', '添加下级', NULL, NULL, 5, 2, 1, 0, 6, '2022-11-09 14:24:51', NULL, NULL, 0);
INSERT INTO `sys_resource` VALUES (74, 28, 'org_add', '创建机构', NULL, NULL, 1, 2, 1, 0, 6, '2022-11-10 11:41:16', NULL, NULL, 0);
INSERT INTO `sys_resource` VALUES (75, 28, 'org_user_add', '新建人员', NULL, NULL, 1, 2, 1, 0, 6, '2022-11-10 11:41:48', NULL, NULL, 0);
INSERT INTO `sys_resource` VALUES (76, 28, 'org_user_view', '查看', NULL, NULL, 2, 2, 1, 0, 6, '2022-11-10 11:47:53', NULL, NULL, 0);
INSERT INTO `sys_resource` VALUES (77, 28, 'org_user_edit', '编辑', NULL, NULL, 3, 2, 1, 0, 6, '2022-11-10 11:48:08', NULL, NULL, 0);
INSERT INTO `sys_resource` VALUES (78, 28, 'org_user_freeze', '冻结', NULL, NULL, 4, 2, 1, 0, 6, '2022-11-10 11:48:34', NULL, NULL, 0);
INSERT INTO `sys_resource` VALUES (79, 28, 'org_user_start', '解冻', NULL, NULL, 5, 2, 1, 0, 6, '2022-11-10 11:49:00', NULL, NULL, 0);
INSERT INTO `sys_resource` VALUES (80, 28, 'org_user_del', '删除', NULL, NULL, 7, 2, 1, 0, 6, '2022-11-10 11:49:15', 6, '2022-11-10 11:52:41', 0);
INSERT INTO `sys_resource` VALUES (81, 28, 'org_user_data_scope', '数据权限', NULL, NULL, 8, 2, 1, 0, 6, '2022-11-10 11:49:41', 6, '2022-11-10 11:52:37', 0);
INSERT INTO `sys_resource` VALUES (82, 28, 'org_user_reset_password', '重置密码', NULL, NULL, 6, 2, 1, 0, 6, '2022-11-10 11:52:11', NULL, NULL, 0);
INSERT INTO `sys_resource` VALUES (83, 28, 'org_children_add', '创建', NULL, NULL, 2, 2, 1, 0, 6, '2022-11-10 11:55:09', NULL, NULL, 0);
INSERT INTO `sys_resource` VALUES (84, 28, 'org_edit', '编辑', NULL, NULL, 3, 2, 1, 0, 6, '2022-11-10 11:55:37', NULL, NULL, 0);
INSERT INTO `sys_resource` VALUES (85, 28, 'org_del', '删除', NULL, NULL, 4, 2, 1, 0, 6, '2022-11-10 11:55:50', NULL, NULL, 0);
INSERT INTO `sys_resource` VALUES (86, 0, 'bpm_manage', '流程管理', 'icon_gongyinglianquanjingtu', '', 5, 1, 1, 0, 13, '2022-12-20 14:54:06', NULL, NULL, 0);
INSERT INTO `sys_resource` VALUES (87, 88, 'BUSSINESS_WORK_LEAVE', '请假申请', 'user', '/work-leave', 1, 1, 1, 0, 13, '2022-12-20 14:56:08', 13, '2023-06-20 09:16:42', 0);
INSERT INTO `sys_resource` VALUES (88, 0, 'BUSSINESS', '业务功能', 'icon_xiaoshoudingdanchuangjian', NULL, 6, 1, 1, 0, 13, '2023-06-20 09:15:24', NULL, NULL, 0);
INSERT INTO `sys_resource` VALUES (89, 86, 'bpm_definition', '流程定义', 'tree', '/bpm-definition', 1, 1, 1, 0, 13, '2023-06-20 09:20:39', NULL, NULL, 0);
INSERT INTO `sys_resource` VALUES (90, 86, 'MY_TASK', '我的待办', 'icon_xitongdaiban', '/my-task', 2, 1, 1, 0, 13, '2023-06-25 17:30:35', NULL, NULL, 0);
INSERT INTO `sys_resource` VALUES (91, 86, 'MY_START', '我的申请', 'icon_gerenxinxi', '/my-start', 3, 1, 1, 0, 13, '2023-07-06 11:30:05', NULL, NULL, 0);
INSERT INTO `sys_resource` VALUES (92, 86, 'MY_ATTEND', '参与流程', 'icon_chengjiaokehu', '/my-attend', 4, 1, 1, 0, 13, '2023-10-12 10:06:09', NULL, NULL, 0);
INSERT INTO `sys_resource` VALUES (93, 86, 'BPM_HISTORY', '历史流程', 'icon_caigoudingdanliebiao', '/bpm-history', 5, 1, 1, 0, 13, '2023-10-12 13:37:48', NULL, NULL, 0);

-- ----------------------------
-- Table structure for sys_role
-- ----------------------------
DROP TABLE IF EXISTS `sys_role`;
CREATE TABLE `sys_role`  (
  `id` bigint NOT NULL AUTO_INCREMENT COMMENT 'id',
  `code` varchar(32) CHARACTER SET utf8mb4 COLLATE utf8mb4_general_ci NULL DEFAULT NULL COMMENT '角色编码',
  `name` varchar(255) CHARACTER SET utf8mb4 COLLATE utf8mb4_general_ci NULL DEFAULT NULL COMMENT '角色名称',
  `description` varchar(255) CHARACTER SET utf8mb4 COLLATE utf8mb4_general_ci NULL DEFAULT NULL COMMENT '角色描述',
  `business_status` int NULL DEFAULT NULL COMMENT '业务状态',
  `is_main` tinyint NULL DEFAULT NULL COMMENT '是否管理员角色',
  `is_system` tinyint NULL DEFAULT NULL COMMENT '是否系统角色',
  `tenant_id` bigint NULL DEFAULT NULL COMMENT '租户ID',
  `create_user_id` bigint NULL DEFAULT NULL COMMENT '创建人',
  `create_time` datetime NULL DEFAULT NULL COMMENT '创建时间',
  `update_user_id` bigint NULL DEFAULT NULL COMMENT '修改人',
  `update_time` datetime NULL DEFAULT NULL COMMENT '修改时间',
  `status` int NULL DEFAULT NULL COMMENT '状态',
  PRIMARY KEY (`id`) USING BTREE
) ENGINE = InnoDB AUTO_INCREMENT = 9 CHARACTER SET = utf8mb4 COLLATE = utf8mb4_general_ci COMMENT = '角色表' ROW_FORMAT = Dynamic;

-- ----------------------------
-- Records of sys_role
-- ----------------------------
INSERT INTO `sys_role` VALUES (1, 'system', '系统', NULL, 1, 1, 1, 1, NULL, '2022-11-10 17:15:16', 13, '2022-12-20 14:56:37', 0);
INSERT INTO `sys_role` VALUES (7, 'system', '系统', '', 1, 1, 1, 5, NULL, NULL, 13, '2022-11-16 17:40:02', 0);
INSERT INTO `sys_role` VALUES (8, 'sale', '销售', '', 1, 1, 0, 5, NULL, NULL, 13, '2022-11-16 17:40:02', 0);

-- ----------------------------
-- Table structure for sys_role_resource
-- ----------------------------
DROP TABLE IF EXISTS `sys_role_resource`;
CREATE TABLE `sys_role_resource`  (
  `id` bigint NOT NULL AUTO_INCREMENT COMMENT '主键ID',
  `role_id` bigint NULL DEFAULT NULL COMMENT '角色ID',
  `resource_id` bigint NULL DEFAULT NULL COMMENT '资源ID',
  `create_user_id` bigint NULL DEFAULT NULL COMMENT '创建人',
  `create_time` datetime NULL DEFAULT NULL COMMENT '创建时间',
  `update_user_id` bigint NULL DEFAULT NULL COMMENT '修改人',
  `update_time` datetime NULL DEFAULT NULL COMMENT '修改时间',
  `status` int NULL DEFAULT NULL COMMENT '状态',
  PRIMARY KEY (`id`) USING BTREE
) ENGINE = InnoDB AUTO_INCREMENT = 2424 CHARACTER SET = utf8mb4 COLLATE = utf8mb4_general_ci COMMENT = '角色菜单关联映射表' ROW_FORMAT = Dynamic;

-- ----------------------------
-- Records of sys_role_resource
-- ----------------------------
INSERT INTO `sys_role_resource` VALUES (1, 1, 9, NULL, '2022-11-10 17:15:16', 13, '2022-12-20 14:56:37', 1);
INSERT INTO `sys_role_resource` VALUES (2, 1, 1, NULL, '2022-11-10 17:15:16', 13, '2022-12-20 14:56:37', 1);
INSERT INTO `sys_role_resource` VALUES (3, 1, 13, NULL, '2022-11-10 17:15:16', 13, '2022-12-20 14:56:37', 1);
INSERT INTO `sys_role_resource` VALUES (4, 1, 11, NULL, '2022-11-10 17:15:16', 13, '2022-12-20 14:56:37', 1);
INSERT INTO `sys_role_resource` VALUES (5, 1, 12, NULL, '2022-11-10 17:15:16', 13, '2022-12-20 14:56:37', 1);
INSERT INTO `sys_role_resource` VALUES (6, 1, 6, NULL, '2022-11-10 17:15:16', 13, '2022-12-20 14:56:37', 1);
INSERT INTO `sys_role_resource` VALUES (7, 1, 7, NULL, '2022-11-10 17:15:16', 13, '2022-12-20 14:56:37', 1);
INSERT INTO `sys_role_resource` VALUES (8, 1, 8, NULL, '2022-11-10 17:15:16', 13, '2022-12-20 14:56:37', 1);
INSERT INTO `sys_role_resource` VALUES (9, 1, 10, NULL, '2022-11-10 17:15:16', 13, '2022-12-20 14:56:37', 1);
INSERT INTO `sys_role_resource` VALUES (10, 1, 49, NULL, '2022-11-10 17:15:16', 13, '2022-12-20 14:56:37', 1);
INSERT INTO `sys_role_resource` VALUES (11, 1, 4, NULL, '2022-11-10 17:15:16', 13, '2022-12-20 14:56:37', 1);
INSERT INTO `sys_role_resource` VALUES (12, 1, 3, NULL, '2022-11-10 17:15:16', 13, '2022-12-20 14:56:37', 1);
INSERT INTO `sys_role_resource` VALUES (13, 1, 2, NULL, '2022-11-10 17:15:16', 13, '2022-12-20 14:56:37', 1);
INSERT INTO `sys_role_resource` VALUES (14, 1, 14, NULL, '2022-11-10 17:15:16', 13, '2022-12-20 14:56:37', 1);
INSERT INTO `sys_role_resource` VALUES (15, 1, 15, NULL, '2022-11-10 17:15:16', 13, '2022-12-20 14:56:37', 1);
INSERT INTO `sys_role_resource` VALUES (16, 1, 16, NULL, '2022-11-10 17:15:16', 13, '2022-12-20 14:56:37', 1);
INSERT INTO `sys_role_resource` VALUES (17, 1, 17, NULL, '2022-11-10 17:15:16', 13, '2022-12-20 14:56:37', 1);
INSERT INTO `sys_role_resource` VALUES (18, 1, 18, NULL, '2022-11-10 17:15:16', 13, '2022-12-20 14:56:37', 1);
INSERT INTO `sys_role_resource` VALUES (19, 1, 19, NULL, '2022-11-10 17:15:16', 13, '2022-12-20 14:56:37', 1);
INSERT INTO `sys_role_resource` VALUES (20, 1, 20, NULL, '2022-11-10 17:15:16', 13, '2022-12-20 14:56:37', 1);
INSERT INTO `sys_role_resource` VALUES (21, 1, 21, NULL, '2022-11-10 17:15:16', 13, '2022-12-20 14:56:37', 1);
INSERT INTO `sys_role_resource` VALUES (22, 1, 5, NULL, '2022-11-10 17:15:16', 13, '2022-12-20 14:56:37', 1);
INSERT INTO `sys_role_resource` VALUES (23, 1, 23, NULL, '2022-11-10 17:15:16', 13, '2022-12-20 14:56:37', 1);
INSERT INTO `sys_role_resource` VALUES (24, 1, 24, NULL, '2022-11-10 17:15:16', 13, '2022-12-20 14:56:37', 1);
INSERT INTO `sys_role_resource` VALUES (25, 1, 25, NULL, '2022-11-10 17:15:16', 13, '2022-12-20 14:56:37', 1);
INSERT INTO `sys_role_resource` VALUES (26, 1, 26, NULL, '2022-11-10 17:15:16', 13, '2022-12-20 14:56:37', 1);
INSERT INTO `sys_role_resource` VALUES (27, 1, 29, NULL, '2022-11-10 17:15:16', 13, '2022-12-20 14:56:37', 1);
INSERT INTO `sys_role_resource` VALUES (28, 1, 22, NULL, '2022-11-10 17:15:16', 13, '2022-12-20 14:56:37', 1);
INSERT INTO `sys_role_resource` VALUES (29, 1, 74, NULL, '2022-11-10 17:15:16', 13, '2022-12-20 14:56:37', 1);
INSERT INTO `sys_role_resource` VALUES (30, 1, 75, NULL, '2022-11-10 17:15:16', 13, '2022-12-20 14:56:37', 1);
INSERT INTO `sys_role_resource` VALUES (31, 1, 76, NULL, '2022-11-10 17:15:16', 13, '2022-12-20 14:56:37', 1);
INSERT INTO `sys_role_resource` VALUES (32, 1, 83, NULL, '2022-11-10 17:15:16', 13, '2022-12-20 14:56:37', 1);
INSERT INTO `sys_role_resource` VALUES (33, 1, 84, NULL, '2022-11-10 17:15:16', 13, '2022-12-20 14:56:37', 1);
INSERT INTO `sys_role_resource` VALUES (34, 1, 77, NULL, '2022-11-10 17:15:16', 13, '2022-12-20 14:56:37', 1);
INSERT INTO `sys_role_resource` VALUES (35, 1, 78, NULL, '2022-11-10 17:15:16', 13, '2022-12-20 14:56:37', 1);
INSERT INTO `sys_role_resource` VALUES (36, 1, 85, NULL, '2022-11-10 17:15:16', 13, '2022-12-20 14:56:37', 1);
INSERT INTO `sys_role_resource` VALUES (37, 1, 79, NULL, '2022-11-10 17:15:16', 13, '2022-12-20 14:56:37', 1);
INSERT INTO `sys_role_resource` VALUES (38, 1, 82, NULL, '2022-11-10 17:15:16', 13, '2022-12-20 14:56:37', 1);
INSERT INTO `sys_role_resource` VALUES (39, 1, 80, NULL, '2022-11-10 17:15:16', 13, '2022-12-20 14:56:37', 1);
INSERT INTO `sys_role_resource` VALUES (40, 1, 81, NULL, '2022-11-10 17:15:16', 13, '2022-12-20 14:56:37', 1);
INSERT INTO `sys_role_resource` VALUES (41, 1, 28, NULL, '2022-11-10 17:15:16', 13, '2022-12-20 14:56:37', 1);
INSERT INTO `sys_role_resource` VALUES (42, 1, 32, NULL, '2022-11-10 17:15:16', 13, '2022-12-20 14:56:37', 1);
INSERT INTO `sys_role_resource` VALUES (43, 1, 39, NULL, '2022-11-10 17:15:16', 13, '2022-12-20 14:56:37', 1);
INSERT INTO `sys_role_resource` VALUES (44, 1, 33, NULL, '2022-11-10 17:15:16', 13, '2022-12-20 14:56:37', 1);
INSERT INTO `sys_role_resource` VALUES (45, 1, 34, NULL, '2022-11-10 17:15:16', 13, '2022-12-20 14:56:37', 1);
INSERT INTO `sys_role_resource` VALUES (46, 1, 40, NULL, '2022-11-10 17:15:16', 13, '2022-12-20 14:56:37', 1);
INSERT INTO `sys_role_resource` VALUES (47, 1, 31, NULL, '2022-11-10 17:15:16', 13, '2022-12-20 14:56:37', 1);
INSERT INTO `sys_role_resource` VALUES (48, 1, 69, NULL, '2022-11-10 17:15:16', 13, '2022-12-20 14:56:37', 1);
INSERT INTO `sys_role_resource` VALUES (49, 1, 70, NULL, '2022-11-10 17:15:16', 13, '2022-12-20 14:56:37', 1);
INSERT INTO `sys_role_resource` VALUES (50, 1, 71, NULL, '2022-11-10 17:15:16', 13, '2022-12-20 14:56:37', 1);
INSERT INTO `sys_role_resource` VALUES (51, 1, 72, NULL, '2022-11-10 17:15:16', 13, '2022-12-20 14:56:37', 1);
INSERT INTO `sys_role_resource` VALUES (52, 1, 73, NULL, '2022-11-10 17:15:16', 13, '2022-12-20 14:56:37', 1);
INSERT INTO `sys_role_resource` VALUES (53, 1, 68, NULL, '2022-11-10 17:15:16', 13, '2022-12-20 14:56:37', 1);
INSERT INTO `sys_role_resource` VALUES (54, 1, 42, NULL, '2022-11-10 17:15:16', 13, '2022-12-20 14:56:37', 1);
INSERT INTO `sys_role_resource` VALUES (55, 1, 43, NULL, '2022-11-10 17:15:16', 13, '2022-12-20 14:56:37', 1);
INSERT INTO `sys_role_resource` VALUES (56, 1, 44, NULL, '2022-11-10 17:15:16', 13, '2022-12-20 14:56:37', 1);
INSERT INTO `sys_role_resource` VALUES (57, 1, 45, NULL, '2022-11-10 17:15:16', 13, '2022-12-20 14:56:37', 1);
INSERT INTO `sys_role_resource` VALUES (58, 1, 41, NULL, '2022-11-10 17:15:16', 13, '2022-12-20 14:56:37', 1);
INSERT INTO `sys_role_resource` VALUES (59, 1, 37, NULL, '2022-11-10 17:15:16', 13, '2022-12-20 14:56:37', 1);
INSERT INTO `sys_role_resource` VALUES (60, 1, 38, NULL, '2022-11-10 17:15:16', 13, '2022-12-20 14:56:37', 1);
INSERT INTO `sys_role_resource` VALUES (61, 1, 46, NULL, '2022-11-10 17:15:16', 13, '2022-12-20 14:56:37', 1);
INSERT INTO `sys_role_resource` VALUES (62, 1, 59, NULL, '2022-11-10 17:15:16', 13, '2022-12-20 14:56:37', 1);
INSERT INTO `sys_role_resource` VALUES (63, 1, 60, NULL, '2022-11-10 17:15:16', 13, '2022-12-20 14:56:37', 1);
INSERT INTO `sys_role_resource` VALUES (64, 1, 61, NULL, '2022-11-10 17:15:16', 13, '2022-12-20 14:56:37', 1);
INSERT INTO `sys_role_resource` VALUES (65, 1, 66, NULL, '2022-11-10 17:15:16', 13, '2022-12-20 14:56:37', 1);
INSERT INTO `sys_role_resource` VALUES (66, 1, 64, NULL, '2022-11-10 17:15:16', 13, '2022-12-20 14:56:37', 1);
INSERT INTO `sys_role_resource` VALUES (67, 1, 47, NULL, '2022-11-10 17:15:16', 13, '2022-12-20 14:56:37', 1);
INSERT INTO `sys_role_resource` VALUES (68, 1, 62, NULL, '2022-11-10 17:15:16', 13, '2022-12-20 14:56:37', 1);
INSERT INTO `sys_role_resource` VALUES (69, 1, 67, NULL, '2022-11-10 17:15:16', 13, '2022-12-20 14:56:37', 1);
INSERT INTO `sys_role_resource` VALUES (70, 1, 63, NULL, '2022-11-10 17:15:16', 13, '2022-12-20 14:56:37', 1);
INSERT INTO `sys_role_resource` VALUES (71, 1, 65, NULL, '2022-11-10 17:15:16', 13, '2022-12-20 14:56:37', 1);
INSERT INTO `sys_role_resource` VALUES (72, 1, 48, NULL, '2022-11-10 17:15:16', 13, '2022-12-20 14:56:37', 1);
INSERT INTO `sys_role_resource` VALUES (1426, 8, 9, NULL, '2022-11-16 17:40:02', 13, '2023-10-12 10:07:50', 1);
INSERT INTO `sys_role_resource` VALUES (1427, 7, 9, NULL, '2022-11-16 17:40:02', 13, '2022-12-20 14:56:43', 1);
INSERT INTO `sys_role_resource` VALUES (1428, 7, 1, NULL, '2022-11-16 17:40:02', 13, '2022-12-20 14:56:43', 1);
INSERT INTO `sys_role_resource` VALUES (1429, 7, 13, NULL, '2022-11-16 17:40:02', 13, '2022-12-20 14:56:43', 1);
INSERT INTO `sys_role_resource` VALUES (1430, 7, 11, NULL, '2022-11-16 17:40:02', 13, '2022-12-20 14:56:43', 1);
INSERT INTO `sys_role_resource` VALUES (1431, 7, 12, NULL, '2022-11-16 17:40:02', 13, '2022-12-20 14:56:43', 1);
INSERT INTO `sys_role_resource` VALUES (1432, 7, 6, NULL, '2022-11-16 17:40:02', 13, '2022-12-20 14:56:43', 1);
INSERT INTO `sys_role_resource` VALUES (1433, 7, 7, NULL, '2022-11-16 17:40:02', 13, '2022-12-20 14:56:43', 1);
INSERT INTO `sys_role_resource` VALUES (1434, 7, 8, NULL, '2022-11-16 17:40:02', 13, '2022-12-20 14:56:43', 1);
INSERT INTO `sys_role_resource` VALUES (1435, 7, 10, NULL, '2022-11-16 17:40:02', 13, '2022-12-20 14:56:43', 1);
INSERT INTO `sys_role_resource` VALUES (1436, 7, 49, NULL, '2022-11-16 17:40:02', 13, '2022-12-20 14:56:43', 1);
INSERT INTO `sys_role_resource` VALUES (1437, 7, 4, NULL, '2022-11-16 17:40:02', 13, '2022-12-20 14:56:43', 1);
INSERT INTO `sys_role_resource` VALUES (1438, 7, 3, NULL, '2022-11-16 17:40:02', 13, '2022-12-20 14:56:43', 1);
INSERT INTO `sys_role_resource` VALUES (1439, 7, 2, NULL, '2022-11-16 17:40:02', 13, '2022-12-20 14:56:43', 1);
INSERT INTO `sys_role_resource` VALUES (1440, 7, 14, NULL, '2022-11-16 17:40:02', 13, '2022-12-20 14:56:43', 1);
INSERT INTO `sys_role_resource` VALUES (1441, 7, 15, NULL, '2022-11-16 17:40:02', 13, '2022-12-20 14:56:43', 1);
INSERT INTO `sys_role_resource` VALUES (1442, 7, 16, NULL, '2022-11-16 17:40:02', 13, '2022-12-20 14:56:43', 1);
INSERT INTO `sys_role_resource` VALUES (1443, 7, 17, NULL, '2022-11-16 17:40:02', 13, '2022-12-20 14:56:43', 1);
INSERT INTO `sys_role_resource` VALUES (1444, 7, 18, NULL, '2022-11-16 17:40:02', 13, '2022-12-20 14:56:43', 1);
INSERT INTO `sys_role_resource` VALUES (1445, 7, 19, NULL, '2022-11-16 17:40:02', 13, '2022-12-20 14:56:43', 1);
INSERT INTO `sys_role_resource` VALUES (1446, 7, 20, NULL, '2022-11-16 17:40:02', 13, '2022-12-20 14:56:43', 1);
INSERT INTO `sys_role_resource` VALUES (1447, 7, 21, NULL, '2022-11-16 17:40:02', 13, '2022-12-20 14:56:43', 1);
INSERT INTO `sys_role_resource` VALUES (1448, 7, 5, NULL, '2022-11-16 17:40:02', 13, '2022-12-20 14:56:43', 1);
INSERT INTO `sys_role_resource` VALUES (1449, 7, 23, NULL, '2022-11-16 17:40:02', 13, '2022-12-20 14:56:43', 1);
INSERT INTO `sys_role_resource` VALUES (1450, 7, 24, NULL, '2022-11-16 17:40:02', 13, '2022-12-20 14:56:43', 1);
INSERT INTO `sys_role_resource` VALUES (1451, 7, 25, NULL, '2022-11-16 17:40:02', 13, '2022-12-20 14:56:43', 1);
INSERT INTO `sys_role_resource` VALUES (1452, 7, 26, NULL, '2022-11-16 17:40:02', 13, '2022-12-20 14:56:43', 1);
INSERT INTO `sys_role_resource` VALUES (1453, 7, 29, NULL, '2022-11-16 17:40:02', 13, '2022-12-20 14:56:43', 1);
INSERT INTO `sys_role_resource` VALUES (1454, 7, 22, NULL, '2022-11-16 17:40:02', 13, '2022-12-20 14:56:43', 1);
INSERT INTO `sys_role_resource` VALUES (1455, 7, 74, NULL, '2022-11-16 17:40:02', 13, '2022-12-20 14:56:43', 1);
INSERT INTO `sys_role_resource` VALUES (1456, 7, 75, NULL, '2022-11-16 17:40:02', 13, '2022-12-20 14:56:43', 1);
INSERT INTO `sys_role_resource` VALUES (1457, 7, 76, NULL, '2022-11-16 17:40:02', 13, '2022-12-20 14:56:43', 1);
INSERT INTO `sys_role_resource` VALUES (1458, 7, 83, NULL, '2022-11-16 17:40:02', 13, '2022-12-20 14:56:43', 1);
INSERT INTO `sys_role_resource` VALUES (1459, 7, 84, NULL, '2022-11-16 17:40:02', 13, '2022-12-20 14:56:43', 1);
INSERT INTO `sys_role_resource` VALUES (1460, 7, 77, NULL, '2022-11-16 17:40:02', 13, '2022-12-20 14:56:43', 1);
INSERT INTO `sys_role_resource` VALUES (1461, 7, 78, NULL, '2022-11-16 17:40:02', 13, '2022-12-20 14:56:43', 1);
INSERT INTO `sys_role_resource` VALUES (1462, 7, 85, NULL, '2022-11-16 17:40:02', 13, '2022-12-20 14:56:43', 1);
INSERT INTO `sys_role_resource` VALUES (1463, 7, 79, NULL, '2022-11-16 17:40:02', 13, '2022-12-20 14:56:43', 1);
INSERT INTO `sys_role_resource` VALUES (1464, 7, 82, NULL, '2022-11-16 17:40:02', 13, '2022-12-20 14:56:43', 1);
INSERT INTO `sys_role_resource` VALUES (1465, 7, 80, NULL, '2022-11-16 17:40:02', 13, '2022-12-20 14:56:43', 1);
INSERT INTO `sys_role_resource` VALUES (1466, 7, 81, NULL, '2022-11-16 17:40:02', 13, '2022-12-20 14:56:43', 1);
INSERT INTO `sys_role_resource` VALUES (1467, 7, 28, NULL, '2022-11-16 17:40:02', 13, '2022-12-20 14:56:43', 1);
INSERT INTO `sys_role_resource` VALUES (1468, 7, 32, NULL, '2022-11-16 17:40:02', 13, '2022-12-20 14:56:43', 1);
INSERT INTO `sys_role_resource` VALUES (1469, 7, 39, NULL, '2022-11-16 17:40:02', 13, '2022-12-20 14:56:43', 1);
INSERT INTO `sys_role_resource` VALUES (1470, 7, 33, NULL, '2022-11-16 17:40:02', 13, '2022-12-20 14:56:43', 1);
INSERT INTO `sys_role_resource` VALUES (1471, 7, 34, NULL, '2022-11-16 17:40:02', 13, '2022-12-20 14:56:43', 1);
INSERT INTO `sys_role_resource` VALUES (1472, 7, 40, NULL, '2022-11-16 17:40:02', 13, '2022-12-20 14:56:43', 1);
INSERT INTO `sys_role_resource` VALUES (1473, 7, 31, NULL, '2022-11-16 17:40:02', 13, '2022-12-20 14:56:43', 1);
INSERT INTO `sys_role_resource` VALUES (1474, 7, 69, NULL, '2022-11-16 17:40:02', 13, '2022-12-20 14:56:43', 1);
INSERT INTO `sys_role_resource` VALUES (1475, 7, 70, NULL, '2022-11-16 17:40:02', 13, '2022-12-20 14:56:43', 1);
INSERT INTO `sys_role_resource` VALUES (1476, 7, 71, NULL, '2022-11-16 17:40:02', 13, '2022-12-20 14:56:43', 1);
INSERT INTO `sys_role_resource` VALUES (1477, 7, 72, NULL, '2022-11-16 17:40:02', 13, '2022-12-20 14:56:43', 1);
INSERT INTO `sys_role_resource` VALUES (1478, 7, 73, NULL, '2022-11-16 17:40:02', 13, '2022-12-20 14:56:43', 1);
INSERT INTO `sys_role_resource` VALUES (1479, 7, 68, NULL, '2022-11-16 17:40:02', 13, '2022-12-20 14:56:43', 1);
INSERT INTO `sys_role_resource` VALUES (1480, 7, 42, NULL, '2022-11-16 17:40:02', 13, '2022-12-20 14:56:43', 1);
INSERT INTO `sys_role_resource` VALUES (1481, 7, 43, NULL, '2022-11-16 17:40:02', 13, '2022-12-20 14:56:43', 1);
INSERT INTO `sys_role_resource` VALUES (1482, 7, 44, NULL, '2022-11-16 17:40:02', 13, '2022-12-20 14:56:43', 1);
INSERT INTO `sys_role_resource` VALUES (1483, 7, 45, NULL, '2022-11-16 17:40:02', 13, '2022-12-20 14:56:43', 1);
INSERT INTO `sys_role_resource` VALUES (1484, 7, 41, NULL, '2022-11-16 17:40:02', 13, '2022-12-20 14:56:43', 1);
INSERT INTO `sys_role_resource` VALUES (1485, 7, 37, NULL, '2022-11-16 17:40:02', 13, '2022-12-20 14:56:43', 1);
INSERT INTO `sys_role_resource` VALUES (1486, 7, 38, NULL, '2022-11-16 17:40:02', 13, '2022-12-20 14:56:43', 1);
INSERT INTO `sys_role_resource` VALUES (1487, 7, 46, NULL, '2022-11-16 17:40:02', 13, '2022-12-20 14:56:43', 1);
INSERT INTO `sys_role_resource` VALUES (1488, 7, 59, NULL, '2022-11-16 17:40:02', 13, '2022-12-20 14:56:43', 1);
INSERT INTO `sys_role_resource` VALUES (1489, 7, 60, NULL, '2022-11-16 17:40:02', 13, '2022-12-20 14:56:43', 1);
INSERT INTO `sys_role_resource` VALUES (1490, 7, 61, NULL, '2022-11-16 17:40:02', 13, '2022-12-20 14:56:43', 1);
INSERT INTO `sys_role_resource` VALUES (1491, 7, 66, NULL, '2022-11-16 17:40:02', 13, '2022-12-20 14:56:43', 1);
INSERT INTO `sys_role_resource` VALUES (1492, 7, 64, NULL, '2022-11-16 17:40:02', 13, '2022-12-20 14:56:43', 1);
INSERT INTO `sys_role_resource` VALUES (1493, 7, 47, NULL, '2022-11-16 17:40:02', 13, '2022-12-20 14:56:43', 1);
INSERT INTO `sys_role_resource` VALUES (1494, 7, 62, NULL, '2022-11-16 17:40:02', 13, '2022-12-20 14:56:43', 1);
INSERT INTO `sys_role_resource` VALUES (1495, 7, 67, NULL, '2022-11-16 17:40:02', 13, '2022-12-20 14:56:43', 1);
INSERT INTO `sys_role_resource` VALUES (1496, 7, 63, NULL, '2022-11-16 17:40:02', 13, '2022-12-20 14:56:43', 1);
INSERT INTO `sys_role_resource` VALUES (1497, 7, 65, NULL, '2022-11-16 17:40:02', 13, '2022-12-20 14:56:43', 1);
INSERT INTO `sys_role_resource` VALUES (1498, 7, 48, NULL, '2022-11-16 17:40:02', 13, '2022-12-20 14:56:43', 1);
INSERT INTO `sys_role_resource` VALUES (1499, 1, 1, 13, '2022-12-20 14:56:37', 13, '2023-06-20 09:21:13', 1);
INSERT INTO `sys_role_resource` VALUES (1500, 1, 2, 13, '2022-12-20 14:56:37', 13, '2023-06-20 09:21:13', 1);
INSERT INTO `sys_role_resource` VALUES (1501, 1, 3, 13, '2022-12-20 14:56:37', 13, '2023-06-20 09:21:13', 1);
INSERT INTO `sys_role_resource` VALUES (1502, 1, 6, 13, '2022-12-20 14:56:37', 13, '2023-06-20 09:21:13', 1);
INSERT INTO `sys_role_resource` VALUES (1503, 1, 7, 13, '2022-12-20 14:56:37', 13, '2023-06-20 09:21:13', 1);
INSERT INTO `sys_role_resource` VALUES (1504, 1, 8, 13, '2022-12-20 14:56:37', 13, '2023-06-20 09:21:13', 1);
INSERT INTO `sys_role_resource` VALUES (1505, 1, 10, 13, '2022-12-20 14:56:37', 13, '2023-06-20 09:21:13', 1);
INSERT INTO `sys_role_resource` VALUES (1506, 1, 11, 13, '2022-12-20 14:56:37', 13, '2023-06-20 09:21:13', 1);
INSERT INTO `sys_role_resource` VALUES (1507, 1, 12, 13, '2022-12-20 14:56:37', 13, '2023-06-20 09:21:13', 1);
INSERT INTO `sys_role_resource` VALUES (1508, 1, 13, 13, '2022-12-20 14:56:37', 13, '2023-06-20 09:21:13', 1);
INSERT INTO `sys_role_resource` VALUES (1509, 1, 49, 13, '2022-12-20 14:56:37', 13, '2023-06-20 09:21:13', 1);
INSERT INTO `sys_role_resource` VALUES (1510, 1, 4, 13, '2022-12-20 14:56:37', 13, '2023-06-20 09:21:13', 1);
INSERT INTO `sys_role_resource` VALUES (1511, 1, 14, 13, '2022-12-20 14:56:37', 13, '2023-06-20 09:21:13', 1);
INSERT INTO `sys_role_resource` VALUES (1512, 1, 15, 13, '2022-12-20 14:56:37', 13, '2023-06-20 09:21:13', 1);
INSERT INTO `sys_role_resource` VALUES (1513, 1, 16, 13, '2022-12-20 14:56:37', 13, '2023-06-20 09:21:13', 1);
INSERT INTO `sys_role_resource` VALUES (1514, 1, 17, 13, '2022-12-20 14:56:37', 13, '2023-06-20 09:21:13', 1);
INSERT INTO `sys_role_resource` VALUES (1515, 1, 18, 13, '2022-12-20 14:56:37', 13, '2023-06-20 09:21:13', 1);
INSERT INTO `sys_role_resource` VALUES (1516, 1, 19, 13, '2022-12-20 14:56:37', 13, '2023-06-20 09:21:13', 1);
INSERT INTO `sys_role_resource` VALUES (1517, 1, 20, 13, '2022-12-20 14:56:37', 13, '2023-06-20 09:21:13', 1);
INSERT INTO `sys_role_resource` VALUES (1518, 1, 21, 13, '2022-12-20 14:56:37', 13, '2023-06-20 09:21:13', 1);
INSERT INTO `sys_role_resource` VALUES (1519, 1, 5, 13, '2022-12-20 14:56:37', 13, '2023-06-20 09:21:13', 1);
INSERT INTO `sys_role_resource` VALUES (1520, 1, 23, 13, '2022-12-20 14:56:37', 13, '2023-06-20 09:21:13', 1);
INSERT INTO `sys_role_resource` VALUES (1521, 1, 24, 13, '2022-12-20 14:56:37', 13, '2023-06-20 09:21:13', 1);
INSERT INTO `sys_role_resource` VALUES (1522, 1, 25, 13, '2022-12-20 14:56:37', 13, '2023-06-20 09:21:13', 1);
INSERT INTO `sys_role_resource` VALUES (1523, 1, 26, 13, '2022-12-20 14:56:37', 13, '2023-06-20 09:21:13', 1);
INSERT INTO `sys_role_resource` VALUES (1524, 1, 29, 13, '2022-12-20 14:56:37', 13, '2023-06-20 09:21:13', 1);
INSERT INTO `sys_role_resource` VALUES (1525, 1, 22, 13, '2022-12-20 14:56:37', 13, '2023-06-20 09:21:13', 1);
INSERT INTO `sys_role_resource` VALUES (1526, 1, 74, 13, '2022-12-20 14:56:37', 13, '2023-06-20 09:21:13', 1);
INSERT INTO `sys_role_resource` VALUES (1527, 1, 75, 13, '2022-12-20 14:56:37', 13, '2023-06-20 09:21:13', 1);
INSERT INTO `sys_role_resource` VALUES (1528, 1, 76, 13, '2022-12-20 14:56:37', 13, '2023-06-20 09:21:13', 1);
INSERT INTO `sys_role_resource` VALUES (1529, 1, 77, 13, '2022-12-20 14:56:37', 13, '2023-06-20 09:21:13', 1);
INSERT INTO `sys_role_resource` VALUES (1530, 1, 78, 13, '2022-12-20 14:56:37', 13, '2023-06-20 09:21:13', 1);
INSERT INTO `sys_role_resource` VALUES (1531, 1, 79, 13, '2022-12-20 14:56:37', 13, '2023-06-20 09:21:13', 1);
INSERT INTO `sys_role_resource` VALUES (1532, 1, 80, 13, '2022-12-20 14:56:37', 13, '2023-06-20 09:21:13', 1);
INSERT INTO `sys_role_resource` VALUES (1533, 1, 81, 13, '2022-12-20 14:56:37', 13, '2023-06-20 09:21:13', 1);
INSERT INTO `sys_role_resource` VALUES (1534, 1, 82, 13, '2022-12-20 14:56:37', 13, '2023-06-20 09:21:13', 1);
INSERT INTO `sys_role_resource` VALUES (1535, 1, 83, 13, '2022-12-20 14:56:37', 13, '2023-06-20 09:21:13', 1);
INSERT INTO `sys_role_resource` VALUES (1536, 1, 84, 13, '2022-12-20 14:56:37', 13, '2023-06-20 09:21:13', 1);
INSERT INTO `sys_role_resource` VALUES (1537, 1, 85, 13, '2022-12-20 14:56:37', 13, '2023-06-20 09:21:13', 1);
INSERT INTO `sys_role_resource` VALUES (1538, 1, 28, 13, '2022-12-20 14:56:37', 13, '2023-06-20 09:21:13', 1);
INSERT INTO `sys_role_resource` VALUES (1539, 1, 32, 13, '2022-12-20 14:56:37', 13, '2023-06-20 09:21:13', 1);
INSERT INTO `sys_role_resource` VALUES (1540, 1, 33, 13, '2022-12-20 14:56:37', 13, '2023-06-20 09:21:13', 1);
INSERT INTO `sys_role_resource` VALUES (1541, 1, 34, 13, '2022-12-20 14:56:37', 13, '2023-06-20 09:21:13', 1);
INSERT INTO `sys_role_resource` VALUES (1542, 1, 39, 13, '2022-12-20 14:56:37', 13, '2023-06-20 09:21:13', 1);
INSERT INTO `sys_role_resource` VALUES (1543, 1, 40, 13, '2022-12-20 14:56:37', 13, '2023-06-20 09:21:13', 1);
INSERT INTO `sys_role_resource` VALUES (1544, 1, 31, 13, '2022-12-20 14:56:37', 13, '2023-06-20 09:21:13', 1);
INSERT INTO `sys_role_resource` VALUES (1545, 1, 42, 13, '2022-12-20 14:56:37', 13, '2023-06-20 09:21:13', 1);
INSERT INTO `sys_role_resource` VALUES (1546, 1, 43, 13, '2022-12-20 14:56:37', 13, '2023-06-20 09:21:13', 1);
INSERT INTO `sys_role_resource` VALUES (1547, 1, 44, 13, '2022-12-20 14:56:37', 13, '2023-06-20 09:21:13', 1);
INSERT INTO `sys_role_resource` VALUES (1548, 1, 45, 13, '2022-12-20 14:56:37', 13, '2023-06-20 09:21:13', 1);
INSERT INTO `sys_role_resource` VALUES (1549, 1, 41, 13, '2022-12-20 14:56:37', 13, '2023-06-20 09:21:13', 1);
INSERT INTO `sys_role_resource` VALUES (1550, 1, 69, 13, '2022-12-20 14:56:37', 13, '2023-06-20 09:21:13', 1);
INSERT INTO `sys_role_resource` VALUES (1551, 1, 70, 13, '2022-12-20 14:56:37', 13, '2023-06-20 09:21:13', 1);
INSERT INTO `sys_role_resource` VALUES (1552, 1, 71, 13, '2022-12-20 14:56:37', 13, '2023-06-20 09:21:13', 1);
INSERT INTO `sys_role_resource` VALUES (1553, 1, 72, 13, '2022-12-20 14:56:37', 13, '2023-06-20 09:21:13', 1);
INSERT INTO `sys_role_resource` VALUES (1554, 1, 73, 13, '2022-12-20 14:56:37', 13, '2023-06-20 09:21:13', 1);
INSERT INTO `sys_role_resource` VALUES (1555, 1, 68, 13, '2022-12-20 14:56:37', 13, '2023-06-20 09:21:13', 1);
INSERT INTO `sys_role_resource` VALUES (1556, 1, 9, 13, '2022-12-20 14:56:37', 13, '2023-06-20 09:21:13', 1);
INSERT INTO `sys_role_resource` VALUES (1557, 1, 37, 13, '2022-12-20 14:56:37', 13, '2023-06-20 09:21:13', 1);
INSERT INTO `sys_role_resource` VALUES (1558, 1, 38, 13, '2022-12-20 14:56:37', 13, '2023-06-20 09:21:13', 1);
INSERT INTO `sys_role_resource` VALUES (1559, 1, 46, 13, '2022-12-20 14:56:37', 13, '2023-06-20 09:21:13', 1);
INSERT INTO `sys_role_resource` VALUES (1560, 1, 59, 13, '2022-12-20 14:56:37', 13, '2023-06-20 09:21:13', 1);
INSERT INTO `sys_role_resource` VALUES (1561, 1, 60, 13, '2022-12-20 14:56:37', 13, '2023-06-20 09:21:13', 1);
INSERT INTO `sys_role_resource` VALUES (1562, 1, 61, 13, '2022-12-20 14:56:37', 13, '2023-06-20 09:21:13', 1);
INSERT INTO `sys_role_resource` VALUES (1563, 1, 64, 13, '2022-12-20 14:56:37', 13, '2023-06-20 09:21:13', 1);
INSERT INTO `sys_role_resource` VALUES (1564, 1, 66, 13, '2022-12-20 14:56:37', 13, '2023-06-20 09:21:13', 1);
INSERT INTO `sys_role_resource` VALUES (1565, 1, 47, 13, '2022-12-20 14:56:37', 13, '2023-06-20 09:21:13', 1);
INSERT INTO `sys_role_resource` VALUES (1566, 1, 62, 13, '2022-12-20 14:56:37', 13, '2023-06-20 09:21:13', 1);
INSERT INTO `sys_role_resource` VALUES (1567, 1, 63, 13, '2022-12-20 14:56:37', 13, '2023-06-20 09:21:13', 1);
INSERT INTO `sys_role_resource` VALUES (1568, 1, 65, 13, '2022-12-20 14:56:37', 13, '2023-06-20 09:21:13', 1);
INSERT INTO `sys_role_resource` VALUES (1569, 1, 67, 13, '2022-12-20 14:56:37', 13, '2023-06-20 09:21:13', 1);
INSERT INTO `sys_role_resource` VALUES (1570, 1, 48, 13, '2022-12-20 14:56:37', 13, '2023-06-20 09:21:13', 1);
INSERT INTO `sys_role_resource` VALUES (1571, 1, 86, 13, '2022-12-20 14:56:37', 13, '2023-06-20 09:21:13', 1);
INSERT INTO `sys_role_resource` VALUES (1572, 1, 87, 13, '2022-12-20 14:56:37', 13, '2023-06-20 09:21:13', 1);
INSERT INTO `sys_role_resource` VALUES (1573, 7, 1, 13, '2022-12-20 14:56:43', 13, '2023-06-20 09:21:04', 1);
INSERT INTO `sys_role_resource` VALUES (1574, 7, 2, 13, '2022-12-20 14:56:43', 13, '2023-06-20 09:21:04', 1);
INSERT INTO `sys_role_resource` VALUES (1575, 7, 3, 13, '2022-12-20 14:56:43', 13, '2023-06-20 09:21:04', 1);
INSERT INTO `sys_role_resource` VALUES (1576, 7, 6, 13, '2022-12-20 14:56:43', 13, '2023-06-20 09:21:04', 1);
INSERT INTO `sys_role_resource` VALUES (1577, 7, 7, 13, '2022-12-20 14:56:43', 13, '2023-06-20 09:21:04', 1);
INSERT INTO `sys_role_resource` VALUES (1578, 7, 8, 13, '2022-12-20 14:56:43', 13, '2023-06-20 09:21:04', 1);
INSERT INTO `sys_role_resource` VALUES (1579, 7, 10, 13, '2022-12-20 14:56:43', 13, '2023-06-20 09:21:04', 1);
INSERT INTO `sys_role_resource` VALUES (1580, 7, 11, 13, '2022-12-20 14:56:43', 13, '2023-06-20 09:21:04', 1);
INSERT INTO `sys_role_resource` VALUES (1581, 7, 12, 13, '2022-12-20 14:56:43', 13, '2023-06-20 09:21:04', 1);
INSERT INTO `sys_role_resource` VALUES (1582, 7, 13, 13, '2022-12-20 14:56:43', 13, '2023-06-20 09:21:04', 1);
INSERT INTO `sys_role_resource` VALUES (1583, 7, 49, 13, '2022-12-20 14:56:43', 13, '2023-06-20 09:21:04', 1);
INSERT INTO `sys_role_resource` VALUES (1584, 7, 4, 13, '2022-12-20 14:56:43', 13, '2023-06-20 09:21:04', 1);
INSERT INTO `sys_role_resource` VALUES (1585, 7, 14, 13, '2022-12-20 14:56:43', 13, '2023-06-20 09:21:04', 1);
INSERT INTO `sys_role_resource` VALUES (1586, 7, 15, 13, '2022-12-20 14:56:43', 13, '2023-06-20 09:21:04', 1);
INSERT INTO `sys_role_resource` VALUES (1587, 7, 16, 13, '2022-12-20 14:56:43', 13, '2023-06-20 09:21:04', 1);
INSERT INTO `sys_role_resource` VALUES (1588, 7, 17, 13, '2022-12-20 14:56:43', 13, '2023-06-20 09:21:04', 1);
INSERT INTO `sys_role_resource` VALUES (1589, 7, 18, 13, '2022-12-20 14:56:43', 13, '2023-06-20 09:21:04', 1);
INSERT INTO `sys_role_resource` VALUES (1590, 7, 19, 13, '2022-12-20 14:56:43', 13, '2023-06-20 09:21:04', 1);
INSERT INTO `sys_role_resource` VALUES (1591, 7, 20, 13, '2022-12-20 14:56:43', 13, '2023-06-20 09:21:04', 1);
INSERT INTO `sys_role_resource` VALUES (1592, 7, 21, 13, '2022-12-20 14:56:43', 13, '2023-06-20 09:21:04', 1);
INSERT INTO `sys_role_resource` VALUES (1593, 7, 5, 13, '2022-12-20 14:56:43', 13, '2023-06-20 09:21:04', 1);
INSERT INTO `sys_role_resource` VALUES (1594, 7, 23, 13, '2022-12-20 14:56:43', 13, '2023-06-20 09:21:04', 1);
INSERT INTO `sys_role_resource` VALUES (1595, 7, 24, 13, '2022-12-20 14:56:43', 13, '2023-06-20 09:21:04', 1);
INSERT INTO `sys_role_resource` VALUES (1596, 7, 25, 13, '2022-12-20 14:56:43', 13, '2023-06-20 09:21:04', 1);
INSERT INTO `sys_role_resource` VALUES (1597, 7, 26, 13, '2022-12-20 14:56:43', 13, '2023-06-20 09:21:04', 1);
INSERT INTO `sys_role_resource` VALUES (1598, 7, 29, 13, '2022-12-20 14:56:43', 13, '2023-06-20 09:21:04', 1);
INSERT INTO `sys_role_resource` VALUES (1599, 7, 22, 13, '2022-12-20 14:56:43', 13, '2023-06-20 09:21:04', 1);
INSERT INTO `sys_role_resource` VALUES (1600, 7, 74, 13, '2022-12-20 14:56:43', 13, '2023-06-20 09:21:04', 1);
INSERT INTO `sys_role_resource` VALUES (1601, 7, 75, 13, '2022-12-20 14:56:43', 13, '2023-06-20 09:21:04', 1);
INSERT INTO `sys_role_resource` VALUES (1602, 7, 76, 13, '2022-12-20 14:56:43', 13, '2023-06-20 09:21:04', 1);
INSERT INTO `sys_role_resource` VALUES (1603, 7, 77, 13, '2022-12-20 14:56:43', 13, '2023-06-20 09:21:04', 1);
INSERT INTO `sys_role_resource` VALUES (1604, 7, 78, 13, '2022-12-20 14:56:43', 13, '2023-06-20 09:21:04', 1);
INSERT INTO `sys_role_resource` VALUES (1605, 7, 79, 13, '2022-12-20 14:56:43', 13, '2023-06-20 09:21:04', 1);
INSERT INTO `sys_role_resource` VALUES (1606, 7, 80, 13, '2022-12-20 14:56:43', 13, '2023-06-20 09:21:04', 1);
INSERT INTO `sys_role_resource` VALUES (1607, 7, 81, 13, '2022-12-20 14:56:43', 13, '2023-06-20 09:21:04', 1);
INSERT INTO `sys_role_resource` VALUES (1608, 7, 82, 13, '2022-12-20 14:56:43', 13, '2023-06-20 09:21:04', 1);
INSERT INTO `sys_role_resource` VALUES (1609, 7, 83, 13, '2022-12-20 14:56:43', 13, '2023-06-20 09:21:04', 1);
INSERT INTO `sys_role_resource` VALUES (1610, 7, 84, 13, '2022-12-20 14:56:43', 13, '2023-06-20 09:21:04', 1);
INSERT INTO `sys_role_resource` VALUES (1611, 7, 85, 13, '2022-12-20 14:56:43', 13, '2023-06-20 09:21:04', 1);
INSERT INTO `sys_role_resource` VALUES (1612, 7, 28, 13, '2022-12-20 14:56:43', 13, '2023-06-20 09:21:04', 1);
INSERT INTO `sys_role_resource` VALUES (1613, 7, 32, 13, '2022-12-20 14:56:43', 13, '2023-06-20 09:21:04', 1);
INSERT INTO `sys_role_resource` VALUES (1614, 7, 33, 13, '2022-12-20 14:56:43', 13, '2023-06-20 09:21:04', 1);
INSERT INTO `sys_role_resource` VALUES (1615, 7, 34, 13, '2022-12-20 14:56:43', 13, '2023-06-20 09:21:04', 1);
INSERT INTO `sys_role_resource` VALUES (1616, 7, 39, 13, '2022-12-20 14:56:43', 13, '2023-06-20 09:21:04', 1);
INSERT INTO `sys_role_resource` VALUES (1617, 7, 40, 13, '2022-12-20 14:56:43', 13, '2023-06-20 09:21:04', 1);
INSERT INTO `sys_role_resource` VALUES (1618, 7, 31, 13, '2022-12-20 14:56:43', 13, '2023-06-20 09:21:04', 1);
INSERT INTO `sys_role_resource` VALUES (1619, 7, 42, 13, '2022-12-20 14:56:43', 13, '2023-06-20 09:21:04', 1);
INSERT INTO `sys_role_resource` VALUES (1620, 7, 43, 13, '2022-12-20 14:56:43', 13, '2023-06-20 09:21:04', 1);
INSERT INTO `sys_role_resource` VALUES (1621, 7, 44, 13, '2022-12-20 14:56:43', 13, '2023-06-20 09:21:04', 1);
INSERT INTO `sys_role_resource` VALUES (1622, 7, 45, 13, '2022-12-20 14:56:43', 13, '2023-06-20 09:21:04', 1);
INSERT INTO `sys_role_resource` VALUES (1623, 7, 41, 13, '2022-12-20 14:56:43', 13, '2023-06-20 09:21:04', 1);
INSERT INTO `sys_role_resource` VALUES (1624, 7, 69, 13, '2022-12-20 14:56:43', 13, '2023-06-20 09:21:04', 1);
INSERT INTO `sys_role_resource` VALUES (1625, 7, 70, 13, '2022-12-20 14:56:43', 13, '2023-06-20 09:21:04', 1);
INSERT INTO `sys_role_resource` VALUES (1626, 7, 71, 13, '2022-12-20 14:56:43', 13, '2023-06-20 09:21:04', 1);
INSERT INTO `sys_role_resource` VALUES (1627, 7, 72, 13, '2022-12-20 14:56:43', 13, '2023-06-20 09:21:04', 1);
INSERT INTO `sys_role_resource` VALUES (1628, 7, 73, 13, '2022-12-20 14:56:43', 13, '2023-06-20 09:21:04', 1);
INSERT INTO `sys_role_resource` VALUES (1629, 7, 68, 13, '2022-12-20 14:56:43', 13, '2023-06-20 09:21:04', 1);
INSERT INTO `sys_role_resource` VALUES (1630, 7, 9, 13, '2022-12-20 14:56:43', 13, '2023-06-20 09:21:04', 1);
INSERT INTO `sys_role_resource` VALUES (1631, 7, 37, 13, '2022-12-20 14:56:43', 13, '2023-06-20 09:21:04', 1);
INSERT INTO `sys_role_resource` VALUES (1632, 7, 38, 13, '2022-12-20 14:56:43', 13, '2023-06-20 09:21:04', 1);
INSERT INTO `sys_role_resource` VALUES (1633, 7, 46, 13, '2022-12-20 14:56:43', 13, '2023-06-20 09:21:04', 1);
INSERT INTO `sys_role_resource` VALUES (1634, 7, 59, 13, '2022-12-20 14:56:43', 13, '2023-06-20 09:21:04', 1);
INSERT INTO `sys_role_resource` VALUES (1635, 7, 60, 13, '2022-12-20 14:56:43', 13, '2023-06-20 09:21:04', 1);
INSERT INTO `sys_role_resource` VALUES (1636, 7, 61, 13, '2022-12-20 14:56:43', 13, '2023-06-20 09:21:04', 1);
INSERT INTO `sys_role_resource` VALUES (1637, 7, 64, 13, '2022-12-20 14:56:43', 13, '2023-06-20 09:21:04', 1);
INSERT INTO `sys_role_resource` VALUES (1638, 7, 66, 13, '2022-12-20 14:56:43', 13, '2023-06-20 09:21:04', 1);
INSERT INTO `sys_role_resource` VALUES (1639, 7, 47, 13, '2022-12-20 14:56:43', 13, '2023-06-20 09:21:04', 1);
INSERT INTO `sys_role_resource` VALUES (1640, 7, 62, 13, '2022-12-20 14:56:43', 13, '2023-06-20 09:21:04', 1);
INSERT INTO `sys_role_resource` VALUES (1641, 7, 63, 13, '2022-12-20 14:56:43', 13, '2023-06-20 09:21:04', 1);
INSERT INTO `sys_role_resource` VALUES (1642, 7, 65, 13, '2022-12-20 14:56:43', 13, '2023-06-20 09:21:04', 1);
INSERT INTO `sys_role_resource` VALUES (1643, 7, 67, 13, '2022-12-20 14:56:43', 13, '2023-06-20 09:21:04', 1);
INSERT INTO `sys_role_resource` VALUES (1644, 7, 48, 13, '2022-12-20 14:56:43', 13, '2023-06-20 09:21:04', 1);
INSERT INTO `sys_role_resource` VALUES (1645, 7, 86, 13, '2022-12-20 14:56:43', 13, '2023-06-20 09:21:04', 1);
INSERT INTO `sys_role_resource` VALUES (1646, 7, 87, 13, '2022-12-20 14:56:43', 13, '2023-06-20 09:21:04', 1);
INSERT INTO `sys_role_resource` VALUES (1647, 7, 1, 13, '2023-06-20 09:21:04', 13, '2023-06-25 17:30:55', 1);
INSERT INTO `sys_role_resource` VALUES (1648, 7, 2, 13, '2023-06-20 09:21:04', 13, '2023-06-25 17:30:55', 1);
INSERT INTO `sys_role_resource` VALUES (1649, 7, 3, 13, '2023-06-20 09:21:04', 13, '2023-06-25 17:30:55', 1);
INSERT INTO `sys_role_resource` VALUES (1650, 7, 6, 13, '2023-06-20 09:21:04', 13, '2023-06-25 17:30:55', 1);
INSERT INTO `sys_role_resource` VALUES (1651, 7, 7, 13, '2023-06-20 09:21:04', 13, '2023-06-25 17:30:55', 1);
INSERT INTO `sys_role_resource` VALUES (1652, 7, 8, 13, '2023-06-20 09:21:04', 13, '2023-06-25 17:30:55', 1);
INSERT INTO `sys_role_resource` VALUES (1653, 7, 10, 13, '2023-06-20 09:21:04', 13, '2023-06-25 17:30:55', 1);
INSERT INTO `sys_role_resource` VALUES (1654, 7, 11, 13, '2023-06-20 09:21:04', 13, '2023-06-25 17:30:55', 1);
INSERT INTO `sys_role_resource` VALUES (1655, 7, 12, 13, '2023-06-20 09:21:04', 13, '2023-06-25 17:30:55', 1);
INSERT INTO `sys_role_resource` VALUES (1656, 7, 13, 13, '2023-06-20 09:21:04', 13, '2023-06-25 17:30:55', 1);
INSERT INTO `sys_role_resource` VALUES (1657, 7, 49, 13, '2023-06-20 09:21:04', 13, '2023-06-25 17:30:55', 1);
INSERT INTO `sys_role_resource` VALUES (1658, 7, 4, 13, '2023-06-20 09:21:04', 13, '2023-06-25 17:30:55', 1);
INSERT INTO `sys_role_resource` VALUES (1659, 7, 14, 13, '2023-06-20 09:21:04', 13, '2023-06-25 17:30:55', 1);
INSERT INTO `sys_role_resource` VALUES (1660, 7, 15, 13, '2023-06-20 09:21:04', 13, '2023-06-25 17:30:55', 1);
INSERT INTO `sys_role_resource` VALUES (1661, 7, 16, 13, '2023-06-20 09:21:04', 13, '2023-06-25 17:30:55', 1);
INSERT INTO `sys_role_resource` VALUES (1662, 7, 17, 13, '2023-06-20 09:21:04', 13, '2023-06-25 17:30:55', 1);
INSERT INTO `sys_role_resource` VALUES (1663, 7, 18, 13, '2023-06-20 09:21:04', 13, '2023-06-25 17:30:55', 1);
INSERT INTO `sys_role_resource` VALUES (1664, 7, 19, 13, '2023-06-20 09:21:04', 13, '2023-06-25 17:30:55', 1);
INSERT INTO `sys_role_resource` VALUES (1665, 7, 20, 13, '2023-06-20 09:21:04', 13, '2023-06-25 17:30:55', 1);
INSERT INTO `sys_role_resource` VALUES (1666, 7, 21, 13, '2023-06-20 09:21:04', 13, '2023-06-25 17:30:55', 1);
INSERT INTO `sys_role_resource` VALUES (1667, 7, 5, 13, '2023-06-20 09:21:04', 13, '2023-06-25 17:30:55', 1);
INSERT INTO `sys_role_resource` VALUES (1668, 7, 23, 13, '2023-06-20 09:21:04', 13, '2023-06-25 17:30:55', 1);
INSERT INTO `sys_role_resource` VALUES (1669, 7, 24, 13, '2023-06-20 09:21:04', 13, '2023-06-25 17:30:55', 1);
INSERT INTO `sys_role_resource` VALUES (1670, 7, 25, 13, '2023-06-20 09:21:04', 13, '2023-06-25 17:30:55', 1);
INSERT INTO `sys_role_resource` VALUES (1671, 7, 26, 13, '2023-06-20 09:21:04', 13, '2023-06-25 17:30:55', 1);
INSERT INTO `sys_role_resource` VALUES (1672, 7, 29, 13, '2023-06-20 09:21:04', 13, '2023-06-25 17:30:55', 1);
INSERT INTO `sys_role_resource` VALUES (1673, 7, 22, 13, '2023-06-20 09:21:04', 13, '2023-06-25 17:30:55', 1);
INSERT INTO `sys_role_resource` VALUES (1674, 7, 74, 13, '2023-06-20 09:21:04', 13, '2023-06-25 17:30:55', 1);
INSERT INTO `sys_role_resource` VALUES (1675, 7, 75, 13, '2023-06-20 09:21:04', 13, '2023-06-25 17:30:55', 1);
INSERT INTO `sys_role_resource` VALUES (1676, 7, 76, 13, '2023-06-20 09:21:04', 13, '2023-06-25 17:30:55', 1);
INSERT INTO `sys_role_resource` VALUES (1677, 7, 77, 13, '2023-06-20 09:21:04', 13, '2023-06-25 17:30:55', 1);
INSERT INTO `sys_role_resource` VALUES (1678, 7, 78, 13, '2023-06-20 09:21:04', 13, '2023-06-25 17:30:55', 1);
INSERT INTO `sys_role_resource` VALUES (1679, 7, 79, 13, '2023-06-20 09:21:04', 13, '2023-06-25 17:30:55', 1);
INSERT INTO `sys_role_resource` VALUES (1680, 7, 80, 13, '2023-06-20 09:21:04', 13, '2023-06-25 17:30:55', 1);
INSERT INTO `sys_role_resource` VALUES (1681, 7, 81, 13, '2023-06-20 09:21:04', 13, '2023-06-25 17:30:55', 1);
INSERT INTO `sys_role_resource` VALUES (1682, 7, 82, 13, '2023-06-20 09:21:04', 13, '2023-06-25 17:30:55', 1);
INSERT INTO `sys_role_resource` VALUES (1683, 7, 83, 13, '2023-06-20 09:21:04', 13, '2023-06-25 17:30:55', 1);
INSERT INTO `sys_role_resource` VALUES (1684, 7, 84, 13, '2023-06-20 09:21:04', 13, '2023-06-25 17:30:55', 1);
INSERT INTO `sys_role_resource` VALUES (1685, 7, 85, 13, '2023-06-20 09:21:04', 13, '2023-06-25 17:30:55', 1);
INSERT INTO `sys_role_resource` VALUES (1686, 7, 28, 13, '2023-06-20 09:21:04', 13, '2023-06-25 17:30:55', 1);
INSERT INTO `sys_role_resource` VALUES (1687, 7, 32, 13, '2023-06-20 09:21:04', 13, '2023-06-25 17:30:55', 1);
INSERT INTO `sys_role_resource` VALUES (1688, 7, 33, 13, '2023-06-20 09:21:04', 13, '2023-06-25 17:30:55', 1);
INSERT INTO `sys_role_resource` VALUES (1689, 7, 34, 13, '2023-06-20 09:21:04', 13, '2023-06-25 17:30:55', 1);
INSERT INTO `sys_role_resource` VALUES (1690, 7, 39, 13, '2023-06-20 09:21:04', 13, '2023-06-25 17:30:55', 1);
INSERT INTO `sys_role_resource` VALUES (1691, 7, 40, 13, '2023-06-20 09:21:04', 13, '2023-06-25 17:30:55', 1);
INSERT INTO `sys_role_resource` VALUES (1692, 7, 31, 13, '2023-06-20 09:21:04', 13, '2023-06-25 17:30:55', 1);
INSERT INTO `sys_role_resource` VALUES (1693, 7, 42, 13, '2023-06-20 09:21:04', 13, '2023-06-25 17:30:55', 1);
INSERT INTO `sys_role_resource` VALUES (1694, 7, 43, 13, '2023-06-20 09:21:04', 13, '2023-06-25 17:30:55', 1);
INSERT INTO `sys_role_resource` VALUES (1695, 7, 44, 13, '2023-06-20 09:21:04', 13, '2023-06-25 17:30:55', 1);
INSERT INTO `sys_role_resource` VALUES (1696, 7, 45, 13, '2023-06-20 09:21:04', 13, '2023-06-25 17:30:55', 1);
INSERT INTO `sys_role_resource` VALUES (1697, 7, 41, 13, '2023-06-20 09:21:04', 13, '2023-06-25 17:30:55', 1);
INSERT INTO `sys_role_resource` VALUES (1698, 7, 69, 13, '2023-06-20 09:21:04', 13, '2023-06-25 17:30:55', 1);
INSERT INTO `sys_role_resource` VALUES (1699, 7, 70, 13, '2023-06-20 09:21:04', 13, '2023-06-25 17:30:55', 1);
INSERT INTO `sys_role_resource` VALUES (1700, 7, 71, 13, '2023-06-20 09:21:04', 13, '2023-06-25 17:30:55', 1);
INSERT INTO `sys_role_resource` VALUES (1701, 7, 72, 13, '2023-06-20 09:21:04', 13, '2023-06-25 17:30:55', 1);
INSERT INTO `sys_role_resource` VALUES (1702, 7, 73, 13, '2023-06-20 09:21:04', 13, '2023-06-25 17:30:55', 1);
INSERT INTO `sys_role_resource` VALUES (1703, 7, 68, 13, '2023-06-20 09:21:04', 13, '2023-06-25 17:30:55', 1);
INSERT INTO `sys_role_resource` VALUES (1704, 7, 9, 13, '2023-06-20 09:21:04', 13, '2023-06-25 17:30:55', 1);
INSERT INTO `sys_role_resource` VALUES (1705, 7, 37, 13, '2023-06-20 09:21:04', 13, '2023-06-25 17:30:55', 1);
INSERT INTO `sys_role_resource` VALUES (1706, 7, 38, 13, '2023-06-20 09:21:04', 13, '2023-06-25 17:30:55', 1);
INSERT INTO `sys_role_resource` VALUES (1707, 7, 46, 13, '2023-06-20 09:21:04', 13, '2023-06-25 17:30:55', 1);
INSERT INTO `sys_role_resource` VALUES (1708, 7, 59, 13, '2023-06-20 09:21:04', 13, '2023-06-25 17:30:55', 1);
INSERT INTO `sys_role_resource` VALUES (1709, 7, 60, 13, '2023-06-20 09:21:04', 13, '2023-06-25 17:30:55', 1);
INSERT INTO `sys_role_resource` VALUES (1710, 7, 61, 13, '2023-06-20 09:21:04', 13, '2023-06-25 17:30:55', 1);
INSERT INTO `sys_role_resource` VALUES (1711, 7, 64, 13, '2023-06-20 09:21:04', 13, '2023-06-25 17:30:55', 1);
INSERT INTO `sys_role_resource` VALUES (1712, 7, 66, 13, '2023-06-20 09:21:04', 13, '2023-06-25 17:30:55', 1);
INSERT INTO `sys_role_resource` VALUES (1713, 7, 47, 13, '2023-06-20 09:21:04', 13, '2023-06-25 17:30:55', 1);
INSERT INTO `sys_role_resource` VALUES (1714, 7, 62, 13, '2023-06-20 09:21:04', 13, '2023-06-25 17:30:55', 1);
INSERT INTO `sys_role_resource` VALUES (1715, 7, 63, 13, '2023-06-20 09:21:04', 13, '2023-06-25 17:30:55', 1);
INSERT INTO `sys_role_resource` VALUES (1716, 7, 65, 13, '2023-06-20 09:21:04', 13, '2023-06-25 17:30:55', 1);
INSERT INTO `sys_role_resource` VALUES (1717, 7, 67, 13, '2023-06-20 09:21:04', 13, '2023-06-25 17:30:55', 1);
INSERT INTO `sys_role_resource` VALUES (1718, 7, 48, 13, '2023-06-20 09:21:04', 13, '2023-06-25 17:30:55', 1);
INSERT INTO `sys_role_resource` VALUES (1719, 7, 86, 13, '2023-06-20 09:21:04', 13, '2023-06-25 17:30:55', 1);
INSERT INTO `sys_role_resource` VALUES (1720, 7, 89, 13, '2023-06-20 09:21:04', 13, '2023-06-25 17:30:55', 1);
INSERT INTO `sys_role_resource` VALUES (1721, 7, 88, 13, '2023-06-20 09:21:04', 13, '2023-06-25 17:30:55', 1);
INSERT INTO `sys_role_resource` VALUES (1722, 7, 87, 13, '2023-06-20 09:21:04', 13, '2023-06-25 17:30:55', 1);
INSERT INTO `sys_role_resource` VALUES (1723, 1, 1, 13, '2023-06-20 09:21:13', 13, '2023-06-25 17:31:05', 1);
INSERT INTO `sys_role_resource` VALUES (1724, 1, 2, 13, '2023-06-20 09:21:13', 13, '2023-06-25 17:31:05', 1);
INSERT INTO `sys_role_resource` VALUES (1725, 1, 3, 13, '2023-06-20 09:21:13', 13, '2023-06-25 17:31:05', 1);
INSERT INTO `sys_role_resource` VALUES (1726, 1, 6, 13, '2023-06-20 09:21:13', 13, '2023-06-25 17:31:05', 1);
INSERT INTO `sys_role_resource` VALUES (1727, 1, 7, 13, '2023-06-20 09:21:13', 13, '2023-06-25 17:31:05', 1);
INSERT INTO `sys_role_resource` VALUES (1728, 1, 8, 13, '2023-06-20 09:21:13', 13, '2023-06-25 17:31:05', 1);
INSERT INTO `sys_role_resource` VALUES (1729, 1, 10, 13, '2023-06-20 09:21:13', 13, '2023-06-25 17:31:05', 1);
INSERT INTO `sys_role_resource` VALUES (1730, 1, 11, 13, '2023-06-20 09:21:13', 13, '2023-06-25 17:31:05', 1);
INSERT INTO `sys_role_resource` VALUES (1731, 1, 12, 13, '2023-06-20 09:21:13', 13, '2023-06-25 17:31:05', 1);
INSERT INTO `sys_role_resource` VALUES (1732, 1, 13, 13, '2023-06-20 09:21:13', 13, '2023-06-25 17:31:05', 1);
INSERT INTO `sys_role_resource` VALUES (1733, 1, 49, 13, '2023-06-20 09:21:13', 13, '2023-06-25 17:31:05', 1);
INSERT INTO `sys_role_resource` VALUES (1734, 1, 4, 13, '2023-06-20 09:21:13', 13, '2023-06-25 17:31:05', 1);
INSERT INTO `sys_role_resource` VALUES (1735, 1, 14, 13, '2023-06-20 09:21:13', 13, '2023-06-25 17:31:05', 1);
INSERT INTO `sys_role_resource` VALUES (1736, 1, 15, 13, '2023-06-20 09:21:13', 13, '2023-06-25 17:31:05', 1);
INSERT INTO `sys_role_resource` VALUES (1737, 1, 16, 13, '2023-06-20 09:21:13', 13, '2023-06-25 17:31:05', 1);
INSERT INTO `sys_role_resource` VALUES (1738, 1, 17, 13, '2023-06-20 09:21:13', 13, '2023-06-25 17:31:05', 1);
INSERT INTO `sys_role_resource` VALUES (1739, 1, 18, 13, '2023-06-20 09:21:13', 13, '2023-06-25 17:31:05', 1);
INSERT INTO `sys_role_resource` VALUES (1740, 1, 19, 13, '2023-06-20 09:21:13', 13, '2023-06-25 17:31:05', 1);
INSERT INTO `sys_role_resource` VALUES (1741, 1, 20, 13, '2023-06-20 09:21:13', 13, '2023-06-25 17:31:05', 1);
INSERT INTO `sys_role_resource` VALUES (1742, 1, 21, 13, '2023-06-20 09:21:13', 13, '2023-06-25 17:31:05', 1);
INSERT INTO `sys_role_resource` VALUES (1743, 1, 5, 13, '2023-06-20 09:21:13', 13, '2023-06-25 17:31:05', 1);
INSERT INTO `sys_role_resource` VALUES (1744, 1, 23, 13, '2023-06-20 09:21:13', 13, '2023-06-25 17:31:05', 1);
INSERT INTO `sys_role_resource` VALUES (1745, 1, 24, 13, '2023-06-20 09:21:13', 13, '2023-06-25 17:31:05', 1);
INSERT INTO `sys_role_resource` VALUES (1746, 1, 25, 13, '2023-06-20 09:21:13', 13, '2023-06-25 17:31:05', 1);
INSERT INTO `sys_role_resource` VALUES (1747, 1, 26, 13, '2023-06-20 09:21:13', 13, '2023-06-25 17:31:05', 1);
INSERT INTO `sys_role_resource` VALUES (1748, 1, 29, 13, '2023-06-20 09:21:13', 13, '2023-06-25 17:31:05', 1);
INSERT INTO `sys_role_resource` VALUES (1749, 1, 22, 13, '2023-06-20 09:21:13', 13, '2023-06-25 17:31:05', 1);
INSERT INTO `sys_role_resource` VALUES (1750, 1, 74, 13, '2023-06-20 09:21:13', 13, '2023-06-25 17:31:05', 1);
INSERT INTO `sys_role_resource` VALUES (1751, 1, 75, 13, '2023-06-20 09:21:13', 13, '2023-06-25 17:31:05', 1);
INSERT INTO `sys_role_resource` VALUES (1752, 1, 76, 13, '2023-06-20 09:21:13', 13, '2023-06-25 17:31:05', 1);
INSERT INTO `sys_role_resource` VALUES (1753, 1, 77, 13, '2023-06-20 09:21:13', 13, '2023-06-25 17:31:05', 1);
INSERT INTO `sys_role_resource` VALUES (1754, 1, 78, 13, '2023-06-20 09:21:13', 13, '2023-06-25 17:31:05', 1);
INSERT INTO `sys_role_resource` VALUES (1755, 1, 79, 13, '2023-06-20 09:21:13', 13, '2023-06-25 17:31:05', 1);
INSERT INTO `sys_role_resource` VALUES (1756, 1, 80, 13, '2023-06-20 09:21:13', 13, '2023-06-25 17:31:05', 1);
INSERT INTO `sys_role_resource` VALUES (1757, 1, 81, 13, '2023-06-20 09:21:13', 13, '2023-06-25 17:31:05', 1);
INSERT INTO `sys_role_resource` VALUES (1758, 1, 82, 13, '2023-06-20 09:21:13', 13, '2023-06-25 17:31:05', 1);
INSERT INTO `sys_role_resource` VALUES (1759, 1, 83, 13, '2023-06-20 09:21:13', 13, '2023-06-25 17:31:05', 1);
INSERT INTO `sys_role_resource` VALUES (1760, 1, 84, 13, '2023-06-20 09:21:13', 13, '2023-06-25 17:31:05', 1);
INSERT INTO `sys_role_resource` VALUES (1761, 1, 85, 13, '2023-06-20 09:21:13', 13, '2023-06-25 17:31:05', 1);
INSERT INTO `sys_role_resource` VALUES (1762, 1, 28, 13, '2023-06-20 09:21:13', 13, '2023-06-25 17:31:05', 1);
INSERT INTO `sys_role_resource` VALUES (1763, 1, 32, 13, '2023-06-20 09:21:13', 13, '2023-06-25 17:31:05', 1);
INSERT INTO `sys_role_resource` VALUES (1764, 1, 33, 13, '2023-06-20 09:21:13', 13, '2023-06-25 17:31:05', 1);
INSERT INTO `sys_role_resource` VALUES (1765, 1, 34, 13, '2023-06-20 09:21:13', 13, '2023-06-25 17:31:05', 1);
INSERT INTO `sys_role_resource` VALUES (1766, 1, 39, 13, '2023-06-20 09:21:13', 13, '2023-06-25 17:31:05', 1);
INSERT INTO `sys_role_resource` VALUES (1767, 1, 40, 13, '2023-06-20 09:21:13', 13, '2023-06-25 17:31:05', 1);
INSERT INTO `sys_role_resource` VALUES (1768, 1, 31, 13, '2023-06-20 09:21:13', 13, '2023-06-25 17:31:05', 1);
INSERT INTO `sys_role_resource` VALUES (1769, 1, 42, 13, '2023-06-20 09:21:13', 13, '2023-06-25 17:31:05', 1);
INSERT INTO `sys_role_resource` VALUES (1770, 1, 43, 13, '2023-06-20 09:21:13', 13, '2023-06-25 17:31:05', 1);
INSERT INTO `sys_role_resource` VALUES (1771, 1, 44, 13, '2023-06-20 09:21:13', 13, '2023-06-25 17:31:05', 1);
INSERT INTO `sys_role_resource` VALUES (1772, 1, 45, 13, '2023-06-20 09:21:13', 13, '2023-06-25 17:31:05', 1);
INSERT INTO `sys_role_resource` VALUES (1773, 1, 41, 13, '2023-06-20 09:21:13', 13, '2023-06-25 17:31:05', 1);
INSERT INTO `sys_role_resource` VALUES (1774, 1, 69, 13, '2023-06-20 09:21:13', 13, '2023-06-25 17:31:05', 1);
INSERT INTO `sys_role_resource` VALUES (1775, 1, 70, 13, '2023-06-20 09:21:13', 13, '2023-06-25 17:31:05', 1);
INSERT INTO `sys_role_resource` VALUES (1776, 1, 71, 13, '2023-06-20 09:21:13', 13, '2023-06-25 17:31:05', 1);
INSERT INTO `sys_role_resource` VALUES (1777, 1, 72, 13, '2023-06-20 09:21:13', 13, '2023-06-25 17:31:05', 1);
INSERT INTO `sys_role_resource` VALUES (1778, 1, 73, 13, '2023-06-20 09:21:13', 13, '2023-06-25 17:31:05', 1);
INSERT INTO `sys_role_resource` VALUES (1779, 1, 68, 13, '2023-06-20 09:21:13', 13, '2023-06-25 17:31:05', 1);
INSERT INTO `sys_role_resource` VALUES (1780, 1, 9, 13, '2023-06-20 09:21:13', 13, '2023-06-25 17:31:05', 1);
INSERT INTO `sys_role_resource` VALUES (1781, 1, 37, 13, '2023-06-20 09:21:13', 13, '2023-06-25 17:31:05', 1);
INSERT INTO `sys_role_resource` VALUES (1782, 1, 38, 13, '2023-06-20 09:21:13', 13, '2023-06-25 17:31:05', 1);
INSERT INTO `sys_role_resource` VALUES (1783, 1, 46, 13, '2023-06-20 09:21:13', 13, '2023-06-25 17:31:05', 1);
INSERT INTO `sys_role_resource` VALUES (1784, 1, 59, 13, '2023-06-20 09:21:13', 13, '2023-06-25 17:31:05', 1);
INSERT INTO `sys_role_resource` VALUES (1785, 1, 60, 13, '2023-06-20 09:21:13', 13, '2023-06-25 17:31:05', 1);
INSERT INTO `sys_role_resource` VALUES (1786, 1, 61, 13, '2023-06-20 09:21:13', 13, '2023-06-25 17:31:05', 1);
INSERT INTO `sys_role_resource` VALUES (1787, 1, 64, 13, '2023-06-20 09:21:13', 13, '2023-06-25 17:31:05', 1);
INSERT INTO `sys_role_resource` VALUES (1788, 1, 66, 13, '2023-06-20 09:21:13', 13, '2023-06-25 17:31:05', 1);
INSERT INTO `sys_role_resource` VALUES (1789, 1, 47, 13, '2023-06-20 09:21:13', 13, '2023-06-25 17:31:05', 1);
INSERT INTO `sys_role_resource` VALUES (1790, 1, 62, 13, '2023-06-20 09:21:13', 13, '2023-06-25 17:31:05', 1);
INSERT INTO `sys_role_resource` VALUES (1791, 1, 63, 13, '2023-06-20 09:21:13', 13, '2023-06-25 17:31:05', 1);
INSERT INTO `sys_role_resource` VALUES (1792, 1, 65, 13, '2023-06-20 09:21:13', 13, '2023-06-25 17:31:05', 1);
INSERT INTO `sys_role_resource` VALUES (1793, 1, 67, 13, '2023-06-20 09:21:14', 13, '2023-06-25 17:31:05', 1);
INSERT INTO `sys_role_resource` VALUES (1794, 1, 48, 13, '2023-06-20 09:21:14', 13, '2023-06-25 17:31:05', 1);
INSERT INTO `sys_role_resource` VALUES (1795, 1, 86, 13, '2023-06-20 09:21:14', 13, '2023-06-25 17:31:05', 1);
INSERT INTO `sys_role_resource` VALUES (1796, 1, 89, 13, '2023-06-20 09:21:14', 13, '2023-06-25 17:31:05', 1);
INSERT INTO `sys_role_resource` VALUES (1797, 1, 88, 13, '2023-06-20 09:21:14', 13, '2023-06-25 17:31:05', 1);
INSERT INTO `sys_role_resource` VALUES (1798, 1, 87, 13, '2023-06-20 09:21:14', 13, '2023-06-25 17:31:05', 1);
INSERT INTO `sys_role_resource` VALUES (1799, 7, 1, 13, '2023-06-25 17:30:55', 13, '2023-07-06 11:50:28', 1);
INSERT INTO `sys_role_resource` VALUES (1800, 7, 2, 13, '2023-06-25 17:30:55', 13, '2023-07-06 11:50:28', 1);
INSERT INTO `sys_role_resource` VALUES (1801, 7, 3, 13, '2023-06-25 17:30:55', 13, '2023-07-06 11:50:28', 1);
INSERT INTO `sys_role_resource` VALUES (1802, 7, 6, 13, '2023-06-25 17:30:55', 13, '2023-07-06 11:50:28', 1);
INSERT INTO `sys_role_resource` VALUES (1803, 7, 7, 13, '2023-06-25 17:30:55', 13, '2023-07-06 11:50:28', 1);
INSERT INTO `sys_role_resource` VALUES (1804, 7, 8, 13, '2023-06-25 17:30:55', 13, '2023-07-06 11:50:28', 1);
INSERT INTO `sys_role_resource` VALUES (1805, 7, 10, 13, '2023-06-25 17:30:55', 13, '2023-07-06 11:50:28', 1);
INSERT INTO `sys_role_resource` VALUES (1806, 7, 11, 13, '2023-06-25 17:30:55', 13, '2023-07-06 11:50:28', 1);
INSERT INTO `sys_role_resource` VALUES (1807, 7, 12, 13, '2023-06-25 17:30:55', 13, '2023-07-06 11:50:28', 1);
INSERT INTO `sys_role_resource` VALUES (1808, 7, 13, 13, '2023-06-25 17:30:55', 13, '2023-07-06 11:50:28', 1);
INSERT INTO `sys_role_resource` VALUES (1809, 7, 49, 13, '2023-06-25 17:30:55', 13, '2023-07-06 11:50:28', 1);
INSERT INTO `sys_role_resource` VALUES (1810, 7, 4, 13, '2023-06-25 17:30:55', 13, '2023-07-06 11:50:28', 1);
INSERT INTO `sys_role_resource` VALUES (1811, 7, 14, 13, '2023-06-25 17:30:55', 13, '2023-07-06 11:50:28', 1);
INSERT INTO `sys_role_resource` VALUES (1812, 7, 15, 13, '2023-06-25 17:30:55', 13, '2023-07-06 11:50:28', 1);
INSERT INTO `sys_role_resource` VALUES (1813, 7, 16, 13, '2023-06-25 17:30:55', 13, '2023-07-06 11:50:28', 1);
INSERT INTO `sys_role_resource` VALUES (1814, 7, 17, 13, '2023-06-25 17:30:55', 13, '2023-07-06 11:50:28', 1);
INSERT INTO `sys_role_resource` VALUES (1815, 7, 18, 13, '2023-06-25 17:30:55', 13, '2023-07-06 11:50:28', 1);
INSERT INTO `sys_role_resource` VALUES (1816, 7, 19, 13, '2023-06-25 17:30:55', 13, '2023-07-06 11:50:28', 1);
INSERT INTO `sys_role_resource` VALUES (1817, 7, 20, 13, '2023-06-25 17:30:55', 13, '2023-07-06 11:50:28', 1);
INSERT INTO `sys_role_resource` VALUES (1818, 7, 21, 13, '2023-06-25 17:30:55', 13, '2023-07-06 11:50:28', 1);
INSERT INTO `sys_role_resource` VALUES (1819, 7, 5, 13, '2023-06-25 17:30:55', 13, '2023-07-06 11:50:28', 1);
INSERT INTO `sys_role_resource` VALUES (1820, 7, 23, 13, '2023-06-25 17:30:55', 13, '2023-07-06 11:50:28', 1);
INSERT INTO `sys_role_resource` VALUES (1821, 7, 24, 13, '2023-06-25 17:30:55', 13, '2023-07-06 11:50:28', 1);
INSERT INTO `sys_role_resource` VALUES (1822, 7, 25, 13, '2023-06-25 17:30:55', 13, '2023-07-06 11:50:28', 1);
INSERT INTO `sys_role_resource` VALUES (1823, 7, 26, 13, '2023-06-25 17:30:55', 13, '2023-07-06 11:50:28', 1);
INSERT INTO `sys_role_resource` VALUES (1824, 7, 29, 13, '2023-06-25 17:30:55', 13, '2023-07-06 11:50:28', 1);
INSERT INTO `sys_role_resource` VALUES (1825, 7, 22, 13, '2023-06-25 17:30:55', 13, '2023-07-06 11:50:28', 1);
INSERT INTO `sys_role_resource` VALUES (1826, 7, 74, 13, '2023-06-25 17:30:55', 13, '2023-07-06 11:50:28', 1);
INSERT INTO `sys_role_resource` VALUES (1827, 7, 75, 13, '2023-06-25 17:30:55', 13, '2023-07-06 11:50:28', 1);
INSERT INTO `sys_role_resource` VALUES (1828, 7, 76, 13, '2023-06-25 17:30:55', 13, '2023-07-06 11:50:28', 1);
INSERT INTO `sys_role_resource` VALUES (1829, 7, 77, 13, '2023-06-25 17:30:55', 13, '2023-07-06 11:50:28', 1);
INSERT INTO `sys_role_resource` VALUES (1830, 7, 78, 13, '2023-06-25 17:30:55', 13, '2023-07-06 11:50:28', 1);
INSERT INTO `sys_role_resource` VALUES (1831, 7, 79, 13, '2023-06-25 17:30:55', 13, '2023-07-06 11:50:28', 1);
INSERT INTO `sys_role_resource` VALUES (1832, 7, 80, 13, '2023-06-25 17:30:55', 13, '2023-07-06 11:50:28', 1);
INSERT INTO `sys_role_resource` VALUES (1833, 7, 81, 13, '2023-06-25 17:30:55', 13, '2023-07-06 11:50:28', 1);
INSERT INTO `sys_role_resource` VALUES (1834, 7, 82, 13, '2023-06-25 17:30:55', 13, '2023-07-06 11:50:28', 1);
INSERT INTO `sys_role_resource` VALUES (1835, 7, 83, 13, '2023-06-25 17:30:55', 13, '2023-07-06 11:50:28', 1);
INSERT INTO `sys_role_resource` VALUES (1836, 7, 84, 13, '2023-06-25 17:30:55', 13, '2023-07-06 11:50:28', 1);
INSERT INTO `sys_role_resource` VALUES (1837, 7, 85, 13, '2023-06-25 17:30:55', 13, '2023-07-06 11:50:28', 1);
INSERT INTO `sys_role_resource` VALUES (1838, 7, 28, 13, '2023-06-25 17:30:55', 13, '2023-07-06 11:50:28', 1);
INSERT INTO `sys_role_resource` VALUES (1839, 7, 32, 13, '2023-06-25 17:30:55', 13, '2023-07-06 11:50:28', 1);
INSERT INTO `sys_role_resource` VALUES (1840, 7, 33, 13, '2023-06-25 17:30:55', 13, '2023-07-06 11:50:28', 1);
INSERT INTO `sys_role_resource` VALUES (1841, 7, 34, 13, '2023-06-25 17:30:55', 13, '2023-07-06 11:50:28', 1);
INSERT INTO `sys_role_resource` VALUES (1842, 7, 39, 13, '2023-06-25 17:30:55', 13, '2023-07-06 11:50:28', 1);
INSERT INTO `sys_role_resource` VALUES (1843, 7, 40, 13, '2023-06-25 17:30:55', 13, '2023-07-06 11:50:28', 1);
INSERT INTO `sys_role_resource` VALUES (1844, 7, 31, 13, '2023-06-25 17:30:55', 13, '2023-07-06 11:50:28', 1);
INSERT INTO `sys_role_resource` VALUES (1845, 7, 42, 13, '2023-06-25 17:30:55', 13, '2023-07-06 11:50:28', 1);
INSERT INTO `sys_role_resource` VALUES (1846, 7, 43, 13, '2023-06-25 17:30:55', 13, '2023-07-06 11:50:28', 1);
INSERT INTO `sys_role_resource` VALUES (1847, 7, 44, 13, '2023-06-25 17:30:55', 13, '2023-07-06 11:50:28', 1);
INSERT INTO `sys_role_resource` VALUES (1848, 7, 45, 13, '2023-06-25 17:30:55', 13, '2023-07-06 11:50:28', 1);
INSERT INTO `sys_role_resource` VALUES (1849, 7, 41, 13, '2023-06-25 17:30:55', 13, '2023-07-06 11:50:28', 1);
INSERT INTO `sys_role_resource` VALUES (1850, 7, 69, 13, '2023-06-25 17:30:55', 13, '2023-07-06 11:50:28', 1);
INSERT INTO `sys_role_resource` VALUES (1851, 7, 70, 13, '2023-06-25 17:30:55', 13, '2023-07-06 11:50:28', 1);
INSERT INTO `sys_role_resource` VALUES (1852, 7, 71, 13, '2023-06-25 17:30:55', 13, '2023-07-06 11:50:28', 1);
INSERT INTO `sys_role_resource` VALUES (1853, 7, 72, 13, '2023-06-25 17:30:55', 13, '2023-07-06 11:50:28', 1);
INSERT INTO `sys_role_resource` VALUES (1854, 7, 73, 13, '2023-06-25 17:30:55', 13, '2023-07-06 11:50:28', 1);
INSERT INTO `sys_role_resource` VALUES (1855, 7, 68, 13, '2023-06-25 17:30:55', 13, '2023-07-06 11:50:28', 1);
INSERT INTO `sys_role_resource` VALUES (1856, 7, 9, 13, '2023-06-25 17:30:55', 13, '2023-07-06 11:50:28', 1);
INSERT INTO `sys_role_resource` VALUES (1857, 7, 37, 13, '2023-06-25 17:30:55', 13, '2023-07-06 11:50:28', 1);
INSERT INTO `sys_role_resource` VALUES (1858, 7, 38, 13, '2023-06-25 17:30:55', 13, '2023-07-06 11:50:28', 1);
INSERT INTO `sys_role_resource` VALUES (1859, 7, 46, 13, '2023-06-25 17:30:55', 13, '2023-07-06 11:50:28', 1);
INSERT INTO `sys_role_resource` VALUES (1860, 7, 59, 13, '2023-06-25 17:30:55', 13, '2023-07-06 11:50:28', 1);
INSERT INTO `sys_role_resource` VALUES (1861, 7, 60, 13, '2023-06-25 17:30:55', 13, '2023-07-06 11:50:28', 1);
INSERT INTO `sys_role_resource` VALUES (1862, 7, 61, 13, '2023-06-25 17:30:55', 13, '2023-07-06 11:50:28', 1);
INSERT INTO `sys_role_resource` VALUES (1863, 7, 64, 13, '2023-06-25 17:30:55', 13, '2023-07-06 11:50:28', 1);
INSERT INTO `sys_role_resource` VALUES (1864, 7, 66, 13, '2023-06-25 17:30:55', 13, '2023-07-06 11:50:28', 1);
INSERT INTO `sys_role_resource` VALUES (1865, 7, 47, 13, '2023-06-25 17:30:55', 13, '2023-07-06 11:50:28', 1);
INSERT INTO `sys_role_resource` VALUES (1866, 7, 62, 13, '2023-06-25 17:30:55', 13, '2023-07-06 11:50:28', 1);
INSERT INTO `sys_role_resource` VALUES (1867, 7, 63, 13, '2023-06-25 17:30:55', 13, '2023-07-06 11:50:28', 1);
INSERT INTO `sys_role_resource` VALUES (1868, 7, 65, 13, '2023-06-25 17:30:55', 13, '2023-07-06 11:50:28', 1);
INSERT INTO `sys_role_resource` VALUES (1869, 7, 67, 13, '2023-06-25 17:30:55', 13, '2023-07-06 11:50:28', 1);
INSERT INTO `sys_role_resource` VALUES (1870, 7, 48, 13, '2023-06-25 17:30:55', 13, '2023-07-06 11:50:28', 1);
INSERT INTO `sys_role_resource` VALUES (1871, 7, 86, 13, '2023-06-25 17:30:55', 13, '2023-07-06 11:50:28', 1);
INSERT INTO `sys_role_resource` VALUES (1872, 7, 89, 13, '2023-06-25 17:30:55', 13, '2023-07-06 11:50:28', 1);
INSERT INTO `sys_role_resource` VALUES (1873, 7, 90, 13, '2023-06-25 17:30:55', 13, '2023-07-06 11:50:28', 1);
INSERT INTO `sys_role_resource` VALUES (1874, 7, 88, 13, '2023-06-25 17:30:55', 13, '2023-07-06 11:50:28', 1);
INSERT INTO `sys_role_resource` VALUES (1875, 7, 87, 13, '2023-06-25 17:30:55', 13, '2023-07-06 11:50:28', 1);
INSERT INTO `sys_role_resource` VALUES (1876, 1, 1, 13, '2023-06-25 17:31:05', NULL, NULL, 0);
INSERT INTO `sys_role_resource` VALUES (1877, 1, 2, 13, '2023-06-25 17:31:05', NULL, NULL, 0);
INSERT INTO `sys_role_resource` VALUES (1878, 1, 3, 13, '2023-06-25 17:31:05', NULL, NULL, 0);
INSERT INTO `sys_role_resource` VALUES (1879, 1, 6, 13, '2023-06-25 17:31:05', NULL, NULL, 0);
INSERT INTO `sys_role_resource` VALUES (1880, 1, 7, 13, '2023-06-25 17:31:05', NULL, NULL, 0);
INSERT INTO `sys_role_resource` VALUES (1881, 1, 8, 13, '2023-06-25 17:31:05', NULL, NULL, 0);
INSERT INTO `sys_role_resource` VALUES (1882, 1, 10, 13, '2023-06-25 17:31:05', NULL, NULL, 0);
INSERT INTO `sys_role_resource` VALUES (1883, 1, 11, 13, '2023-06-25 17:31:05', NULL, NULL, 0);
INSERT INTO `sys_role_resource` VALUES (1884, 1, 12, 13, '2023-06-25 17:31:05', NULL, NULL, 0);
INSERT INTO `sys_role_resource` VALUES (1885, 1, 13, 13, '2023-06-25 17:31:05', NULL, NULL, 0);
INSERT INTO `sys_role_resource` VALUES (1886, 1, 49, 13, '2023-06-25 17:31:05', NULL, NULL, 0);
INSERT INTO `sys_role_resource` VALUES (1887, 1, 4, 13, '2023-06-25 17:31:05', NULL, NULL, 0);
INSERT INTO `sys_role_resource` VALUES (1888, 1, 14, 13, '2023-06-25 17:31:05', NULL, NULL, 0);
INSERT INTO `sys_role_resource` VALUES (1889, 1, 15, 13, '2023-06-25 17:31:05', NULL, NULL, 0);
INSERT INTO `sys_role_resource` VALUES (1890, 1, 16, 13, '2023-06-25 17:31:05', NULL, NULL, 0);
INSERT INTO `sys_role_resource` VALUES (1891, 1, 17, 13, '2023-06-25 17:31:05', NULL, NULL, 0);
INSERT INTO `sys_role_resource` VALUES (1892, 1, 18, 13, '2023-06-25 17:31:05', NULL, NULL, 0);
INSERT INTO `sys_role_resource` VALUES (1893, 1, 19, 13, '2023-06-25 17:31:05', NULL, NULL, 0);
INSERT INTO `sys_role_resource` VALUES (1894, 1, 20, 13, '2023-06-25 17:31:05', NULL, NULL, 0);
INSERT INTO `sys_role_resource` VALUES (1895, 1, 21, 13, '2023-06-25 17:31:05', NULL, NULL, 0);
INSERT INTO `sys_role_resource` VALUES (1896, 1, 5, 13, '2023-06-25 17:31:05', NULL, NULL, 0);
INSERT INTO `sys_role_resource` VALUES (1897, 1, 23, 13, '2023-06-25 17:31:05', NULL, NULL, 0);
INSERT INTO `sys_role_resource` VALUES (1898, 1, 24, 13, '2023-06-25 17:31:05', NULL, NULL, 0);
INSERT INTO `sys_role_resource` VALUES (1899, 1, 25, 13, '2023-06-25 17:31:05', NULL, NULL, 0);
INSERT INTO `sys_role_resource` VALUES (1900, 1, 26, 13, '2023-06-25 17:31:05', NULL, NULL, 0);
INSERT INTO `sys_role_resource` VALUES (1901, 1, 29, 13, '2023-06-25 17:31:05', NULL, NULL, 0);
INSERT INTO `sys_role_resource` VALUES (1902, 1, 22, 13, '2023-06-25 17:31:05', NULL, NULL, 0);
INSERT INTO `sys_role_resource` VALUES (1903, 1, 74, 13, '2023-06-25 17:31:05', NULL, NULL, 0);
INSERT INTO `sys_role_resource` VALUES (1904, 1, 75, 13, '2023-06-25 17:31:05', NULL, NULL, 0);
INSERT INTO `sys_role_resource` VALUES (1905, 1, 76, 13, '2023-06-25 17:31:05', NULL, NULL, 0);
INSERT INTO `sys_role_resource` VALUES (1906, 1, 77, 13, '2023-06-25 17:31:05', NULL, NULL, 0);
INSERT INTO `sys_role_resource` VALUES (1907, 1, 78, 13, '2023-06-25 17:31:05', NULL, NULL, 0);
INSERT INTO `sys_role_resource` VALUES (1908, 1, 79, 13, '2023-06-25 17:31:05', NULL, NULL, 0);
INSERT INTO `sys_role_resource` VALUES (1909, 1, 80, 13, '2023-06-25 17:31:05', NULL, NULL, 0);
INSERT INTO `sys_role_resource` VALUES (1910, 1, 81, 13, '2023-06-25 17:31:05', NULL, NULL, 0);
INSERT INTO `sys_role_resource` VALUES (1911, 1, 82, 13, '2023-06-25 17:31:05', NULL, NULL, 0);
INSERT INTO `sys_role_resource` VALUES (1912, 1, 83, 13, '2023-06-25 17:31:05', NULL, NULL, 0);
INSERT INTO `sys_role_resource` VALUES (1913, 1, 84, 13, '2023-06-25 17:31:05', NULL, NULL, 0);
INSERT INTO `sys_role_resource` VALUES (1914, 1, 85, 13, '2023-06-25 17:31:05', NULL, NULL, 0);
INSERT INTO `sys_role_resource` VALUES (1915, 1, 28, 13, '2023-06-25 17:31:05', NULL, NULL, 0);
INSERT INTO `sys_role_resource` VALUES (1916, 1, 32, 13, '2023-06-25 17:31:05', NULL, NULL, 0);
INSERT INTO `sys_role_resource` VALUES (1917, 1, 33, 13, '2023-06-25 17:31:05', NULL, NULL, 0);
INSERT INTO `sys_role_resource` VALUES (1918, 1, 34, 13, '2023-06-25 17:31:05', NULL, NULL, 0);
INSERT INTO `sys_role_resource` VALUES (1919, 1, 39, 13, '2023-06-25 17:31:05', NULL, NULL, 0);
INSERT INTO `sys_role_resource` VALUES (1920, 1, 40, 13, '2023-06-25 17:31:05', NULL, NULL, 0);
INSERT INTO `sys_role_resource` VALUES (1921, 1, 31, 13, '2023-06-25 17:31:05', NULL, NULL, 0);
INSERT INTO `sys_role_resource` VALUES (1922, 1, 42, 13, '2023-06-25 17:31:05', NULL, NULL, 0);
INSERT INTO `sys_role_resource` VALUES (1923, 1, 43, 13, '2023-06-25 17:31:05', NULL, NULL, 0);
INSERT INTO `sys_role_resource` VALUES (1924, 1, 44, 13, '2023-06-25 17:31:05', NULL, NULL, 0);
INSERT INTO `sys_role_resource` VALUES (1925, 1, 45, 13, '2023-06-25 17:31:05', NULL, NULL, 0);
INSERT INTO `sys_role_resource` VALUES (1926, 1, 41, 13, '2023-06-25 17:31:05', NULL, NULL, 0);
INSERT INTO `sys_role_resource` VALUES (1927, 1, 69, 13, '2023-06-25 17:31:05', NULL, NULL, 0);
INSERT INTO `sys_role_resource` VALUES (1928, 1, 70, 13, '2023-06-25 17:31:05', NULL, NULL, 0);
INSERT INTO `sys_role_resource` VALUES (1929, 1, 71, 13, '2023-06-25 17:31:05', NULL, NULL, 0);
INSERT INTO `sys_role_resource` VALUES (1930, 1, 72, 13, '2023-06-25 17:31:05', NULL, NULL, 0);
INSERT INTO `sys_role_resource` VALUES (1931, 1, 73, 13, '2023-06-25 17:31:05', NULL, NULL, 0);
INSERT INTO `sys_role_resource` VALUES (1932, 1, 68, 13, '2023-06-25 17:31:05', NULL, NULL, 0);
INSERT INTO `sys_role_resource` VALUES (1933, 1, 9, 13, '2023-06-25 17:31:05', NULL, NULL, 0);
INSERT INTO `sys_role_resource` VALUES (1934, 1, 37, 13, '2023-06-25 17:31:05', NULL, NULL, 0);
INSERT INTO `sys_role_resource` VALUES (1935, 1, 38, 13, '2023-06-25 17:31:05', NULL, NULL, 0);
INSERT INTO `sys_role_resource` VALUES (1936, 1, 46, 13, '2023-06-25 17:31:05', NULL, NULL, 0);
INSERT INTO `sys_role_resource` VALUES (1937, 1, 59, 13, '2023-06-25 17:31:05', NULL, NULL, 0);
INSERT INTO `sys_role_resource` VALUES (1938, 1, 60, 13, '2023-06-25 17:31:05', NULL, NULL, 0);
INSERT INTO `sys_role_resource` VALUES (1939, 1, 61, 13, '2023-06-25 17:31:05', NULL, NULL, 0);
INSERT INTO `sys_role_resource` VALUES (1940, 1, 64, 13, '2023-06-25 17:31:05', NULL, NULL, 0);
INSERT INTO `sys_role_resource` VALUES (1941, 1, 66, 13, '2023-06-25 17:31:05', NULL, NULL, 0);
INSERT INTO `sys_role_resource` VALUES (1942, 1, 47, 13, '2023-06-25 17:31:05', NULL, NULL, 0);
INSERT INTO `sys_role_resource` VALUES (1943, 1, 62, 13, '2023-06-25 17:31:05', NULL, NULL, 0);
INSERT INTO `sys_role_resource` VALUES (1944, 1, 63, 13, '2023-06-25 17:31:05', NULL, NULL, 0);
INSERT INTO `sys_role_resource` VALUES (1945, 1, 65, 13, '2023-06-25 17:31:05', NULL, NULL, 0);
INSERT INTO `sys_role_resource` VALUES (1946, 1, 67, 13, '2023-06-25 17:31:05', NULL, NULL, 0);
INSERT INTO `sys_role_resource` VALUES (1947, 1, 48, 13, '2023-06-25 17:31:05', NULL, NULL, 0);
INSERT INTO `sys_role_resource` VALUES (1948, 1, 86, 13, '2023-06-25 17:31:05', NULL, NULL, 0);
INSERT INTO `sys_role_resource` VALUES (1949, 1, 89, 13, '2023-06-25 17:31:05', NULL, NULL, 0);
INSERT INTO `sys_role_resource` VALUES (1950, 1, 90, 13, '2023-06-25 17:31:05', NULL, NULL, 0);
INSERT INTO `sys_role_resource` VALUES (1951, 1, 88, 13, '2023-06-25 17:31:05', NULL, NULL, 0);
INSERT INTO `sys_role_resource` VALUES (1952, 1, 87, 13, '2023-06-25 17:31:05', NULL, NULL, 0);
INSERT INTO `sys_role_resource` VALUES (1953, 8, 1, 13, '2023-06-25 17:31:58', 13, '2023-10-12 10:07:50', 1);
INSERT INTO `sys_role_resource` VALUES (1954, 8, 2, 13, '2023-06-25 17:31:58', 13, '2023-10-12 10:07:50', 1);
INSERT INTO `sys_role_resource` VALUES (1955, 8, 3, 13, '2023-06-25 17:31:58', 13, '2023-10-12 10:07:50', 1);
INSERT INTO `sys_role_resource` VALUES (1956, 8, 6, 13, '2023-06-25 17:31:58', 13, '2023-10-12 10:07:50', 1);
INSERT INTO `sys_role_resource` VALUES (1957, 8, 7, 13, '2023-06-25 17:31:58', 13, '2023-10-12 10:07:50', 1);
INSERT INTO `sys_role_resource` VALUES (1958, 8, 8, 13, '2023-06-25 17:31:58', 13, '2023-10-12 10:07:50', 1);
INSERT INTO `sys_role_resource` VALUES (1959, 8, 10, 13, '2023-06-25 17:31:58', 13, '2023-10-12 10:07:50', 1);
INSERT INTO `sys_role_resource` VALUES (1960, 8, 11, 13, '2023-06-25 17:31:58', 13, '2023-10-12 10:07:50', 1);
INSERT INTO `sys_role_resource` VALUES (1961, 8, 12, 13, '2023-06-25 17:31:58', 13, '2023-10-12 10:07:50', 1);
INSERT INTO `sys_role_resource` VALUES (1962, 8, 13, 13, '2023-06-25 17:31:58', 13, '2023-10-12 10:07:50', 1);
INSERT INTO `sys_role_resource` VALUES (1963, 8, 49, 13, '2023-06-25 17:31:58', 13, '2023-10-12 10:07:50', 1);
INSERT INTO `sys_role_resource` VALUES (1964, 8, 4, 13, '2023-06-25 17:31:58', 13, '2023-10-12 10:07:50', 1);
INSERT INTO `sys_role_resource` VALUES (1965, 8, 14, 13, '2023-06-25 17:31:58', 13, '2023-10-12 10:07:50', 1);
INSERT INTO `sys_role_resource` VALUES (1966, 8, 15, 13, '2023-06-25 17:31:58', 13, '2023-10-12 10:07:50', 1);
INSERT INTO `sys_role_resource` VALUES (1967, 8, 16, 13, '2023-06-25 17:31:58', 13, '2023-10-12 10:07:50', 1);
INSERT INTO `sys_role_resource` VALUES (1968, 8, 17, 13, '2023-06-25 17:31:58', 13, '2023-10-12 10:07:50', 1);
INSERT INTO `sys_role_resource` VALUES (1969, 8, 18, 13, '2023-06-25 17:31:58', 13, '2023-10-12 10:07:50', 1);
INSERT INTO `sys_role_resource` VALUES (1970, 8, 19, 13, '2023-06-25 17:31:58', 13, '2023-10-12 10:07:50', 1);
INSERT INTO `sys_role_resource` VALUES (1971, 8, 20, 13, '2023-06-25 17:31:58', 13, '2023-10-12 10:07:50', 1);
INSERT INTO `sys_role_resource` VALUES (1972, 8, 21, 13, '2023-06-25 17:31:58', 13, '2023-10-12 10:07:50', 1);
INSERT INTO `sys_role_resource` VALUES (1973, 8, 5, 13, '2023-06-25 17:31:58', 13, '2023-10-12 10:07:50', 1);
INSERT INTO `sys_role_resource` VALUES (1974, 8, 23, 13, '2023-06-25 17:31:58', 13, '2023-10-12 10:07:50', 1);
INSERT INTO `sys_role_resource` VALUES (1975, 8, 24, 13, '2023-06-25 17:31:58', 13, '2023-10-12 10:07:50', 1);
INSERT INTO `sys_role_resource` VALUES (1976, 8, 25, 13, '2023-06-25 17:31:58', 13, '2023-10-12 10:07:50', 1);
INSERT INTO `sys_role_resource` VALUES (1977, 8, 26, 13, '2023-06-25 17:31:58', 13, '2023-10-12 10:07:50', 1);
INSERT INTO `sys_role_resource` VALUES (1978, 8, 29, 13, '2023-06-25 17:31:58', 13, '2023-10-12 10:07:50', 1);
INSERT INTO `sys_role_resource` VALUES (1979, 8, 22, 13, '2023-06-25 17:31:58', 13, '2023-10-12 10:07:50', 1);
INSERT INTO `sys_role_resource` VALUES (1980, 8, 74, 13, '2023-06-25 17:31:58', 13, '2023-10-12 10:07:50', 1);
INSERT INTO `sys_role_resource` VALUES (1981, 8, 75, 13, '2023-06-25 17:31:58', 13, '2023-10-12 10:07:50', 1);
INSERT INTO `sys_role_resource` VALUES (1982, 8, 76, 13, '2023-06-25 17:31:58', 13, '2023-10-12 10:07:50', 1);
INSERT INTO `sys_role_resource` VALUES (1983, 8, 77, 13, '2023-06-25 17:31:58', 13, '2023-10-12 10:07:50', 1);
INSERT INTO `sys_role_resource` VALUES (1984, 8, 78, 13, '2023-06-25 17:31:58', 13, '2023-10-12 10:07:50', 1);
INSERT INTO `sys_role_resource` VALUES (1985, 8, 79, 13, '2023-06-25 17:31:58', 13, '2023-10-12 10:07:50', 1);
INSERT INTO `sys_role_resource` VALUES (1986, 8, 80, 13, '2023-06-25 17:31:58', 13, '2023-10-12 10:07:50', 1);
INSERT INTO `sys_role_resource` VALUES (1987, 8, 81, 13, '2023-06-25 17:31:58', 13, '2023-10-12 10:07:50', 1);
INSERT INTO `sys_role_resource` VALUES (1988, 8, 82, 13, '2023-06-25 17:31:58', 13, '2023-10-12 10:07:50', 1);
INSERT INTO `sys_role_resource` VALUES (1989, 8, 83, 13, '2023-06-25 17:31:58', 13, '2023-10-12 10:07:50', 1);
INSERT INTO `sys_role_resource` VALUES (1990, 8, 84, 13, '2023-06-25 17:31:58', 13, '2023-10-12 10:07:50', 1);
INSERT INTO `sys_role_resource` VALUES (1991, 8, 85, 13, '2023-06-25 17:31:58', 13, '2023-10-12 10:07:50', 1);
INSERT INTO `sys_role_resource` VALUES (1992, 8, 28, 13, '2023-06-25 17:31:58', 13, '2023-10-12 10:07:50', 1);
INSERT INTO `sys_role_resource` VALUES (1993, 8, 32, 13, '2023-06-25 17:31:58', 13, '2023-10-12 10:07:50', 1);
INSERT INTO `sys_role_resource` VALUES (1994, 8, 33, 13, '2023-06-25 17:31:58', 13, '2023-10-12 10:07:50', 1);
INSERT INTO `sys_role_resource` VALUES (1995, 8, 34, 13, '2023-06-25 17:31:58', 13, '2023-10-12 10:07:50', 1);
INSERT INTO `sys_role_resource` VALUES (1996, 8, 39, 13, '2023-06-25 17:31:58', 13, '2023-10-12 10:07:50', 1);
INSERT INTO `sys_role_resource` VALUES (1997, 8, 40, 13, '2023-06-25 17:31:58', 13, '2023-10-12 10:07:50', 1);
INSERT INTO `sys_role_resource` VALUES (1998, 8, 31, 13, '2023-06-25 17:31:58', 13, '2023-10-12 10:07:50', 1);
INSERT INTO `sys_role_resource` VALUES (1999, 8, 42, 13, '2023-06-25 17:31:58', 13, '2023-10-12 10:07:50', 1);
INSERT INTO `sys_role_resource` VALUES (2000, 8, 43, 13, '2023-06-25 17:31:58', 13, '2023-10-12 10:07:50', 1);
INSERT INTO `sys_role_resource` VALUES (2001, 8, 44, 13, '2023-06-25 17:31:58', 13, '2023-10-12 10:07:50', 1);
INSERT INTO `sys_role_resource` VALUES (2002, 8, 45, 13, '2023-06-25 17:31:58', 13, '2023-10-12 10:07:50', 1);
INSERT INTO `sys_role_resource` VALUES (2003, 8, 41, 13, '2023-06-25 17:31:58', 13, '2023-10-12 10:07:50', 1);
INSERT INTO `sys_role_resource` VALUES (2004, 8, 69, 13, '2023-06-25 17:31:58', 13, '2023-10-12 10:07:50', 1);
INSERT INTO `sys_role_resource` VALUES (2005, 8, 70, 13, '2023-06-25 17:31:58', 13, '2023-10-12 10:07:50', 1);
INSERT INTO `sys_role_resource` VALUES (2006, 8, 71, 13, '2023-06-25 17:31:58', 13, '2023-10-12 10:07:50', 1);
INSERT INTO `sys_role_resource` VALUES (2007, 8, 72, 13, '2023-06-25 17:31:58', 13, '2023-10-12 10:07:50', 1);
INSERT INTO `sys_role_resource` VALUES (2008, 8, 73, 13, '2023-06-25 17:31:58', 13, '2023-10-12 10:07:50', 1);
INSERT INTO `sys_role_resource` VALUES (2009, 8, 68, 13, '2023-06-25 17:31:58', 13, '2023-10-12 10:07:50', 1);
INSERT INTO `sys_role_resource` VALUES (2010, 8, 9, 13, '2023-06-25 17:31:58', 13, '2023-10-12 10:07:50', 1);
INSERT INTO `sys_role_resource` VALUES (2011, 8, 37, 13, '2023-06-25 17:31:58', 13, '2023-10-12 10:07:50', 1);
INSERT INTO `sys_role_resource` VALUES (2012, 8, 38, 13, '2023-06-25 17:31:58', 13, '2023-10-12 10:07:50', 1);
INSERT INTO `sys_role_resource` VALUES (2013, 8, 46, 13, '2023-06-25 17:31:58', 13, '2023-10-12 10:07:50', 1);
INSERT INTO `sys_role_resource` VALUES (2014, 8, 59, 13, '2023-06-25 17:31:58', 13, '2023-10-12 10:07:50', 1);
INSERT INTO `sys_role_resource` VALUES (2015, 8, 60, 13, '2023-06-25 17:31:58', 13, '2023-10-12 10:07:50', 1);
INSERT INTO `sys_role_resource` VALUES (2016, 8, 61, 13, '2023-06-25 17:31:58', 13, '2023-10-12 10:07:50', 1);
INSERT INTO `sys_role_resource` VALUES (2017, 8, 64, 13, '2023-06-25 17:31:58', 13, '2023-10-12 10:07:50', 1);
INSERT INTO `sys_role_resource` VALUES (2018, 8, 66, 13, '2023-06-25 17:31:58', 13, '2023-10-12 10:07:50', 1);
INSERT INTO `sys_role_resource` VALUES (2019, 8, 47, 13, '2023-06-25 17:31:58', 13, '2023-10-12 10:07:50', 1);
INSERT INTO `sys_role_resource` VALUES (2020, 8, 62, 13, '2023-06-25 17:31:58', 13, '2023-10-12 10:07:50', 1);
INSERT INTO `sys_role_resource` VALUES (2021, 8, 63, 13, '2023-06-25 17:31:58', 13, '2023-10-12 10:07:50', 1);
INSERT INTO `sys_role_resource` VALUES (2022, 8, 65, 13, '2023-06-25 17:31:58', 13, '2023-10-12 10:07:50', 1);
INSERT INTO `sys_role_resource` VALUES (2023, 8, 67, 13, '2023-06-25 17:31:58', 13, '2023-10-12 10:07:50', 1);
INSERT INTO `sys_role_resource` VALUES (2024, 8, 48, 13, '2023-06-25 17:31:58', 13, '2023-10-12 10:07:50', 1);
INSERT INTO `sys_role_resource` VALUES (2025, 8, 86, 13, '2023-06-25 17:31:58', 13, '2023-10-12 10:07:50', 1);
INSERT INTO `sys_role_resource` VALUES (2026, 8, 89, 13, '2023-06-25 17:31:58', 13, '2023-10-12 10:07:50', 1);
INSERT INTO `sys_role_resource` VALUES (2027, 8, 90, 13, '2023-06-25 17:31:58', 13, '2023-10-12 10:07:50', 1);
INSERT INTO `sys_role_resource` VALUES (2028, 8, 88, 13, '2023-06-25 17:31:58', 13, '2023-10-12 10:07:50', 1);
INSERT INTO `sys_role_resource` VALUES (2029, 8, 87, 13, '2023-06-25 17:31:58', 13, '2023-10-12 10:07:50', 1);
INSERT INTO `sys_role_resource` VALUES (2030, 7, 1, 13, '2023-07-06 11:50:28', 13, '2023-10-12 10:06:38', 1);
INSERT INTO `sys_role_resource` VALUES (2031, 7, 2, 13, '2023-07-06 11:50:28', 13, '2023-10-12 10:06:38', 1);
INSERT INTO `sys_role_resource` VALUES (2032, 7, 3, 13, '2023-07-06 11:50:28', 13, '2023-10-12 10:06:38', 1);
INSERT INTO `sys_role_resource` VALUES (2033, 7, 6, 13, '2023-07-06 11:50:28', 13, '2023-10-12 10:06:38', 1);
INSERT INTO `sys_role_resource` VALUES (2034, 7, 7, 13, '2023-07-06 11:50:28', 13, '2023-10-12 10:06:38', 1);
INSERT INTO `sys_role_resource` VALUES (2035, 7, 8, 13, '2023-07-06 11:50:28', 13, '2023-10-12 10:06:38', 1);
INSERT INTO `sys_role_resource` VALUES (2036, 7, 10, 13, '2023-07-06 11:50:28', 13, '2023-10-12 10:06:38', 1);
INSERT INTO `sys_role_resource` VALUES (2037, 7, 11, 13, '2023-07-06 11:50:28', 13, '2023-10-12 10:06:38', 1);
INSERT INTO `sys_role_resource` VALUES (2038, 7, 12, 13, '2023-07-06 11:50:28', 13, '2023-10-12 10:06:38', 1);
INSERT INTO `sys_role_resource` VALUES (2039, 7, 13, 13, '2023-07-06 11:50:28', 13, '2023-10-12 10:06:38', 1);
INSERT INTO `sys_role_resource` VALUES (2040, 7, 49, 13, '2023-07-06 11:50:28', 13, '2023-10-12 10:06:38', 1);
INSERT INTO `sys_role_resource` VALUES (2041, 7, 4, 13, '2023-07-06 11:50:28', 13, '2023-10-12 10:06:38', 1);
INSERT INTO `sys_role_resource` VALUES (2042, 7, 14, 13, '2023-07-06 11:50:28', 13, '2023-10-12 10:06:38', 1);
INSERT INTO `sys_role_resource` VALUES (2043, 7, 15, 13, '2023-07-06 11:50:28', 13, '2023-10-12 10:06:38', 1);
INSERT INTO `sys_role_resource` VALUES (2044, 7, 16, 13, '2023-07-06 11:50:28', 13, '2023-10-12 10:06:38', 1);
INSERT INTO `sys_role_resource` VALUES (2045, 7, 17, 13, '2023-07-06 11:50:28', 13, '2023-10-12 10:06:38', 1);
INSERT INTO `sys_role_resource` VALUES (2046, 7, 18, 13, '2023-07-06 11:50:28', 13, '2023-10-12 10:06:38', 1);
INSERT INTO `sys_role_resource` VALUES (2047, 7, 19, 13, '2023-07-06 11:50:28', 13, '2023-10-12 10:06:38', 1);
INSERT INTO `sys_role_resource` VALUES (2048, 7, 20, 13, '2023-07-06 11:50:28', 13, '2023-10-12 10:06:38', 1);
INSERT INTO `sys_role_resource` VALUES (2049, 7, 21, 13, '2023-07-06 11:50:28', 13, '2023-10-12 10:06:38', 1);
INSERT INTO `sys_role_resource` VALUES (2050, 7, 5, 13, '2023-07-06 11:50:28', 13, '2023-10-12 10:06:38', 1);
INSERT INTO `sys_role_resource` VALUES (2051, 7, 23, 13, '2023-07-06 11:50:28', 13, '2023-10-12 10:06:38', 1);
INSERT INTO `sys_role_resource` VALUES (2052, 7, 24, 13, '2023-07-06 11:50:28', 13, '2023-10-12 10:06:38', 1);
INSERT INTO `sys_role_resource` VALUES (2053, 7, 25, 13, '2023-07-06 11:50:28', 13, '2023-10-12 10:06:38', 1);
INSERT INTO `sys_role_resource` VALUES (2054, 7, 26, 13, '2023-07-06 11:50:28', 13, '2023-10-12 10:06:38', 1);
INSERT INTO `sys_role_resource` VALUES (2055, 7, 29, 13, '2023-07-06 11:50:28', 13, '2023-10-12 10:06:38', 1);
INSERT INTO `sys_role_resource` VALUES (2056, 7, 22, 13, '2023-07-06 11:50:28', 13, '2023-10-12 10:06:38', 1);
INSERT INTO `sys_role_resource` VALUES (2057, 7, 74, 13, '2023-07-06 11:50:28', 13, '2023-10-12 10:06:38', 1);
INSERT INTO `sys_role_resource` VALUES (2058, 7, 75, 13, '2023-07-06 11:50:28', 13, '2023-10-12 10:06:38', 1);
INSERT INTO `sys_role_resource` VALUES (2059, 7, 76, 13, '2023-07-06 11:50:28', 13, '2023-10-12 10:06:38', 1);
INSERT INTO `sys_role_resource` VALUES (2060, 7, 77, 13, '2023-07-06 11:50:28', 13, '2023-10-12 10:06:38', 1);
INSERT INTO `sys_role_resource` VALUES (2061, 7, 78, 13, '2023-07-06 11:50:28', 13, '2023-10-12 10:06:38', 1);
INSERT INTO `sys_role_resource` VALUES (2062, 7, 79, 13, '2023-07-06 11:50:28', 13, '2023-10-12 10:06:38', 1);
INSERT INTO `sys_role_resource` VALUES (2063, 7, 80, 13, '2023-07-06 11:50:28', 13, '2023-10-12 10:06:38', 1);
INSERT INTO `sys_role_resource` VALUES (2064, 7, 81, 13, '2023-07-06 11:50:28', 13, '2023-10-12 10:06:38', 1);
INSERT INTO `sys_role_resource` VALUES (2065, 7, 82, 13, '2023-07-06 11:50:28', 13, '2023-10-12 10:06:38', 1);
INSERT INTO `sys_role_resource` VALUES (2066, 7, 83, 13, '2023-07-06 11:50:28', 13, '2023-10-12 10:06:38', 1);
INSERT INTO `sys_role_resource` VALUES (2067, 7, 84, 13, '2023-07-06 11:50:28', 13, '2023-10-12 10:06:38', 1);
INSERT INTO `sys_role_resource` VALUES (2068, 7, 85, 13, '2023-07-06 11:50:28', 13, '2023-10-12 10:06:38', 1);
INSERT INTO `sys_role_resource` VALUES (2069, 7, 28, 13, '2023-07-06 11:50:28', 13, '2023-10-12 10:06:38', 1);
INSERT INTO `sys_role_resource` VALUES (2070, 7, 32, 13, '2023-07-06 11:50:28', 13, '2023-10-12 10:06:38', 1);
INSERT INTO `sys_role_resource` VALUES (2071, 7, 33, 13, '2023-07-06 11:50:28', 13, '2023-10-12 10:06:38', 1);
INSERT INTO `sys_role_resource` VALUES (2072, 7, 34, 13, '2023-07-06 11:50:28', 13, '2023-10-12 10:06:38', 1);
INSERT INTO `sys_role_resource` VALUES (2073, 7, 39, 13, '2023-07-06 11:50:28', 13, '2023-10-12 10:06:38', 1);
INSERT INTO `sys_role_resource` VALUES (2074, 7, 40, 13, '2023-07-06 11:50:28', 13, '2023-10-12 10:06:38', 1);
INSERT INTO `sys_role_resource` VALUES (2075, 7, 31, 13, '2023-07-06 11:50:28', 13, '2023-10-12 10:06:38', 1);
INSERT INTO `sys_role_resource` VALUES (2076, 7, 42, 13, '2023-07-06 11:50:28', 13, '2023-10-12 10:06:38', 1);
INSERT INTO `sys_role_resource` VALUES (2077, 7, 43, 13, '2023-07-06 11:50:28', 13, '2023-10-12 10:06:38', 1);
INSERT INTO `sys_role_resource` VALUES (2078, 7, 44, 13, '2023-07-06 11:50:28', 13, '2023-10-12 10:06:38', 1);
INSERT INTO `sys_role_resource` VALUES (2079, 7, 45, 13, '2023-07-06 11:50:28', 13, '2023-10-12 10:06:38', 1);
INSERT INTO `sys_role_resource` VALUES (2080, 7, 41, 13, '2023-07-06 11:50:28', 13, '2023-10-12 10:06:38', 1);
INSERT INTO `sys_role_resource` VALUES (2081, 7, 69, 13, '2023-07-06 11:50:28', 13, '2023-10-12 10:06:38', 1);
INSERT INTO `sys_role_resource` VALUES (2082, 7, 70, 13, '2023-07-06 11:50:28', 13, '2023-10-12 10:06:38', 1);
INSERT INTO `sys_role_resource` VALUES (2083, 7, 71, 13, '2023-07-06 11:50:28', 13, '2023-10-12 10:06:38', 1);
INSERT INTO `sys_role_resource` VALUES (2084, 7, 72, 13, '2023-07-06 11:50:28', 13, '2023-10-12 10:06:38', 1);
INSERT INTO `sys_role_resource` VALUES (2085, 7, 73, 13, '2023-07-06 11:50:28', 13, '2023-10-12 10:06:38', 1);
INSERT INTO `sys_role_resource` VALUES (2086, 7, 68, 13, '2023-07-06 11:50:28', 13, '2023-10-12 10:06:38', 1);
INSERT INTO `sys_role_resource` VALUES (2087, 7, 9, 13, '2023-07-06 11:50:28', 13, '2023-10-12 10:06:38', 1);
INSERT INTO `sys_role_resource` VALUES (2088, 7, 37, 13, '2023-07-06 11:50:28', 13, '2023-10-12 10:06:38', 1);
INSERT INTO `sys_role_resource` VALUES (2089, 7, 38, 13, '2023-07-06 11:50:28', 13, '2023-10-12 10:06:38', 1);
INSERT INTO `sys_role_resource` VALUES (2090, 7, 46, 13, '2023-07-06 11:50:28', 13, '2023-10-12 10:06:38', 1);
INSERT INTO `sys_role_resource` VALUES (2091, 7, 59, 13, '2023-07-06 11:50:28', 13, '2023-10-12 10:06:38', 1);
INSERT INTO `sys_role_resource` VALUES (2092, 7, 60, 13, '2023-07-06 11:50:28', 13, '2023-10-12 10:06:38', 1);
INSERT INTO `sys_role_resource` VALUES (2093, 7, 61, 13, '2023-07-06 11:50:28', 13, '2023-10-12 10:06:38', 1);
INSERT INTO `sys_role_resource` VALUES (2094, 7, 64, 13, '2023-07-06 11:50:28', 13, '2023-10-12 10:06:38', 1);
INSERT INTO `sys_role_resource` VALUES (2095, 7, 66, 13, '2023-07-06 11:50:28', 13, '2023-10-12 10:06:38', 1);
INSERT INTO `sys_role_resource` VALUES (2096, 7, 47, 13, '2023-07-06 11:50:28', 13, '2023-10-12 10:06:38', 1);
INSERT INTO `sys_role_resource` VALUES (2097, 7, 62, 13, '2023-07-06 11:50:28', 13, '2023-10-12 10:06:38', 1);
INSERT INTO `sys_role_resource` VALUES (2098, 7, 63, 13, '2023-07-06 11:50:28', 13, '2023-10-12 10:06:38', 1);
INSERT INTO `sys_role_resource` VALUES (2099, 7, 65, 13, '2023-07-06 11:50:28', 13, '2023-10-12 10:06:38', 1);
INSERT INTO `sys_role_resource` VALUES (2100, 7, 67, 13, '2023-07-06 11:50:28', 13, '2023-10-12 10:06:38', 1);
INSERT INTO `sys_role_resource` VALUES (2101, 7, 48, 13, '2023-07-06 11:50:28', 13, '2023-10-12 10:06:38', 1);
INSERT INTO `sys_role_resource` VALUES (2102, 7, 86, 13, '2023-07-06 11:50:28', 13, '2023-10-12 10:06:38', 1);
INSERT INTO `sys_role_resource` VALUES (2103, 7, 89, 13, '2023-07-06 11:50:28', 13, '2023-10-12 10:06:38', 1);
INSERT INTO `sys_role_resource` VALUES (2104, 7, 90, 13, '2023-07-06 11:50:28', 13, '2023-10-12 10:06:38', 1);
INSERT INTO `sys_role_resource` VALUES (2105, 7, 91, 13, '2023-07-06 11:50:28', 13, '2023-10-12 10:06:38', 1);
INSERT INTO `sys_role_resource` VALUES (2106, 7, 88, 13, '2023-07-06 11:50:28', 13, '2023-10-12 10:06:38', 1);
INSERT INTO `sys_role_resource` VALUES (2107, 7, 87, 13, '2023-07-06 11:50:28', 13, '2023-10-12 10:06:38', 1);
INSERT INTO `sys_role_resource` VALUES (2108, 8, 1, 13, '2023-07-06 11:51:47', 13, '2023-10-12 10:07:50', 1);
INSERT INTO `sys_role_resource` VALUES (2109, 8, 2, 13, '2023-07-06 11:51:47', 13, '2023-10-12 10:07:50', 1);
INSERT INTO `sys_role_resource` VALUES (2110, 8, 3, 13, '2023-07-06 11:51:47', 13, '2023-10-12 10:07:50', 1);
INSERT INTO `sys_role_resource` VALUES (2111, 8, 6, 13, '2023-07-06 11:51:47', 13, '2023-10-12 10:07:50', 1);
INSERT INTO `sys_role_resource` VALUES (2112, 8, 7, 13, '2023-07-06 11:51:47', 13, '2023-10-12 10:07:50', 1);
INSERT INTO `sys_role_resource` VALUES (2113, 8, 8, 13, '2023-07-06 11:51:47', 13, '2023-10-12 10:07:50', 1);
INSERT INTO `sys_role_resource` VALUES (2114, 8, 10, 13, '2023-07-06 11:51:47', 13, '2023-10-12 10:07:50', 1);
INSERT INTO `sys_role_resource` VALUES (2115, 8, 11, 13, '2023-07-06 11:51:47', 13, '2023-10-12 10:07:50', 1);
INSERT INTO `sys_role_resource` VALUES (2116, 8, 12, 13, '2023-07-06 11:51:47', 13, '2023-10-12 10:07:50', 1);
INSERT INTO `sys_role_resource` VALUES (2117, 8, 13, 13, '2023-07-06 11:51:47', 13, '2023-10-12 10:07:50', 1);
INSERT INTO `sys_role_resource` VALUES (2118, 8, 49, 13, '2023-07-06 11:51:47', 13, '2023-10-12 10:07:50', 1);
INSERT INTO `sys_role_resource` VALUES (2119, 8, 4, 13, '2023-07-06 11:51:47', 13, '2023-10-12 10:07:50', 1);
INSERT INTO `sys_role_resource` VALUES (2120, 8, 14, 13, '2023-07-06 11:51:47', 13, '2023-10-12 10:07:50', 1);
INSERT INTO `sys_role_resource` VALUES (2121, 8, 15, 13, '2023-07-06 11:51:47', 13, '2023-10-12 10:07:50', 1);
INSERT INTO `sys_role_resource` VALUES (2122, 8, 16, 13, '2023-07-06 11:51:47', 13, '2023-10-12 10:07:50', 1);
INSERT INTO `sys_role_resource` VALUES (2123, 8, 17, 13, '2023-07-06 11:51:47', 13, '2023-10-12 10:07:50', 1);
INSERT INTO `sys_role_resource` VALUES (2124, 8, 18, 13, '2023-07-06 11:51:47', 13, '2023-10-12 10:07:50', 1);
INSERT INTO `sys_role_resource` VALUES (2125, 8, 19, 13, '2023-07-06 11:51:47', 13, '2023-10-12 10:07:50', 1);
INSERT INTO `sys_role_resource` VALUES (2126, 8, 20, 13, '2023-07-06 11:51:47', 13, '2023-10-12 10:07:50', 1);
INSERT INTO `sys_role_resource` VALUES (2127, 8, 21, 13, '2023-07-06 11:51:47', 13, '2023-10-12 10:07:50', 1);
INSERT INTO `sys_role_resource` VALUES (2128, 8, 5, 13, '2023-07-06 11:51:47', 13, '2023-10-12 10:07:50', 1);
INSERT INTO `sys_role_resource` VALUES (2129, 8, 23, 13, '2023-07-06 11:51:47', 13, '2023-10-12 10:07:50', 1);
INSERT INTO `sys_role_resource` VALUES (2130, 8, 24, 13, '2023-07-06 11:51:47', 13, '2023-10-12 10:07:50', 1);
INSERT INTO `sys_role_resource` VALUES (2131, 8, 25, 13, '2023-07-06 11:51:47', 13, '2023-10-12 10:07:50', 1);
INSERT INTO `sys_role_resource` VALUES (2132, 8, 26, 13, '2023-07-06 11:51:47', 13, '2023-10-12 10:07:50', 1);
INSERT INTO `sys_role_resource` VALUES (2133, 8, 29, 13, '2023-07-06 11:51:47', 13, '2023-10-12 10:07:50', 1);
INSERT INTO `sys_role_resource` VALUES (2134, 8, 22, 13, '2023-07-06 11:51:47', 13, '2023-10-12 10:07:50', 1);
INSERT INTO `sys_role_resource` VALUES (2135, 8, 74, 13, '2023-07-06 11:51:47', 13, '2023-10-12 10:07:50', 1);
INSERT INTO `sys_role_resource` VALUES (2136, 8, 75, 13, '2023-07-06 11:51:47', 13, '2023-10-12 10:07:50', 1);
INSERT INTO `sys_role_resource` VALUES (2137, 8, 76, 13, '2023-07-06 11:51:47', 13, '2023-10-12 10:07:50', 1);
INSERT INTO `sys_role_resource` VALUES (2138, 8, 77, 13, '2023-07-06 11:51:47', 13, '2023-10-12 10:07:50', 1);
INSERT INTO `sys_role_resource` VALUES (2139, 8, 78, 13, '2023-07-06 11:51:47', 13, '2023-10-12 10:07:50', 1);
INSERT INTO `sys_role_resource` VALUES (2140, 8, 79, 13, '2023-07-06 11:51:47', 13, '2023-10-12 10:07:50', 1);
INSERT INTO `sys_role_resource` VALUES (2141, 8, 80, 13, '2023-07-06 11:51:47', 13, '2023-10-12 10:07:50', 1);
INSERT INTO `sys_role_resource` VALUES (2142, 8, 81, 13, '2023-07-06 11:51:47', 13, '2023-10-12 10:07:50', 1);
INSERT INTO `sys_role_resource` VALUES (2143, 8, 82, 13, '2023-07-06 11:51:47', 13, '2023-10-12 10:07:50', 1);
INSERT INTO `sys_role_resource` VALUES (2144, 8, 83, 13, '2023-07-06 11:51:47', 13, '2023-10-12 10:07:50', 1);
INSERT INTO `sys_role_resource` VALUES (2145, 8, 84, 13, '2023-07-06 11:51:47', 13, '2023-10-12 10:07:50', 1);
INSERT INTO `sys_role_resource` VALUES (2146, 8, 85, 13, '2023-07-06 11:51:47', 13, '2023-10-12 10:07:50', 1);
INSERT INTO `sys_role_resource` VALUES (2147, 8, 28, 13, '2023-07-06 11:51:47', 13, '2023-10-12 10:07:50', 1);
INSERT INTO `sys_role_resource` VALUES (2148, 8, 32, 13, '2023-07-06 11:51:47', 13, '2023-10-12 10:07:50', 1);
INSERT INTO `sys_role_resource` VALUES (2149, 8, 33, 13, '2023-07-06 11:51:47', 13, '2023-10-12 10:07:50', 1);
INSERT INTO `sys_role_resource` VALUES (2150, 8, 34, 13, '2023-07-06 11:51:47', 13, '2023-10-12 10:07:50', 1);
INSERT INTO `sys_role_resource` VALUES (2151, 8, 39, 13, '2023-07-06 11:51:47', 13, '2023-10-12 10:07:50', 1);
INSERT INTO `sys_role_resource` VALUES (2152, 8, 40, 13, '2023-07-06 11:51:47', 13, '2023-10-12 10:07:50', 1);
INSERT INTO `sys_role_resource` VALUES (2153, 8, 31, 13, '2023-07-06 11:51:47', 13, '2023-10-12 10:07:50', 1);
INSERT INTO `sys_role_resource` VALUES (2154, 8, 42, 13, '2023-07-06 11:51:47', 13, '2023-10-12 10:07:50', 1);
INSERT INTO `sys_role_resource` VALUES (2155, 8, 43, 13, '2023-07-06 11:51:47', 13, '2023-10-12 10:07:50', 1);
INSERT INTO `sys_role_resource` VALUES (2156, 8, 44, 13, '2023-07-06 11:51:47', 13, '2023-10-12 10:07:50', 1);
INSERT INTO `sys_role_resource` VALUES (2157, 8, 45, 13, '2023-07-06 11:51:47', 13, '2023-10-12 10:07:50', 1);
INSERT INTO `sys_role_resource` VALUES (2158, 8, 41, 13, '2023-07-06 11:51:47', 13, '2023-10-12 10:07:50', 1);
INSERT INTO `sys_role_resource` VALUES (2159, 8, 69, 13, '2023-07-06 11:51:47', 13, '2023-10-12 10:07:50', 1);
INSERT INTO `sys_role_resource` VALUES (2160, 8, 70, 13, '2023-07-06 11:51:47', 13, '2023-10-12 10:07:50', 1);
INSERT INTO `sys_role_resource` VALUES (2161, 8, 71, 13, '2023-07-06 11:51:47', 13, '2023-10-12 10:07:50', 1);
INSERT INTO `sys_role_resource` VALUES (2162, 8, 72, 13, '2023-07-06 11:51:47', 13, '2023-10-12 10:07:50', 1);
INSERT INTO `sys_role_resource` VALUES (2163, 8, 73, 13, '2023-07-06 11:51:47', 13, '2023-10-12 10:07:50', 1);
INSERT INTO `sys_role_resource` VALUES (2164, 8, 68, 13, '2023-07-06 11:51:47', 13, '2023-10-12 10:07:50', 1);
INSERT INTO `sys_role_resource` VALUES (2165, 8, 9, 13, '2023-07-06 11:51:47', 13, '2023-10-12 10:07:50', 1);
INSERT INTO `sys_role_resource` VALUES (2166, 8, 37, 13, '2023-07-06 11:51:47', 13, '2023-10-12 10:07:50', 1);
INSERT INTO `sys_role_resource` VALUES (2167, 8, 38, 13, '2023-07-06 11:51:47', 13, '2023-10-12 10:07:50', 1);
INSERT INTO `sys_role_resource` VALUES (2168, 8, 46, 13, '2023-07-06 11:51:47', 13, '2023-10-12 10:07:50', 1);
INSERT INTO `sys_role_resource` VALUES (2169, 8, 59, 13, '2023-07-06 11:51:47', 13, '2023-10-12 10:07:50', 1);
INSERT INTO `sys_role_resource` VALUES (2170, 8, 60, 13, '2023-07-06 11:51:47', 13, '2023-10-12 10:07:50', 1);
INSERT INTO `sys_role_resource` VALUES (2171, 8, 61, 13, '2023-07-06 11:51:47', 13, '2023-10-12 10:07:50', 1);
INSERT INTO `sys_role_resource` VALUES (2172, 8, 64, 13, '2023-07-06 11:51:47', 13, '2023-10-12 10:07:50', 1);
INSERT INTO `sys_role_resource` VALUES (2173, 8, 66, 13, '2023-07-06 11:51:47', 13, '2023-10-12 10:07:50', 1);
INSERT INTO `sys_role_resource` VALUES (2174, 8, 47, 13, '2023-07-06 11:51:47', 13, '2023-10-12 10:07:50', 1);
INSERT INTO `sys_role_resource` VALUES (2175, 8, 62, 13, '2023-07-06 11:51:47', 13, '2023-10-12 10:07:50', 1);
INSERT INTO `sys_role_resource` VALUES (2176, 8, 63, 13, '2023-07-06 11:51:47', 13, '2023-10-12 10:07:50', 1);
INSERT INTO `sys_role_resource` VALUES (2177, 8, 65, 13, '2023-07-06 11:51:47', 13, '2023-10-12 10:07:50', 1);
INSERT INTO `sys_role_resource` VALUES (2178, 8, 67, 13, '2023-07-06 11:51:47', 13, '2023-10-12 10:07:50', 1);
INSERT INTO `sys_role_resource` VALUES (2179, 8, 48, 13, '2023-07-06 11:51:47', 13, '2023-10-12 10:07:50', 1);
INSERT INTO `sys_role_resource` VALUES (2180, 8, 86, 13, '2023-07-06 11:51:47', 13, '2023-10-12 10:07:50', 1);
INSERT INTO `sys_role_resource` VALUES (2181, 8, 89, 13, '2023-07-06 11:51:47', 13, '2023-10-12 10:07:50', 1);
INSERT INTO `sys_role_resource` VALUES (2182, 8, 90, 13, '2023-07-06 11:51:47', 13, '2023-10-12 10:07:50', 1);
INSERT INTO `sys_role_resource` VALUES (2183, 8, 91, 13, '2023-07-06 11:51:47', 13, '2023-10-12 10:07:50', 1);
INSERT INTO `sys_role_resource` VALUES (2184, 8, 88, 13, '2023-07-06 11:51:47', 13, '2023-10-12 10:07:50', 1);
INSERT INTO `sys_role_resource` VALUES (2185, 8, 87, 13, '2023-07-06 11:51:47', 13, '2023-10-12 10:07:50', 1);
INSERT INTO `sys_role_resource` VALUES (2186, 7, 1, 13, '2023-10-12 10:06:38', 13, '2023-10-12 13:38:09', 1);
INSERT INTO `sys_role_resource` VALUES (2187, 7, 2, 13, '2023-10-12 10:06:38', 13, '2023-10-12 13:38:09', 1);
INSERT INTO `sys_role_resource` VALUES (2188, 7, 3, 13, '2023-10-12 10:06:38', 13, '2023-10-12 13:38:09', 1);
INSERT INTO `sys_role_resource` VALUES (2189, 7, 6, 13, '2023-10-12 10:06:38', 13, '2023-10-12 13:38:09', 1);
INSERT INTO `sys_role_resource` VALUES (2190, 7, 7, 13, '2023-10-12 10:06:38', 13, '2023-10-12 13:38:09', 1);
INSERT INTO `sys_role_resource` VALUES (2191, 7, 8, 13, '2023-10-12 10:06:38', 13, '2023-10-12 13:38:09', 1);
INSERT INTO `sys_role_resource` VALUES (2192, 7, 10, 13, '2023-10-12 10:06:38', 13, '2023-10-12 13:38:09', 1);
INSERT INTO `sys_role_resource` VALUES (2193, 7, 11, 13, '2023-10-12 10:06:38', 13, '2023-10-12 13:38:09', 1);
INSERT INTO `sys_role_resource` VALUES (2194, 7, 12, 13, '2023-10-12 10:06:38', 13, '2023-10-12 13:38:09', 1);
INSERT INTO `sys_role_resource` VALUES (2195, 7, 13, 13, '2023-10-12 10:06:38', 13, '2023-10-12 13:38:09', 1);
INSERT INTO `sys_role_resource` VALUES (2196, 7, 49, 13, '2023-10-12 10:06:38', 13, '2023-10-12 13:38:09', 1);
INSERT INTO `sys_role_resource` VALUES (2197, 7, 4, 13, '2023-10-12 10:06:38', 13, '2023-10-12 13:38:09', 1);
INSERT INTO `sys_role_resource` VALUES (2198, 7, 14, 13, '2023-10-12 10:06:38', 13, '2023-10-12 13:38:09', 1);
INSERT INTO `sys_role_resource` VALUES (2199, 7, 15, 13, '2023-10-12 10:06:38', 13, '2023-10-12 13:38:09', 1);
INSERT INTO `sys_role_resource` VALUES (2200, 7, 16, 13, '2023-10-12 10:06:38', 13, '2023-10-12 13:38:09', 1);
INSERT INTO `sys_role_resource` VALUES (2201, 7, 17, 13, '2023-10-12 10:06:38', 13, '2023-10-12 13:38:09', 1);
INSERT INTO `sys_role_resource` VALUES (2202, 7, 18, 13, '2023-10-12 10:06:38', 13, '2023-10-12 13:38:09', 1);
INSERT INTO `sys_role_resource` VALUES (2203, 7, 19, 13, '2023-10-12 10:06:38', 13, '2023-10-12 13:38:09', 1);
INSERT INTO `sys_role_resource` VALUES (2204, 7, 20, 13, '2023-10-12 10:06:38', 13, '2023-10-12 13:38:09', 1);
INSERT INTO `sys_role_resource` VALUES (2205, 7, 21, 13, '2023-10-12 10:06:38', 13, '2023-10-12 13:38:09', 1);
INSERT INTO `sys_role_resource` VALUES (2206, 7, 5, 13, '2023-10-12 10:06:38', 13, '2023-10-12 13:38:09', 1);
INSERT INTO `sys_role_resource` VALUES (2207, 7, 23, 13, '2023-10-12 10:06:38', 13, '2023-10-12 13:38:09', 1);
INSERT INTO `sys_role_resource` VALUES (2208, 7, 24, 13, '2023-10-12 10:06:38', 13, '2023-10-12 13:38:09', 1);
INSERT INTO `sys_role_resource` VALUES (2209, 7, 25, 13, '2023-10-12 10:06:38', 13, '2023-10-12 13:38:09', 1);
INSERT INTO `sys_role_resource` VALUES (2210, 7, 26, 13, '2023-10-12 10:06:38', 13, '2023-10-12 13:38:09', 1);
INSERT INTO `sys_role_resource` VALUES (2211, 7, 29, 13, '2023-10-12 10:06:38', 13, '2023-10-12 13:38:09', 1);
INSERT INTO `sys_role_resource` VALUES (2212, 7, 22, 13, '2023-10-12 10:06:38', 13, '2023-10-12 13:38:09', 1);
INSERT INTO `sys_role_resource` VALUES (2213, 7, 74, 13, '2023-10-12 10:06:38', 13, '2023-10-12 13:38:09', 1);
INSERT INTO `sys_role_resource` VALUES (2214, 7, 75, 13, '2023-10-12 10:06:38', 13, '2023-10-12 13:38:09', 1);
INSERT INTO `sys_role_resource` VALUES (2215, 7, 76, 13, '2023-10-12 10:06:38', 13, '2023-10-12 13:38:09', 1);
INSERT INTO `sys_role_resource` VALUES (2216, 7, 77, 13, '2023-10-12 10:06:38', 13, '2023-10-12 13:38:09', 1);
INSERT INTO `sys_role_resource` VALUES (2217, 7, 78, 13, '2023-10-12 10:06:38', 13, '2023-10-12 13:38:09', 1);
INSERT INTO `sys_role_resource` VALUES (2218, 7, 79, 13, '2023-10-12 10:06:38', 13, '2023-10-12 13:38:09', 1);
INSERT INTO `sys_role_resource` VALUES (2219, 7, 80, 13, '2023-10-12 10:06:38', 13, '2023-10-12 13:38:09', 1);
INSERT INTO `sys_role_resource` VALUES (2220, 7, 81, 13, '2023-10-12 10:06:38', 13, '2023-10-12 13:38:09', 1);
INSERT INTO `sys_role_resource` VALUES (2221, 7, 82, 13, '2023-10-12 10:06:38', 13, '2023-10-12 13:38:09', 1);
INSERT INTO `sys_role_resource` VALUES (2222, 7, 83, 13, '2023-10-12 10:06:38', 13, '2023-10-12 13:38:09', 1);
INSERT INTO `sys_role_resource` VALUES (2223, 7, 84, 13, '2023-10-12 10:06:38', 13, '2023-10-12 13:38:09', 1);
INSERT INTO `sys_role_resource` VALUES (2224, 7, 85, 13, '2023-10-12 10:06:38', 13, '2023-10-12 13:38:09', 1);
INSERT INTO `sys_role_resource` VALUES (2225, 7, 28, 13, '2023-10-12 10:06:38', 13, '2023-10-12 13:38:09', 1);
INSERT INTO `sys_role_resource` VALUES (2226, 7, 32, 13, '2023-10-12 10:06:38', 13, '2023-10-12 13:38:09', 1);
INSERT INTO `sys_role_resource` VALUES (2227, 7, 33, 13, '2023-10-12 10:06:38', 13, '2023-10-12 13:38:09', 1);
INSERT INTO `sys_role_resource` VALUES (2228, 7, 34, 13, '2023-10-12 10:06:38', 13, '2023-10-12 13:38:09', 1);
INSERT INTO `sys_role_resource` VALUES (2229, 7, 39, 13, '2023-10-12 10:06:38', 13, '2023-10-12 13:38:09', 1);
INSERT INTO `sys_role_resource` VALUES (2230, 7, 40, 13, '2023-10-12 10:06:38', 13, '2023-10-12 13:38:09', 1);
INSERT INTO `sys_role_resource` VALUES (2231, 7, 31, 13, '2023-10-12 10:06:38', 13, '2023-10-12 13:38:09', 1);
INSERT INTO `sys_role_resource` VALUES (2232, 7, 42, 13, '2023-10-12 10:06:38', 13, '2023-10-12 13:38:09', 1);
INSERT INTO `sys_role_resource` VALUES (2233, 7, 43, 13, '2023-10-12 10:06:38', 13, '2023-10-12 13:38:09', 1);
INSERT INTO `sys_role_resource` VALUES (2234, 7, 44, 13, '2023-10-12 10:06:38', 13, '2023-10-12 13:38:09', 1);
INSERT INTO `sys_role_resource` VALUES (2235, 7, 45, 13, '2023-10-12 10:06:38', 13, '2023-10-12 13:38:09', 1);
INSERT INTO `sys_role_resource` VALUES (2236, 7, 41, 13, '2023-10-12 10:06:38', 13, '2023-10-12 13:38:09', 1);
INSERT INTO `sys_role_resource` VALUES (2237, 7, 69, 13, '2023-10-12 10:06:38', 13, '2023-10-12 13:38:09', 1);
INSERT INTO `sys_role_resource` VALUES (2238, 7, 70, 13, '2023-10-12 10:06:38', 13, '2023-10-12 13:38:09', 1);
INSERT INTO `sys_role_resource` VALUES (2239, 7, 71, 13, '2023-10-12 10:06:38', 13, '2023-10-12 13:38:09', 1);
INSERT INTO `sys_role_resource` VALUES (2240, 7, 72, 13, '2023-10-12 10:06:38', 13, '2023-10-12 13:38:09', 1);
INSERT INTO `sys_role_resource` VALUES (2241, 7, 73, 13, '2023-10-12 10:06:38', 13, '2023-10-12 13:38:09', 1);
INSERT INTO `sys_role_resource` VALUES (2242, 7, 68, 13, '2023-10-12 10:06:38', 13, '2023-10-12 13:38:09', 1);
INSERT INTO `sys_role_resource` VALUES (2243, 7, 9, 13, '2023-10-12 10:06:38', 13, '2023-10-12 13:38:09', 1);
INSERT INTO `sys_role_resource` VALUES (2244, 7, 37, 13, '2023-10-12 10:06:38', 13, '2023-10-12 13:38:09', 1);
INSERT INTO `sys_role_resource` VALUES (2245, 7, 38, 13, '2023-10-12 10:06:38', 13, '2023-10-12 13:38:09', 1);
INSERT INTO `sys_role_resource` VALUES (2246, 7, 46, 13, '2023-10-12 10:06:38', 13, '2023-10-12 13:38:09', 1);
INSERT INTO `sys_role_resource` VALUES (2247, 7, 59, 13, '2023-10-12 10:06:38', 13, '2023-10-12 13:38:09', 1);
INSERT INTO `sys_role_resource` VALUES (2248, 7, 60, 13, '2023-10-12 10:06:38', 13, '2023-10-12 13:38:09', 1);
INSERT INTO `sys_role_resource` VALUES (2249, 7, 61, 13, '2023-10-12 10:06:38', 13, '2023-10-12 13:38:09', 1);
INSERT INTO `sys_role_resource` VALUES (2250, 7, 64, 13, '2023-10-12 10:06:38', 13, '2023-10-12 13:38:09', 1);
INSERT INTO `sys_role_resource` VALUES (2251, 7, 66, 13, '2023-10-12 10:06:38', 13, '2023-10-12 13:38:09', 1);
INSERT INTO `sys_role_resource` VALUES (2252, 7, 47, 13, '2023-10-12 10:06:38', 13, '2023-10-12 13:38:09', 1);
INSERT INTO `sys_role_resource` VALUES (2253, 7, 62, 13, '2023-10-12 10:06:38', 13, '2023-10-12 13:38:09', 1);
INSERT INTO `sys_role_resource` VALUES (2254, 7, 63, 13, '2023-10-12 10:06:38', 13, '2023-10-12 13:38:09', 1);
INSERT INTO `sys_role_resource` VALUES (2255, 7, 65, 13, '2023-10-12 10:06:38', 13, '2023-10-12 13:38:09', 1);
INSERT INTO `sys_role_resource` VALUES (2256, 7, 67, 13, '2023-10-12 10:06:38', 13, '2023-10-12 13:38:09', 1);
INSERT INTO `sys_role_resource` VALUES (2257, 7, 48, 13, '2023-10-12 10:06:38', 13, '2023-10-12 13:38:09', 1);
INSERT INTO `sys_role_resource` VALUES (2258, 7, 86, 13, '2023-10-12 10:06:38', 13, '2023-10-12 13:38:09', 1);
INSERT INTO `sys_role_resource` VALUES (2259, 7, 89, 13, '2023-10-12 10:06:38', 13, '2023-10-12 13:38:09', 1);
INSERT INTO `sys_role_resource` VALUES (2260, 7, 90, 13, '2023-10-12 10:06:38', 13, '2023-10-12 13:38:09', 1);
INSERT INTO `sys_role_resource` VALUES (2261, 7, 91, 13, '2023-10-12 10:06:38', 13, '2023-10-12 13:38:09', 1);
INSERT INTO `sys_role_resource` VALUES (2262, 7, 92, 13, '2023-10-12 10:06:38', 13, '2023-10-12 13:38:09', 1);
INSERT INTO `sys_role_resource` VALUES (2263, 7, 88, 13, '2023-10-12 10:06:38', 13, '2023-10-12 13:38:09', 1);
INSERT INTO `sys_role_resource` VALUES (2264, 7, 87, 13, '2023-10-12 10:06:38', 13, '2023-10-12 13:38:09', 1);
INSERT INTO `sys_role_resource` VALUES (2265, 8, 1, 13, '2023-10-12 10:07:50', NULL, NULL, 0);
INSERT INTO `sys_role_resource` VALUES (2266, 8, 2, 13, '2023-10-12 10:07:50', NULL, NULL, 0);
INSERT INTO `sys_role_resource` VALUES (2267, 8, 3, 13, '2023-10-12 10:07:50', NULL, NULL, 0);
INSERT INTO `sys_role_resource` VALUES (2268, 8, 6, 13, '2023-10-12 10:07:50', NULL, NULL, 0);
INSERT INTO `sys_role_resource` VALUES (2269, 8, 7, 13, '2023-10-12 10:07:50', NULL, NULL, 0);
INSERT INTO `sys_role_resource` VALUES (2270, 8, 8, 13, '2023-10-12 10:07:50', NULL, NULL, 0);
INSERT INTO `sys_role_resource` VALUES (2271, 8, 10, 13, '2023-10-12 10:07:50', NULL, NULL, 0);
INSERT INTO `sys_role_resource` VALUES (2272, 8, 11, 13, '2023-10-12 10:07:50', NULL, NULL, 0);
INSERT INTO `sys_role_resource` VALUES (2273, 8, 12, 13, '2023-10-12 10:07:50', NULL, NULL, 0);
INSERT INTO `sys_role_resource` VALUES (2274, 8, 13, 13, '2023-10-12 10:07:50', NULL, NULL, 0);
INSERT INTO `sys_role_resource` VALUES (2275, 8, 49, 13, '2023-10-12 10:07:50', NULL, NULL, 0);
INSERT INTO `sys_role_resource` VALUES (2276, 8, 4, 13, '2023-10-12 10:07:50', NULL, NULL, 0);
INSERT INTO `sys_role_resource` VALUES (2277, 8, 14, 13, '2023-10-12 10:07:50', NULL, NULL, 0);
INSERT INTO `sys_role_resource` VALUES (2278, 8, 15, 13, '2023-10-12 10:07:50', NULL, NULL, 0);
INSERT INTO `sys_role_resource` VALUES (2279, 8, 16, 13, '2023-10-12 10:07:50', NULL, NULL, 0);
INSERT INTO `sys_role_resource` VALUES (2280, 8, 17, 13, '2023-10-12 10:07:50', NULL, NULL, 0);
INSERT INTO `sys_role_resource` VALUES (2281, 8, 18, 13, '2023-10-12 10:07:50', NULL, NULL, 0);
INSERT INTO `sys_role_resource` VALUES (2282, 8, 19, 13, '2023-10-12 10:07:50', NULL, NULL, 0);
INSERT INTO `sys_role_resource` VALUES (2283, 8, 20, 13, '2023-10-12 10:07:50', NULL, NULL, 0);
INSERT INTO `sys_role_resource` VALUES (2284, 8, 21, 13, '2023-10-12 10:07:50', NULL, NULL, 0);
INSERT INTO `sys_role_resource` VALUES (2285, 8, 5, 13, '2023-10-12 10:07:50', NULL, NULL, 0);
INSERT INTO `sys_role_resource` VALUES (2286, 8, 23, 13, '2023-10-12 10:07:50', NULL, NULL, 0);
INSERT INTO `sys_role_resource` VALUES (2287, 8, 24, 13, '2023-10-12 10:07:50', NULL, NULL, 0);
INSERT INTO `sys_role_resource` VALUES (2288, 8, 25, 13, '2023-10-12 10:07:50', NULL, NULL, 0);
INSERT INTO `sys_role_resource` VALUES (2289, 8, 26, 13, '2023-10-12 10:07:50', NULL, NULL, 0);
INSERT INTO `sys_role_resource` VALUES (2290, 8, 29, 13, '2023-10-12 10:07:50', NULL, NULL, 0);
INSERT INTO `sys_role_resource` VALUES (2291, 8, 22, 13, '2023-10-12 10:07:50', NULL, NULL, 0);
INSERT INTO `sys_role_resource` VALUES (2292, 8, 74, 13, '2023-10-12 10:07:50', NULL, NULL, 0);
INSERT INTO `sys_role_resource` VALUES (2293, 8, 75, 13, '2023-10-12 10:07:50', NULL, NULL, 0);
INSERT INTO `sys_role_resource` VALUES (2294, 8, 76, 13, '2023-10-12 10:07:50', NULL, NULL, 0);
INSERT INTO `sys_role_resource` VALUES (2295, 8, 77, 13, '2023-10-12 10:07:50', NULL, NULL, 0);
INSERT INTO `sys_role_resource` VALUES (2296, 8, 78, 13, '2023-10-12 10:07:50', NULL, NULL, 0);
INSERT INTO `sys_role_resource` VALUES (2297, 8, 79, 13, '2023-10-12 10:07:50', NULL, NULL, 0);
INSERT INTO `sys_role_resource` VALUES (2298, 8, 80, 13, '2023-10-12 10:07:50', NULL, NULL, 0);
INSERT INTO `sys_role_resource` VALUES (2299, 8, 81, 13, '2023-10-12 10:07:50', NULL, NULL, 0);
INSERT INTO `sys_role_resource` VALUES (2300, 8, 82, 13, '2023-10-12 10:07:50', NULL, NULL, 0);
INSERT INTO `sys_role_resource` VALUES (2301, 8, 83, 13, '2023-10-12 10:07:50', NULL, NULL, 0);
INSERT INTO `sys_role_resource` VALUES (2302, 8, 84, 13, '2023-10-12 10:07:50', NULL, NULL, 0);
INSERT INTO `sys_role_resource` VALUES (2303, 8, 85, 13, '2023-10-12 10:07:50', NULL, NULL, 0);
INSERT INTO `sys_role_resource` VALUES (2304, 8, 28, 13, '2023-10-12 10:07:50', NULL, NULL, 0);
INSERT INTO `sys_role_resource` VALUES (2305, 8, 32, 13, '2023-10-12 10:07:50', NULL, NULL, 0);
INSERT INTO `sys_role_resource` VALUES (2306, 8, 33, 13, '2023-10-12 10:07:50', NULL, NULL, 0);
INSERT INTO `sys_role_resource` VALUES (2307, 8, 34, 13, '2023-10-12 10:07:50', NULL, NULL, 0);
INSERT INTO `sys_role_resource` VALUES (2308, 8, 39, 13, '2023-10-12 10:07:50', NULL, NULL, 0);
INSERT INTO `sys_role_resource` VALUES (2309, 8, 40, 13, '2023-10-12 10:07:50', NULL, NULL, 0);
INSERT INTO `sys_role_resource` VALUES (2310, 8, 31, 13, '2023-10-12 10:07:50', NULL, NULL, 0);
INSERT INTO `sys_role_resource` VALUES (2311, 8, 42, 13, '2023-10-12 10:07:50', NULL, NULL, 0);
INSERT INTO `sys_role_resource` VALUES (2312, 8, 43, 13, '2023-10-12 10:07:50', NULL, NULL, 0);
INSERT INTO `sys_role_resource` VALUES (2313, 8, 44, 13, '2023-10-12 10:07:50', NULL, NULL, 0);
INSERT INTO `sys_role_resource` VALUES (2314, 8, 45, 13, '2023-10-12 10:07:50', NULL, NULL, 0);
INSERT INTO `sys_role_resource` VALUES (2315, 8, 41, 13, '2023-10-12 10:07:50', NULL, NULL, 0);
INSERT INTO `sys_role_resource` VALUES (2316, 8, 69, 13, '2023-10-12 10:07:50', NULL, NULL, 0);
INSERT INTO `sys_role_resource` VALUES (2317, 8, 70, 13, '2023-10-12 10:07:50', NULL, NULL, 0);
INSERT INTO `sys_role_resource` VALUES (2318, 8, 71, 13, '2023-10-12 10:07:50', NULL, NULL, 0);
INSERT INTO `sys_role_resource` VALUES (2319, 8, 72, 13, '2023-10-12 10:07:50', NULL, NULL, 0);
INSERT INTO `sys_role_resource` VALUES (2320, 8, 73, 13, '2023-10-12 10:07:50', NULL, NULL, 0);
INSERT INTO `sys_role_resource` VALUES (2321, 8, 68, 13, '2023-10-12 10:07:50', NULL, NULL, 0);
INSERT INTO `sys_role_resource` VALUES (2322, 8, 9, 13, '2023-10-12 10:07:50', NULL, NULL, 0);
INSERT INTO `sys_role_resource` VALUES (2323, 8, 37, 13, '2023-10-12 10:07:50', NULL, NULL, 0);
INSERT INTO `sys_role_resource` VALUES (2324, 8, 38, 13, '2023-10-12 10:07:50', NULL, NULL, 0);
INSERT INTO `sys_role_resource` VALUES (2325, 8, 46, 13, '2023-10-12 10:07:50', NULL, NULL, 0);
INSERT INTO `sys_role_resource` VALUES (2326, 8, 59, 13, '2023-10-12 10:07:50', NULL, NULL, 0);
INSERT INTO `sys_role_resource` VALUES (2327, 8, 60, 13, '2023-10-12 10:07:50', NULL, NULL, 0);
INSERT INTO `sys_role_resource` VALUES (2328, 8, 61, 13, '2023-10-12 10:07:50', NULL, NULL, 0);
INSERT INTO `sys_role_resource` VALUES (2329, 8, 64, 13, '2023-10-12 10:07:50', NULL, NULL, 0);
INSERT INTO `sys_role_resource` VALUES (2330, 8, 66, 13, '2023-10-12 10:07:50', NULL, NULL, 0);
INSERT INTO `sys_role_resource` VALUES (2331, 8, 47, 13, '2023-10-12 10:07:50', NULL, NULL, 0);
INSERT INTO `sys_role_resource` VALUES (2332, 8, 62, 13, '2023-10-12 10:07:50', NULL, NULL, 0);
INSERT INTO `sys_role_resource` VALUES (2333, 8, 63, 13, '2023-10-12 10:07:50', NULL, NULL, 0);
INSERT INTO `sys_role_resource` VALUES (2334, 8, 65, 13, '2023-10-12 10:07:50', NULL, NULL, 0);
INSERT INTO `sys_role_resource` VALUES (2335, 8, 67, 13, '2023-10-12 10:07:50', NULL, NULL, 0);
INSERT INTO `sys_role_resource` VALUES (2336, 8, 48, 13, '2023-10-12 10:07:50', NULL, NULL, 0);
INSERT INTO `sys_role_resource` VALUES (2337, 8, 86, 13, '2023-10-12 10:07:50', NULL, NULL, 0);
INSERT INTO `sys_role_resource` VALUES (2338, 8, 89, 13, '2023-10-12 10:07:50', NULL, NULL, 0);
INSERT INTO `sys_role_resource` VALUES (2339, 8, 90, 13, '2023-10-12 10:07:50', NULL, NULL, 0);
INSERT INTO `sys_role_resource` VALUES (2340, 8, 91, 13, '2023-10-12 10:07:50', NULL, NULL, 0);
INSERT INTO `sys_role_resource` VALUES (2341, 8, 92, 13, '2023-10-12 10:07:50', NULL, NULL, 0);
INSERT INTO `sys_role_resource` VALUES (2342, 8, 88, 13, '2023-10-12 10:07:50', NULL, NULL, 0);
INSERT INTO `sys_role_resource` VALUES (2343, 8, 87, 13, '2023-10-12 10:07:50', NULL, NULL, 0);
INSERT INTO `sys_role_resource` VALUES (2344, 7, 1, 13, '2023-10-12 13:38:09', NULL, NULL, 0);
INSERT INTO `sys_role_resource` VALUES (2345, 7, 2, 13, '2023-10-12 13:38:09', NULL, NULL, 0);
INSERT INTO `sys_role_resource` VALUES (2346, 7, 3, 13, '2023-10-12 13:38:09', NULL, NULL, 0);
INSERT INTO `sys_role_resource` VALUES (2347, 7, 6, 13, '2023-10-12 13:38:09', NULL, NULL, 0);
INSERT INTO `sys_role_resource` VALUES (2348, 7, 7, 13, '2023-10-12 13:38:09', NULL, NULL, 0);
INSERT INTO `sys_role_resource` VALUES (2349, 7, 8, 13, '2023-10-12 13:38:09', NULL, NULL, 0);
INSERT INTO `sys_role_resource` VALUES (2350, 7, 10, 13, '2023-10-12 13:38:09', NULL, NULL, 0);
INSERT INTO `sys_role_resource` VALUES (2351, 7, 11, 13, '2023-10-12 13:38:09', NULL, NULL, 0);
INSERT INTO `sys_role_resource` VALUES (2352, 7, 12, 13, '2023-10-12 13:38:09', NULL, NULL, 0);
INSERT INTO `sys_role_resource` VALUES (2353, 7, 13, 13, '2023-10-12 13:38:09', NULL, NULL, 0);
INSERT INTO `sys_role_resource` VALUES (2354, 7, 49, 13, '2023-10-12 13:38:09', NULL, NULL, 0);
INSERT INTO `sys_role_resource` VALUES (2355, 7, 4, 13, '2023-10-12 13:38:09', NULL, NULL, 0);
INSERT INTO `sys_role_resource` VALUES (2356, 7, 14, 13, '2023-10-12 13:38:09', NULL, NULL, 0);
INSERT INTO `sys_role_resource` VALUES (2357, 7, 15, 13, '2023-10-12 13:38:09', NULL, NULL, 0);
INSERT INTO `sys_role_resource` VALUES (2358, 7, 16, 13, '2023-10-12 13:38:09', NULL, NULL, 0);
INSERT INTO `sys_role_resource` VALUES (2359, 7, 17, 13, '2023-10-12 13:38:09', NULL, NULL, 0);
INSERT INTO `sys_role_resource` VALUES (2360, 7, 18, 13, '2023-10-12 13:38:09', NULL, NULL, 0);
INSERT INTO `sys_role_resource` VALUES (2361, 7, 19, 13, '2023-10-12 13:38:09', NULL, NULL, 0);
INSERT INTO `sys_role_resource` VALUES (2362, 7, 20, 13, '2023-10-12 13:38:09', NULL, NULL, 0);
INSERT INTO `sys_role_resource` VALUES (2363, 7, 21, 13, '2023-10-12 13:38:09', NULL, NULL, 0);
INSERT INTO `sys_role_resource` VALUES (2364, 7, 5, 13, '2023-10-12 13:38:09', NULL, NULL, 0);
INSERT INTO `sys_role_resource` VALUES (2365, 7, 23, 13, '2023-10-12 13:38:09', NULL, NULL, 0);
INSERT INTO `sys_role_resource` VALUES (2366, 7, 24, 13, '2023-10-12 13:38:09', NULL, NULL, 0);
INSERT INTO `sys_role_resource` VALUES (2367, 7, 25, 13, '2023-10-12 13:38:09', NULL, NULL, 0);
INSERT INTO `sys_role_resource` VALUES (2368, 7, 26, 13, '2023-10-12 13:38:09', NULL, NULL, 0);
INSERT INTO `sys_role_resource` VALUES (2369, 7, 29, 13, '2023-10-12 13:38:09', NULL, NULL, 0);
INSERT INTO `sys_role_resource` VALUES (2370, 7, 22, 13, '2023-10-12 13:38:09', NULL, NULL, 0);
INSERT INTO `sys_role_resource` VALUES (2371, 7, 74, 13, '2023-10-12 13:38:09', NULL, NULL, 0);
INSERT INTO `sys_role_resource` VALUES (2372, 7, 75, 13, '2023-10-12 13:38:09', NULL, NULL, 0);
INSERT INTO `sys_role_resource` VALUES (2373, 7, 76, 13, '2023-10-12 13:38:09', NULL, NULL, 0);
INSERT INTO `sys_role_resource` VALUES (2374, 7, 77, 13, '2023-10-12 13:38:09', NULL, NULL, 0);
INSERT INTO `sys_role_resource` VALUES (2375, 7, 78, 13, '2023-10-12 13:38:09', NULL, NULL, 0);
INSERT INTO `sys_role_resource` VALUES (2376, 7, 79, 13, '2023-10-12 13:38:09', NULL, NULL, 0);
INSERT INTO `sys_role_resource` VALUES (2377, 7, 80, 13, '2023-10-12 13:38:09', NULL, NULL, 0);
INSERT INTO `sys_role_resource` VALUES (2378, 7, 81, 13, '2023-10-12 13:38:09', NULL, NULL, 0);
INSERT INTO `sys_role_resource` VALUES (2379, 7, 82, 13, '2023-10-12 13:38:09', NULL, NULL, 0);
INSERT INTO `sys_role_resource` VALUES (2380, 7, 83, 13, '2023-10-12 13:38:09', NULL, NULL, 0);
INSERT INTO `sys_role_resource` VALUES (2381, 7, 84, 13, '2023-10-12 13:38:09', NULL, NULL, 0);
INSERT INTO `sys_role_resource` VALUES (2382, 7, 85, 13, '2023-10-12 13:38:09', NULL, NULL, 0);
INSERT INTO `sys_role_resource` VALUES (2383, 7, 28, 13, '2023-10-12 13:38:09', NULL, NULL, 0);
INSERT INTO `sys_role_resource` VALUES (2384, 7, 32, 13, '2023-10-12 13:38:09', NULL, NULL, 0);
INSERT INTO `sys_role_resource` VALUES (2385, 7, 33, 13, '2023-10-12 13:38:09', NULL, NULL, 0);
INSERT INTO `sys_role_resource` VALUES (2386, 7, 34, 13, '2023-10-12 13:38:09', NULL, NULL, 0);
INSERT INTO `sys_role_resource` VALUES (2387, 7, 39, 13, '2023-10-12 13:38:09', NULL, NULL, 0);
INSERT INTO `sys_role_resource` VALUES (2388, 7, 40, 13, '2023-10-12 13:38:09', NULL, NULL, 0);
INSERT INTO `sys_role_resource` VALUES (2389, 7, 31, 13, '2023-10-12 13:38:09', NULL, NULL, 0);
INSERT INTO `sys_role_resource` VALUES (2390, 7, 42, 13, '2023-10-12 13:38:09', NULL, NULL, 0);
INSERT INTO `sys_role_resource` VALUES (2391, 7, 43, 13, '2023-10-12 13:38:09', NULL, NULL, 0);
INSERT INTO `sys_role_resource` VALUES (2392, 7, 44, 13, '2023-10-12 13:38:09', NULL, NULL, 0);
INSERT INTO `sys_role_resource` VALUES (2393, 7, 45, 13, '2023-10-12 13:38:09', NULL, NULL, 0);
INSERT INTO `sys_role_resource` VALUES (2394, 7, 41, 13, '2023-10-12 13:38:09', NULL, NULL, 0);
INSERT INTO `sys_role_resource` VALUES (2395, 7, 69, 13, '2023-10-12 13:38:09', NULL, NULL, 0);
INSERT INTO `sys_role_resource` VALUES (2396, 7, 70, 13, '2023-10-12 13:38:09', NULL, NULL, 0);
INSERT INTO `sys_role_resource` VALUES (2397, 7, 71, 13, '2023-10-12 13:38:09', NULL, NULL, 0);
INSERT INTO `sys_role_resource` VALUES (2398, 7, 72, 13, '2023-10-12 13:38:09', NULL, NULL, 0);
INSERT INTO `sys_role_resource` VALUES (2399, 7, 73, 13, '2023-10-12 13:38:09', NULL, NULL, 0);
INSERT INTO `sys_role_resource` VALUES (2400, 7, 68, 13, '2023-10-12 13:38:09', NULL, NULL, 0);
INSERT INTO `sys_role_resource` VALUES (2401, 7, 9, 13, '2023-10-12 13:38:09', NULL, NULL, 0);
INSERT INTO `sys_role_resource` VALUES (2402, 7, 37, 13, '2023-10-12 13:38:09', NULL, NULL, 0);
INSERT INTO `sys_role_resource` VALUES (2403, 7, 38, 13, '2023-10-12 13:38:09', NULL, NULL, 0);
INSERT INTO `sys_role_resource` VALUES (2404, 7, 46, 13, '2023-10-12 13:38:09', NULL, NULL, 0);
INSERT INTO `sys_role_resource` VALUES (2405, 7, 59, 13, '2023-10-12 13:38:09', NULL, NULL, 0);
INSERT INTO `sys_role_resource` VALUES (2406, 7, 60, 13, '2023-10-12 13:38:09', NULL, NULL, 0);
INSERT INTO `sys_role_resource` VALUES (2407, 7, 61, 13, '2023-10-12 13:38:09', NULL, NULL, 0);
INSERT INTO `sys_role_resource` VALUES (2408, 7, 64, 13, '2023-10-12 13:38:09', NULL, NULL, 0);
INSERT INTO `sys_role_resource` VALUES (2409, 7, 66, 13, '2023-10-12 13:38:09', NULL, NULL, 0);
INSERT INTO `sys_role_resource` VALUES (2410, 7, 47, 13, '2023-10-12 13:38:09', NULL, NULL, 0);
INSERT INTO `sys_role_resource` VALUES (2411, 7, 62, 13, '2023-10-12 13:38:09', NULL, NULL, 0);
INSERT INTO `sys_role_resource` VALUES (2412, 7, 63, 13, '2023-10-12 13:38:09', NULL, NULL, 0);
INSERT INTO `sys_role_resource` VALUES (2413, 7, 65, 13, '2023-10-12 13:38:09', NULL, NULL, 0);
INSERT INTO `sys_role_resource` VALUES (2414, 7, 67, 13, '2023-10-12 13:38:09', NULL, NULL, 0);
INSERT INTO `sys_role_resource` VALUES (2415, 7, 48, 13, '2023-10-12 13:38:09', NULL, NULL, 0);
INSERT INTO `sys_role_resource` VALUES (2416, 7, 86, 13, '2023-10-12 13:38:09', NULL, NULL, 0);
INSERT INTO `sys_role_resource` VALUES (2417, 7, 89, 13, '2023-10-12 13:38:09', NULL, NULL, 0);
INSERT INTO `sys_role_resource` VALUES (2418, 7, 90, 13, '2023-10-12 13:38:09', NULL, NULL, 0);
INSERT INTO `sys_role_resource` VALUES (2419, 7, 91, 13, '2023-10-12 13:38:09', NULL, NULL, 0);
INSERT INTO `sys_role_resource` VALUES (2420, 7, 92, 13, '2023-10-12 13:38:09', NULL, NULL, 0);
INSERT INTO `sys_role_resource` VALUES (2421, 7, 93, 13, '2023-10-12 13:38:09', NULL, NULL, 0);
INSERT INTO `sys_role_resource` VALUES (2422, 7, 88, 13, '2023-10-12 13:38:09', NULL, NULL, 0);
INSERT INTO `sys_role_resource` VALUES (2423, 7, 87, 13, '2023-10-12 13:38:09', NULL, NULL, 0);

-- ----------------------------
-- Table structure for sys_tenant
-- ----------------------------
DROP TABLE IF EXISTS `sys_tenant`;
CREATE TABLE `sys_tenant`  (
  `id` bigint NOT NULL AUTO_INCREMENT COMMENT '租户id',
  `code` varchar(64) CHARACTER SET utf8mb4 COLLATE utf8mb4_0900_ai_ci NULL DEFAULT NULL COMMENT '租户编号',
  `name` varchar(255) CHARACTER SET utf8mb4 COLLATE utf8mb4_0900_ai_ci NULL DEFAULT NULL COMMENT '租户名称',
  `type` int NULL DEFAULT NULL COMMENT '租户类型',
  `start_time` datetime NULL DEFAULT NULL COMMENT '授权开始时间',
  `days` bigint NULL DEFAULT NULL COMMENT '授权天数',
  `end_time` datetime NULL DEFAULT NULL COMMENT '授权结束时间',
  `client_id` varchar(128) CHARACTER SET utf8 COLLATE utf8_general_ci NULL DEFAULT NULL COMMENT '客户端ID',
  `business_status` int NULL DEFAULT NULL COMMENT '业务状态',
  `create_user_id` bigint NULL DEFAULT NULL COMMENT '创建人',
  `create_time` datetime NULL DEFAULT NULL COMMENT '创建时间',
  `update_user_id` bigint NULL DEFAULT NULL COMMENT '修改人',
  `update_time` datetime NULL DEFAULT NULL COMMENT '修改时间',
  `status` int NULL DEFAULT NULL COMMENT '状态',
  PRIMARY KEY (`id`) USING BTREE
) ENGINE = InnoDB AUTO_INCREMENT = 6 CHARACTER SET = utf8 COLLATE = utf8_general_ci COMMENT = '租户表' ROW_FORMAT = Dynamic;

-- ----------------------------
-- Records of sys_tenant
-- ----------------------------
INSERT INTO `sys_tenant` VALUES (1, 'supply', '深圳供应链公司', 2, '2022-11-10 00:00:00', 2, '2022-11-12 00:00:00', '42a596f9271b4502a00b2cdf48d7795c', 1, NULL, '2022-11-10 17:15:16', 13, '2023-10-17 15:22:10', 0);
INSERT INTO `sys_tenant` VALUES (5, 'JXSM', '江西商贸集团', 2, '2022-11-16 00:00:00', 1, '2025-12-31 00:00:00', '19fe506350154f6d87d36d140675e154', 1, NULL, '2022-11-16 17:40:02', 13, '2023-10-17 15:09:59', 0);

-- ----------------------------
-- Table structure for sys_tenant_resource
-- ----------------------------
DROP TABLE IF EXISTS `sys_tenant_resource`;
CREATE TABLE `sys_tenant_resource`  (
  `id` bigint NOT NULL AUTO_INCREMENT COMMENT '主键ID',
  `tenant_id` bigint NULL DEFAULT NULL COMMENT '租户ID',
  `resource_id` bigint NULL DEFAULT NULL COMMENT '资源ID',
  `create_user_id` bigint NULL DEFAULT NULL COMMENT '创建人',
  `create_time` datetime NULL DEFAULT NULL COMMENT '创建时间',
  `update_user_id` bigint NULL DEFAULT NULL COMMENT '修改人',
  `update_time` datetime NULL DEFAULT NULL COMMENT '修改时间',
  `status` int NULL DEFAULT NULL COMMENT '状态',
  PRIMARY KEY (`id`) USING BTREE
) ENGINE = InnoDB AUTO_INCREMENT = 1872 CHARACTER SET = utf8mb4 COLLATE = utf8mb4_unicode_ci COMMENT = '租户资源关联关系--租户所拥有的资源权限' ROW_FORMAT = Dynamic;

-- ----------------------------
-- Records of sys_tenant_resource
-- ----------------------------
INSERT INTO `sys_tenant_resource` VALUES (1, 1, 9, NULL, '2022-11-10 17:15:16', 13, '2022-12-20 14:56:37', 1);
INSERT INTO `sys_tenant_resource` VALUES (2, 1, 1, NULL, '2022-11-10 17:15:16', 13, '2022-12-20 14:56:37', 1);
INSERT INTO `sys_tenant_resource` VALUES (3, 1, 13, NULL, '2022-11-10 17:15:16', 13, '2022-12-20 14:56:37', 1);
INSERT INTO `sys_tenant_resource` VALUES (4, 1, 11, NULL, '2022-11-10 17:15:16', 13, '2022-12-20 14:56:37', 1);
INSERT INTO `sys_tenant_resource` VALUES (5, 1, 12, NULL, '2022-11-10 17:15:16', 13, '2022-12-20 14:56:37', 1);
INSERT INTO `sys_tenant_resource` VALUES (6, 1, 6, NULL, '2022-11-10 17:15:16', 13, '2022-12-20 14:56:37', 1);
INSERT INTO `sys_tenant_resource` VALUES (7, 1, 7, NULL, '2022-11-10 17:15:16', 13, '2022-12-20 14:56:37', 1);
INSERT INTO `sys_tenant_resource` VALUES (8, 1, 8, NULL, '2022-11-10 17:15:16', 13, '2022-12-20 14:56:37', 1);
INSERT INTO `sys_tenant_resource` VALUES (9, 1, 10, NULL, '2022-11-10 17:15:16', 13, '2022-12-20 14:56:37', 1);
INSERT INTO `sys_tenant_resource` VALUES (10, 1, 49, NULL, '2022-11-10 17:15:16', 13, '2022-12-20 14:56:37', 1);
INSERT INTO `sys_tenant_resource` VALUES (11, 1, 4, NULL, '2022-11-10 17:15:16', 13, '2022-12-20 14:56:37', 1);
INSERT INTO `sys_tenant_resource` VALUES (12, 1, 3, NULL, '2022-11-10 17:15:16', 13, '2022-12-20 14:56:37', 1);
INSERT INTO `sys_tenant_resource` VALUES (13, 1, 2, NULL, '2022-11-10 17:15:16', 13, '2022-12-20 14:56:37', 1);
INSERT INTO `sys_tenant_resource` VALUES (14, 1, 14, NULL, '2022-11-10 17:15:16', 13, '2022-12-20 14:56:37', 1);
INSERT INTO `sys_tenant_resource` VALUES (15, 1, 15, NULL, '2022-11-10 17:15:16', 13, '2022-12-20 14:56:37', 1);
INSERT INTO `sys_tenant_resource` VALUES (16, 1, 16, NULL, '2022-11-10 17:15:16', 13, '2022-12-20 14:56:37', 1);
INSERT INTO `sys_tenant_resource` VALUES (17, 1, 17, NULL, '2022-11-10 17:15:16', 13, '2022-12-20 14:56:37', 1);
INSERT INTO `sys_tenant_resource` VALUES (18, 1, 18, NULL, '2022-11-10 17:15:16', 13, '2022-12-20 14:56:37', 1);
INSERT INTO `sys_tenant_resource` VALUES (19, 1, 19, NULL, '2022-11-10 17:15:16', 13, '2022-12-20 14:56:37', 1);
INSERT INTO `sys_tenant_resource` VALUES (20, 1, 20, NULL, '2022-11-10 17:15:16', 13, '2022-12-20 14:56:37', 1);
INSERT INTO `sys_tenant_resource` VALUES (21, 1, 21, NULL, '2022-11-10 17:15:16', 13, '2022-12-20 14:56:37', 1);
INSERT INTO `sys_tenant_resource` VALUES (22, 1, 5, NULL, '2022-11-10 17:15:16', 13, '2022-12-20 14:56:37', 1);
INSERT INTO `sys_tenant_resource` VALUES (23, 1, 23, NULL, '2022-11-10 17:15:16', 13, '2022-12-20 14:56:37', 1);
INSERT INTO `sys_tenant_resource` VALUES (24, 1, 24, NULL, '2022-11-10 17:15:16', 13, '2022-12-20 14:56:37', 1);
INSERT INTO `sys_tenant_resource` VALUES (25, 1, 25, NULL, '2022-11-10 17:15:16', 13, '2022-12-20 14:56:37', 1);
INSERT INTO `sys_tenant_resource` VALUES (26, 1, 26, NULL, '2022-11-10 17:15:16', 13, '2022-12-20 14:56:37', 1);
INSERT INTO `sys_tenant_resource` VALUES (27, 1, 29, NULL, '2022-11-10 17:15:16', 13, '2022-12-20 14:56:37', 1);
INSERT INTO `sys_tenant_resource` VALUES (28, 1, 22, NULL, '2022-11-10 17:15:16', 13, '2022-12-20 14:56:37', 1);
INSERT INTO `sys_tenant_resource` VALUES (29, 1, 74, NULL, '2022-11-10 17:15:16', 13, '2022-12-20 14:56:37', 1);
INSERT INTO `sys_tenant_resource` VALUES (30, 1, 75, NULL, '2022-11-10 17:15:16', 13, '2022-12-20 14:56:37', 1);
INSERT INTO `sys_tenant_resource` VALUES (31, 1, 76, NULL, '2022-11-10 17:15:16', 13, '2022-12-20 14:56:37', 1);
INSERT INTO `sys_tenant_resource` VALUES (32, 1, 83, NULL, '2022-11-10 17:15:16', 13, '2022-12-20 14:56:37', 1);
INSERT INTO `sys_tenant_resource` VALUES (33, 1, 84, NULL, '2022-11-10 17:15:16', 13, '2022-12-20 14:56:37', 1);
INSERT INTO `sys_tenant_resource` VALUES (34, 1, 77, NULL, '2022-11-10 17:15:16', 13, '2022-12-20 14:56:37', 1);
INSERT INTO `sys_tenant_resource` VALUES (35, 1, 78, NULL, '2022-11-10 17:15:16', 13, '2022-12-20 14:56:37', 1);
INSERT INTO `sys_tenant_resource` VALUES (36, 1, 85, NULL, '2022-11-10 17:15:16', 13, '2022-12-20 14:56:37', 1);
INSERT INTO `sys_tenant_resource` VALUES (37, 1, 79, NULL, '2022-11-10 17:15:16', 13, '2022-12-20 14:56:37', 1);
INSERT INTO `sys_tenant_resource` VALUES (38, 1, 82, NULL, '2022-11-10 17:15:16', 13, '2022-12-20 14:56:37', 1);
INSERT INTO `sys_tenant_resource` VALUES (39, 1, 80, NULL, '2022-11-10 17:15:16', 13, '2022-12-20 14:56:37', 1);
INSERT INTO `sys_tenant_resource` VALUES (40, 1, 81, NULL, '2022-11-10 17:15:16', 13, '2022-12-20 14:56:37', 1);
INSERT INTO `sys_tenant_resource` VALUES (41, 1, 28, NULL, '2022-11-10 17:15:16', 13, '2022-12-20 14:56:37', 1);
INSERT INTO `sys_tenant_resource` VALUES (42, 1, 32, NULL, '2022-11-10 17:15:16', 13, '2022-12-20 14:56:37', 1);
INSERT INTO `sys_tenant_resource` VALUES (43, 1, 39, NULL, '2022-11-10 17:15:16', 13, '2022-12-20 14:56:37', 1);
INSERT INTO `sys_tenant_resource` VALUES (44, 1, 33, NULL, '2022-11-10 17:15:16', 13, '2022-12-20 14:56:37', 1);
INSERT INTO `sys_tenant_resource` VALUES (45, 1, 34, NULL, '2022-11-10 17:15:16', 13, '2022-12-20 14:56:37', 1);
INSERT INTO `sys_tenant_resource` VALUES (46, 1, 40, NULL, '2022-11-10 17:15:16', 13, '2022-12-20 14:56:37', 1);
INSERT INTO `sys_tenant_resource` VALUES (47, 1, 31, NULL, '2022-11-10 17:15:16', 13, '2022-12-20 14:56:37', 1);
INSERT INTO `sys_tenant_resource` VALUES (48, 1, 69, NULL, '2022-11-10 17:15:16', 13, '2022-12-20 14:56:37', 1);
INSERT INTO `sys_tenant_resource` VALUES (49, 1, 70, NULL, '2022-11-10 17:15:16', 13, '2022-12-20 14:56:37', 1);
INSERT INTO `sys_tenant_resource` VALUES (50, 1, 71, NULL, '2022-11-10 17:15:16', 13, '2022-12-20 14:56:37', 1);
INSERT INTO `sys_tenant_resource` VALUES (51, 1, 72, NULL, '2022-11-10 17:15:16', 13, '2022-12-20 14:56:37', 1);
INSERT INTO `sys_tenant_resource` VALUES (52, 1, 73, NULL, '2022-11-10 17:15:16', 13, '2022-12-20 14:56:37', 1);
INSERT INTO `sys_tenant_resource` VALUES (53, 1, 68, NULL, '2022-11-10 17:15:16', 13, '2022-12-20 14:56:37', 1);
INSERT INTO `sys_tenant_resource` VALUES (54, 1, 42, NULL, '2022-11-10 17:15:16', 13, '2022-12-20 14:56:37', 1);
INSERT INTO `sys_tenant_resource` VALUES (55, 1, 43, NULL, '2022-11-10 17:15:16', 13, '2022-12-20 14:56:37', 1);
INSERT INTO `sys_tenant_resource` VALUES (56, 1, 44, NULL, '2022-11-10 17:15:16', 13, '2022-12-20 14:56:37', 1);
INSERT INTO `sys_tenant_resource` VALUES (57, 1, 45, NULL, '2022-11-10 17:15:16', 13, '2022-12-20 14:56:37', 1);
INSERT INTO `sys_tenant_resource` VALUES (58, 1, 41, NULL, '2022-11-10 17:15:16', 13, '2022-12-20 14:56:37', 1);
INSERT INTO `sys_tenant_resource` VALUES (59, 1, 37, NULL, '2022-11-10 17:15:16', 13, '2022-12-20 14:56:37', 1);
INSERT INTO `sys_tenant_resource` VALUES (60, 1, 38, NULL, '2022-11-10 17:15:16', 13, '2022-12-20 14:56:37', 1);
INSERT INTO `sys_tenant_resource` VALUES (61, 1, 46, NULL, '2022-11-10 17:15:16', 13, '2022-12-20 14:56:37', 1);
INSERT INTO `sys_tenant_resource` VALUES (62, 1, 59, NULL, '2022-11-10 17:15:16', 13, '2022-12-20 14:56:37', 1);
INSERT INTO `sys_tenant_resource` VALUES (63, 1, 60, NULL, '2022-11-10 17:15:16', 13, '2022-12-20 14:56:37', 1);
INSERT INTO `sys_tenant_resource` VALUES (64, 1, 61, NULL, '2022-11-10 17:15:16', 13, '2022-12-20 14:56:37', 1);
INSERT INTO `sys_tenant_resource` VALUES (65, 1, 66, NULL, '2022-11-10 17:15:16', 13, '2022-12-20 14:56:37', 1);
INSERT INTO `sys_tenant_resource` VALUES (66, 1, 64, NULL, '2022-11-10 17:15:16', 13, '2022-12-20 14:56:37', 1);
INSERT INTO `sys_tenant_resource` VALUES (67, 1, 47, NULL, '2022-11-10 17:15:16', 13, '2022-12-20 14:56:37', 1);
INSERT INTO `sys_tenant_resource` VALUES (68, 1, 62, NULL, '2022-11-10 17:15:16', 13, '2022-12-20 14:56:37', 1);
INSERT INTO `sys_tenant_resource` VALUES (69, 1, 67, NULL, '2022-11-10 17:15:16', 13, '2022-12-20 14:56:37', 1);
INSERT INTO `sys_tenant_resource` VALUES (70, 1, 63, NULL, '2022-11-10 17:15:16', 13, '2022-12-20 14:56:37', 1);
INSERT INTO `sys_tenant_resource` VALUES (71, 1, 65, NULL, '2022-11-10 17:15:16', 13, '2022-12-20 14:56:37', 1);
INSERT INTO `sys_tenant_resource` VALUES (72, 1, 48, NULL, '2022-11-10 17:15:16', 13, '2022-12-20 14:56:37', 1);
INSERT INTO `sys_tenant_resource` VALUES (1109, 5, 9, NULL, '2022-11-16 17:40:02', 13, '2022-12-20 14:56:43', 1);
INSERT INTO `sys_tenant_resource` VALUES (1110, 5, 1, NULL, '2022-11-16 17:40:02', 13, '2022-12-20 14:56:43', 1);
INSERT INTO `sys_tenant_resource` VALUES (1111, 5, 13, NULL, '2022-11-16 17:40:02', 13, '2022-12-20 14:56:43', 1);
INSERT INTO `sys_tenant_resource` VALUES (1112, 5, 11, NULL, '2022-11-16 17:40:02', 13, '2022-12-20 14:56:43', 1);
INSERT INTO `sys_tenant_resource` VALUES (1113, 5, 12, NULL, '2022-11-16 17:40:02', 13, '2022-12-20 14:56:43', 1);
INSERT INTO `sys_tenant_resource` VALUES (1114, 5, 6, NULL, '2022-11-16 17:40:02', 13, '2022-12-20 14:56:43', 1);
INSERT INTO `sys_tenant_resource` VALUES (1115, 5, 7, NULL, '2022-11-16 17:40:02', 13, '2022-12-20 14:56:43', 1);
INSERT INTO `sys_tenant_resource` VALUES (1116, 5, 8, NULL, '2022-11-16 17:40:02', 13, '2022-12-20 14:56:43', 1);
INSERT INTO `sys_tenant_resource` VALUES (1117, 5, 10, NULL, '2022-11-16 17:40:02', 13, '2022-12-20 14:56:43', 1);
INSERT INTO `sys_tenant_resource` VALUES (1118, 5, 49, NULL, '2022-11-16 17:40:02', 13, '2022-12-20 14:56:43', 1);
INSERT INTO `sys_tenant_resource` VALUES (1119, 5, 4, NULL, '2022-11-16 17:40:02', 13, '2022-12-20 14:56:43', 1);
INSERT INTO `sys_tenant_resource` VALUES (1120, 5, 3, NULL, '2022-11-16 17:40:02', 13, '2022-12-20 14:56:43', 1);
INSERT INTO `sys_tenant_resource` VALUES (1121, 5, 2, NULL, '2022-11-16 17:40:02', 13, '2022-12-20 14:56:43', 1);
INSERT INTO `sys_tenant_resource` VALUES (1122, 5, 14, NULL, '2022-11-16 17:40:02', 13, '2022-12-20 14:56:43', 1);
INSERT INTO `sys_tenant_resource` VALUES (1123, 5, 15, NULL, '2022-11-16 17:40:02', 13, '2022-12-20 14:56:43', 1);
INSERT INTO `sys_tenant_resource` VALUES (1124, 5, 16, NULL, '2022-11-16 17:40:02', 13, '2022-12-20 14:56:43', 1);
INSERT INTO `sys_tenant_resource` VALUES (1125, 5, 17, NULL, '2022-11-16 17:40:02', 13, '2022-12-20 14:56:43', 1);
INSERT INTO `sys_tenant_resource` VALUES (1126, 5, 18, NULL, '2022-11-16 17:40:02', 13, '2022-12-20 14:56:43', 1);
INSERT INTO `sys_tenant_resource` VALUES (1127, 5, 19, NULL, '2022-11-16 17:40:02', 13, '2022-12-20 14:56:43', 1);
INSERT INTO `sys_tenant_resource` VALUES (1128, 5, 20, NULL, '2022-11-16 17:40:02', 13, '2022-12-20 14:56:43', 1);
INSERT INTO `sys_tenant_resource` VALUES (1129, 5, 21, NULL, '2022-11-16 17:40:02', 13, '2022-12-20 14:56:43', 1);
INSERT INTO `sys_tenant_resource` VALUES (1130, 5, 5, NULL, '2022-11-16 17:40:02', 13, '2022-12-20 14:56:43', 1);
INSERT INTO `sys_tenant_resource` VALUES (1131, 5, 23, NULL, '2022-11-16 17:40:02', 13, '2022-12-20 14:56:43', 1);
INSERT INTO `sys_tenant_resource` VALUES (1132, 5, 24, NULL, '2022-11-16 17:40:02', 13, '2022-12-20 14:56:43', 1);
INSERT INTO `sys_tenant_resource` VALUES (1133, 5, 25, NULL, '2022-11-16 17:40:02', 13, '2022-12-20 14:56:43', 1);
INSERT INTO `sys_tenant_resource` VALUES (1134, 5, 26, NULL, '2022-11-16 17:40:02', 13, '2022-12-20 14:56:43', 1);
INSERT INTO `sys_tenant_resource` VALUES (1135, 5, 29, NULL, '2022-11-16 17:40:02', 13, '2022-12-20 14:56:43', 1);
INSERT INTO `sys_tenant_resource` VALUES (1136, 5, 22, NULL, '2022-11-16 17:40:02', 13, '2022-12-20 14:56:43', 1);
INSERT INTO `sys_tenant_resource` VALUES (1137, 5, 74, NULL, '2022-11-16 17:40:02', 13, '2022-12-20 14:56:43', 1);
INSERT INTO `sys_tenant_resource` VALUES (1138, 5, 75, NULL, '2022-11-16 17:40:02', 13, '2022-12-20 14:56:43', 1);
INSERT INTO `sys_tenant_resource` VALUES (1139, 5, 76, NULL, '2022-11-16 17:40:02', 13, '2022-12-20 14:56:43', 1);
INSERT INTO `sys_tenant_resource` VALUES (1140, 5, 83, NULL, '2022-11-16 17:40:02', 13, '2022-12-20 14:56:43', 1);
INSERT INTO `sys_tenant_resource` VALUES (1141, 5, 84, NULL, '2022-11-16 17:40:02', 13, '2022-12-20 14:56:43', 1);
INSERT INTO `sys_tenant_resource` VALUES (1142, 5, 77, NULL, '2022-11-16 17:40:02', 13, '2022-12-20 14:56:43', 1);
INSERT INTO `sys_tenant_resource` VALUES (1143, 5, 78, NULL, '2022-11-16 17:40:02', 13, '2022-12-20 14:56:43', 1);
INSERT INTO `sys_tenant_resource` VALUES (1144, 5, 85, NULL, '2022-11-16 17:40:02', 13, '2022-12-20 14:56:43', 1);
INSERT INTO `sys_tenant_resource` VALUES (1145, 5, 79, NULL, '2022-11-16 17:40:02', 13, '2022-12-20 14:56:43', 1);
INSERT INTO `sys_tenant_resource` VALUES (1146, 5, 82, NULL, '2022-11-16 17:40:02', 13, '2022-12-20 14:56:43', 1);
INSERT INTO `sys_tenant_resource` VALUES (1147, 5, 80, NULL, '2022-11-16 17:40:02', 13, '2022-12-20 14:56:43', 1);
INSERT INTO `sys_tenant_resource` VALUES (1148, 5, 81, NULL, '2022-11-16 17:40:02', 13, '2022-12-20 14:56:43', 1);
INSERT INTO `sys_tenant_resource` VALUES (1149, 5, 28, NULL, '2022-11-16 17:40:02', 13, '2022-12-20 14:56:43', 1);
INSERT INTO `sys_tenant_resource` VALUES (1150, 5, 32, NULL, '2022-11-16 17:40:02', 13, '2022-12-20 14:56:43', 1);
INSERT INTO `sys_tenant_resource` VALUES (1151, 5, 39, NULL, '2022-11-16 17:40:02', 13, '2022-12-20 14:56:43', 1);
INSERT INTO `sys_tenant_resource` VALUES (1152, 5, 33, NULL, '2022-11-16 17:40:02', 13, '2022-12-20 14:56:43', 1);
INSERT INTO `sys_tenant_resource` VALUES (1153, 5, 34, NULL, '2022-11-16 17:40:02', 13, '2022-12-20 14:56:43', 1);
INSERT INTO `sys_tenant_resource` VALUES (1154, 5, 40, NULL, '2022-11-16 17:40:02', 13, '2022-12-20 14:56:43', 1);
INSERT INTO `sys_tenant_resource` VALUES (1155, 5, 31, NULL, '2022-11-16 17:40:02', 13, '2022-12-20 14:56:43', 1);
INSERT INTO `sys_tenant_resource` VALUES (1156, 5, 69, NULL, '2022-11-16 17:40:02', 13, '2022-12-20 14:56:43', 1);
INSERT INTO `sys_tenant_resource` VALUES (1157, 5, 70, NULL, '2022-11-16 17:40:02', 13, '2022-12-20 14:56:43', 1);
INSERT INTO `sys_tenant_resource` VALUES (1158, 5, 71, NULL, '2022-11-16 17:40:02', 13, '2022-12-20 14:56:43', 1);
INSERT INTO `sys_tenant_resource` VALUES (1159, 5, 72, NULL, '2022-11-16 17:40:02', 13, '2022-12-20 14:56:43', 1);
INSERT INTO `sys_tenant_resource` VALUES (1160, 5, 73, NULL, '2022-11-16 17:40:02', 13, '2022-12-20 14:56:43', 1);
INSERT INTO `sys_tenant_resource` VALUES (1161, 5, 68, NULL, '2022-11-16 17:40:02', 13, '2022-12-20 14:56:43', 1);
INSERT INTO `sys_tenant_resource` VALUES (1162, 5, 42, NULL, '2022-11-16 17:40:02', 13, '2022-12-20 14:56:43', 1);
INSERT INTO `sys_tenant_resource` VALUES (1163, 5, 43, NULL, '2022-11-16 17:40:02', 13, '2022-12-20 14:56:43', 1);
INSERT INTO `sys_tenant_resource` VALUES (1164, 5, 44, NULL, '2022-11-16 17:40:02', 13, '2022-12-20 14:56:43', 1);
INSERT INTO `sys_tenant_resource` VALUES (1165, 5, 45, NULL, '2022-11-16 17:40:02', 13, '2022-12-20 14:56:43', 1);
INSERT INTO `sys_tenant_resource` VALUES (1166, 5, 41, NULL, '2022-11-16 17:40:02', 13, '2022-12-20 14:56:43', 1);
INSERT INTO `sys_tenant_resource` VALUES (1167, 5, 37, NULL, '2022-11-16 17:40:02', 13, '2022-12-20 14:56:43', 1);
INSERT INTO `sys_tenant_resource` VALUES (1168, 5, 38, NULL, '2022-11-16 17:40:02', 13, '2022-12-20 14:56:43', 1);
INSERT INTO `sys_tenant_resource` VALUES (1169, 5, 46, NULL, '2022-11-16 17:40:02', 13, '2022-12-20 14:56:43', 1);
INSERT INTO `sys_tenant_resource` VALUES (1170, 5, 59, NULL, '2022-11-16 17:40:02', 13, '2022-12-20 14:56:43', 1);
INSERT INTO `sys_tenant_resource` VALUES (1171, 5, 60, NULL, '2022-11-16 17:40:02', 13, '2022-12-20 14:56:43', 1);
INSERT INTO `sys_tenant_resource` VALUES (1172, 5, 61, NULL, '2022-11-16 17:40:02', 13, '2022-12-20 14:56:43', 1);
INSERT INTO `sys_tenant_resource` VALUES (1173, 5, 66, NULL, '2022-11-16 17:40:02', 13, '2022-12-20 14:56:43', 1);
INSERT INTO `sys_tenant_resource` VALUES (1174, 5, 64, NULL, '2022-11-16 17:40:02', 13, '2022-12-20 14:56:43', 1);
INSERT INTO `sys_tenant_resource` VALUES (1175, 5, 47, NULL, '2022-11-16 17:40:02', 13, '2022-12-20 14:56:43', 1);
INSERT INTO `sys_tenant_resource` VALUES (1176, 5, 62, NULL, '2022-11-16 17:40:02', 13, '2022-12-20 14:56:43', 1);
INSERT INTO `sys_tenant_resource` VALUES (1177, 5, 67, NULL, '2022-11-16 17:40:02', 13, '2022-12-20 14:56:43', 1);
INSERT INTO `sys_tenant_resource` VALUES (1178, 5, 63, NULL, '2022-11-16 17:40:02', 13, '2022-12-20 14:56:43', 1);
INSERT INTO `sys_tenant_resource` VALUES (1179, 5, 65, NULL, '2022-11-16 17:40:02', 13, '2022-12-20 14:56:43', 1);
INSERT INTO `sys_tenant_resource` VALUES (1180, 5, 48, NULL, '2022-11-16 17:40:02', 13, '2022-12-20 14:56:43', 1);
INSERT INTO `sys_tenant_resource` VALUES (1181, 1, 1, 13, '2022-12-20 14:56:37', 13, '2023-06-20 09:21:13', 1);
INSERT INTO `sys_tenant_resource` VALUES (1182, 1, 2, 13, '2022-12-20 14:56:37', 13, '2023-06-20 09:21:13', 1);
INSERT INTO `sys_tenant_resource` VALUES (1183, 1, 3, 13, '2022-12-20 14:56:37', 13, '2023-06-20 09:21:13', 1);
INSERT INTO `sys_tenant_resource` VALUES (1184, 1, 6, 13, '2022-12-20 14:56:37', 13, '2023-06-20 09:21:13', 1);
INSERT INTO `sys_tenant_resource` VALUES (1185, 1, 7, 13, '2022-12-20 14:56:37', 13, '2023-06-20 09:21:13', 1);
INSERT INTO `sys_tenant_resource` VALUES (1186, 1, 8, 13, '2022-12-20 14:56:37', 13, '2023-06-20 09:21:13', 1);
INSERT INTO `sys_tenant_resource` VALUES (1187, 1, 10, 13, '2022-12-20 14:56:37', 13, '2023-06-20 09:21:13', 1);
INSERT INTO `sys_tenant_resource` VALUES (1188, 1, 11, 13, '2022-12-20 14:56:37', 13, '2023-06-20 09:21:13', 1);
INSERT INTO `sys_tenant_resource` VALUES (1189, 1, 12, 13, '2022-12-20 14:56:37', 13, '2023-06-20 09:21:13', 1);
INSERT INTO `sys_tenant_resource` VALUES (1190, 1, 13, 13, '2022-12-20 14:56:37', 13, '2023-06-20 09:21:13', 1);
INSERT INTO `sys_tenant_resource` VALUES (1191, 1, 49, 13, '2022-12-20 14:56:37', 13, '2023-06-20 09:21:13', 1);
INSERT INTO `sys_tenant_resource` VALUES (1192, 1, 4, 13, '2022-12-20 14:56:37', 13, '2023-06-20 09:21:13', 1);
INSERT INTO `sys_tenant_resource` VALUES (1193, 1, 14, 13, '2022-12-20 14:56:37', 13, '2023-06-20 09:21:13', 1);
INSERT INTO `sys_tenant_resource` VALUES (1194, 1, 15, 13, '2022-12-20 14:56:37', 13, '2023-06-20 09:21:13', 1);
INSERT INTO `sys_tenant_resource` VALUES (1195, 1, 16, 13, '2022-12-20 14:56:37', 13, '2023-06-20 09:21:13', 1);
INSERT INTO `sys_tenant_resource` VALUES (1196, 1, 17, 13, '2022-12-20 14:56:37', 13, '2023-06-20 09:21:13', 1);
INSERT INTO `sys_tenant_resource` VALUES (1197, 1, 18, 13, '2022-12-20 14:56:37', 13, '2023-06-20 09:21:13', 1);
INSERT INTO `sys_tenant_resource` VALUES (1198, 1, 19, 13, '2022-12-20 14:56:37', 13, '2023-06-20 09:21:13', 1);
INSERT INTO `sys_tenant_resource` VALUES (1199, 1, 20, 13, '2022-12-20 14:56:37', 13, '2023-06-20 09:21:13', 1);
INSERT INTO `sys_tenant_resource` VALUES (1200, 1, 21, 13, '2022-12-20 14:56:37', 13, '2023-06-20 09:21:13', 1);
INSERT INTO `sys_tenant_resource` VALUES (1201, 1, 5, 13, '2022-12-20 14:56:37', 13, '2023-06-20 09:21:13', 1);
INSERT INTO `sys_tenant_resource` VALUES (1202, 1, 23, 13, '2022-12-20 14:56:37', 13, '2023-06-20 09:21:13', 1);
INSERT INTO `sys_tenant_resource` VALUES (1203, 1, 24, 13, '2022-12-20 14:56:37', 13, '2023-06-20 09:21:13', 1);
INSERT INTO `sys_tenant_resource` VALUES (1204, 1, 25, 13, '2022-12-20 14:56:37', 13, '2023-06-20 09:21:13', 1);
INSERT INTO `sys_tenant_resource` VALUES (1205, 1, 26, 13, '2022-12-20 14:56:37', 13, '2023-06-20 09:21:13', 1);
INSERT INTO `sys_tenant_resource` VALUES (1206, 1, 29, 13, '2022-12-20 14:56:37', 13, '2023-06-20 09:21:13', 1);
INSERT INTO `sys_tenant_resource` VALUES (1207, 1, 22, 13, '2022-12-20 14:56:37', 13, '2023-06-20 09:21:13', 1);
INSERT INTO `sys_tenant_resource` VALUES (1208, 1, 74, 13, '2022-12-20 14:56:37', 13, '2023-06-20 09:21:13', 1);
INSERT INTO `sys_tenant_resource` VALUES (1209, 1, 75, 13, '2022-12-20 14:56:37', 13, '2023-06-20 09:21:13', 1);
INSERT INTO `sys_tenant_resource` VALUES (1210, 1, 76, 13, '2022-12-20 14:56:37', 13, '2023-06-20 09:21:13', 1);
INSERT INTO `sys_tenant_resource` VALUES (1211, 1, 77, 13, '2022-12-20 14:56:37', 13, '2023-06-20 09:21:13', 1);
INSERT INTO `sys_tenant_resource` VALUES (1212, 1, 78, 13, '2022-12-20 14:56:37', 13, '2023-06-20 09:21:13', 1);
INSERT INTO `sys_tenant_resource` VALUES (1213, 1, 79, 13, '2022-12-20 14:56:37', 13, '2023-06-20 09:21:13', 1);
INSERT INTO `sys_tenant_resource` VALUES (1214, 1, 80, 13, '2022-12-20 14:56:37', 13, '2023-06-20 09:21:13', 1);
INSERT INTO `sys_tenant_resource` VALUES (1215, 1, 81, 13, '2022-12-20 14:56:37', 13, '2023-06-20 09:21:13', 1);
INSERT INTO `sys_tenant_resource` VALUES (1216, 1, 82, 13, '2022-12-20 14:56:37', 13, '2023-06-20 09:21:13', 1);
INSERT INTO `sys_tenant_resource` VALUES (1217, 1, 83, 13, '2022-12-20 14:56:37', 13, '2023-06-20 09:21:13', 1);
INSERT INTO `sys_tenant_resource` VALUES (1218, 1, 84, 13, '2022-12-20 14:56:37', 13, '2023-06-20 09:21:13', 1);
INSERT INTO `sys_tenant_resource` VALUES (1219, 1, 85, 13, '2022-12-20 14:56:37', 13, '2023-06-20 09:21:13', 1);
INSERT INTO `sys_tenant_resource` VALUES (1220, 1, 28, 13, '2022-12-20 14:56:37', 13, '2023-06-20 09:21:13', 1);
INSERT INTO `sys_tenant_resource` VALUES (1221, 1, 32, 13, '2022-12-20 14:56:37', 13, '2023-06-20 09:21:13', 1);
INSERT INTO `sys_tenant_resource` VALUES (1222, 1, 33, 13, '2022-12-20 14:56:37', 13, '2023-06-20 09:21:13', 1);
INSERT INTO `sys_tenant_resource` VALUES (1223, 1, 34, 13, '2022-12-20 14:56:37', 13, '2023-06-20 09:21:13', 1);
INSERT INTO `sys_tenant_resource` VALUES (1224, 1, 39, 13, '2022-12-20 14:56:37', 13, '2023-06-20 09:21:13', 1);
INSERT INTO `sys_tenant_resource` VALUES (1225, 1, 40, 13, '2022-12-20 14:56:37', 13, '2023-06-20 09:21:13', 1);
INSERT INTO `sys_tenant_resource` VALUES (1226, 1, 31, 13, '2022-12-20 14:56:37', 13, '2023-06-20 09:21:13', 1);
INSERT INTO `sys_tenant_resource` VALUES (1227, 1, 42, 13, '2022-12-20 14:56:37', 13, '2023-06-20 09:21:13', 1);
INSERT INTO `sys_tenant_resource` VALUES (1228, 1, 43, 13, '2022-12-20 14:56:37', 13, '2023-06-20 09:21:13', 1);
INSERT INTO `sys_tenant_resource` VALUES (1229, 1, 44, 13, '2022-12-20 14:56:37', 13, '2023-06-20 09:21:13', 1);
INSERT INTO `sys_tenant_resource` VALUES (1230, 1, 45, 13, '2022-12-20 14:56:37', 13, '2023-06-20 09:21:13', 1);
INSERT INTO `sys_tenant_resource` VALUES (1231, 1, 41, 13, '2022-12-20 14:56:37', 13, '2023-06-20 09:21:13', 1);
INSERT INTO `sys_tenant_resource` VALUES (1232, 1, 69, 13, '2022-12-20 14:56:37', 13, '2023-06-20 09:21:13', 1);
INSERT INTO `sys_tenant_resource` VALUES (1233, 1, 70, 13, '2022-12-20 14:56:37', 13, '2023-06-20 09:21:13', 1);
INSERT INTO `sys_tenant_resource` VALUES (1234, 1, 71, 13, '2022-12-20 14:56:37', 13, '2023-06-20 09:21:13', 1);
INSERT INTO `sys_tenant_resource` VALUES (1235, 1, 72, 13, '2022-12-20 14:56:37', 13, '2023-06-20 09:21:13', 1);
INSERT INTO `sys_tenant_resource` VALUES (1236, 1, 73, 13, '2022-12-20 14:56:37', 13, '2023-06-20 09:21:13', 1);
INSERT INTO `sys_tenant_resource` VALUES (1237, 1, 68, 13, '2022-12-20 14:56:37', 13, '2023-06-20 09:21:13', 1);
INSERT INTO `sys_tenant_resource` VALUES (1238, 1, 9, 13, '2022-12-20 14:56:37', 13, '2023-06-20 09:21:13', 1);
INSERT INTO `sys_tenant_resource` VALUES (1239, 1, 37, 13, '2022-12-20 14:56:37', 13, '2023-06-20 09:21:13', 1);
INSERT INTO `sys_tenant_resource` VALUES (1240, 1, 38, 13, '2022-12-20 14:56:37', 13, '2023-06-20 09:21:13', 1);
INSERT INTO `sys_tenant_resource` VALUES (1241, 1, 46, 13, '2022-12-20 14:56:37', 13, '2023-06-20 09:21:13', 1);
INSERT INTO `sys_tenant_resource` VALUES (1242, 1, 59, 13, '2022-12-20 14:56:37', 13, '2023-06-20 09:21:13', 1);
INSERT INTO `sys_tenant_resource` VALUES (1243, 1, 60, 13, '2022-12-20 14:56:37', 13, '2023-06-20 09:21:13', 1);
INSERT INTO `sys_tenant_resource` VALUES (1244, 1, 61, 13, '2022-12-20 14:56:37', 13, '2023-06-20 09:21:13', 1);
INSERT INTO `sys_tenant_resource` VALUES (1245, 1, 64, 13, '2022-12-20 14:56:37', 13, '2023-06-20 09:21:13', 1);
INSERT INTO `sys_tenant_resource` VALUES (1246, 1, 66, 13, '2022-12-20 14:56:37', 13, '2023-06-20 09:21:13', 1);
INSERT INTO `sys_tenant_resource` VALUES (1247, 1, 47, 13, '2022-12-20 14:56:37', 13, '2023-06-20 09:21:13', 1);
INSERT INTO `sys_tenant_resource` VALUES (1248, 1, 62, 13, '2022-12-20 14:56:37', 13, '2023-06-20 09:21:13', 1);
INSERT INTO `sys_tenant_resource` VALUES (1249, 1, 63, 13, '2022-12-20 14:56:37', 13, '2023-06-20 09:21:13', 1);
INSERT INTO `sys_tenant_resource` VALUES (1250, 1, 65, 13, '2022-12-20 14:56:37', 13, '2023-06-20 09:21:13', 1);
INSERT INTO `sys_tenant_resource` VALUES (1251, 1, 67, 13, '2022-12-20 14:56:37', 13, '2023-06-20 09:21:13', 1);
INSERT INTO `sys_tenant_resource` VALUES (1252, 1, 48, 13, '2022-12-20 14:56:37', 13, '2023-06-20 09:21:13', 1);
INSERT INTO `sys_tenant_resource` VALUES (1253, 1, 86, 13, '2022-12-20 14:56:37', 13, '2023-06-20 09:21:13', 1);
INSERT INTO `sys_tenant_resource` VALUES (1254, 1, 87, 13, '2022-12-20 14:56:37', 13, '2023-06-20 09:21:13', 1);
INSERT INTO `sys_tenant_resource` VALUES (1255, 5, 1, 13, '2022-12-20 14:56:43', 13, '2023-06-20 09:21:04', 1);
INSERT INTO `sys_tenant_resource` VALUES (1256, 5, 2, 13, '2022-12-20 14:56:43', 13, '2023-06-20 09:21:04', 1);
INSERT INTO `sys_tenant_resource` VALUES (1257, 5, 3, 13, '2022-12-20 14:56:43', 13, '2023-06-20 09:21:04', 1);
INSERT INTO `sys_tenant_resource` VALUES (1258, 5, 6, 13, '2022-12-20 14:56:43', 13, '2023-06-20 09:21:04', 1);
INSERT INTO `sys_tenant_resource` VALUES (1259, 5, 7, 13, '2022-12-20 14:56:43', 13, '2023-06-20 09:21:04', 1);
INSERT INTO `sys_tenant_resource` VALUES (1260, 5, 8, 13, '2022-12-20 14:56:43', 13, '2023-06-20 09:21:04', 1);
INSERT INTO `sys_tenant_resource` VALUES (1261, 5, 10, 13, '2022-12-20 14:56:43', 13, '2023-06-20 09:21:04', 1);
INSERT INTO `sys_tenant_resource` VALUES (1262, 5, 11, 13, '2022-12-20 14:56:43', 13, '2023-06-20 09:21:04', 1);
INSERT INTO `sys_tenant_resource` VALUES (1263, 5, 12, 13, '2022-12-20 14:56:43', 13, '2023-06-20 09:21:04', 1);
INSERT INTO `sys_tenant_resource` VALUES (1264, 5, 13, 13, '2022-12-20 14:56:43', 13, '2023-06-20 09:21:04', 1);
INSERT INTO `sys_tenant_resource` VALUES (1265, 5, 49, 13, '2022-12-20 14:56:43', 13, '2023-06-20 09:21:04', 1);
INSERT INTO `sys_tenant_resource` VALUES (1266, 5, 4, 13, '2022-12-20 14:56:43', 13, '2023-06-20 09:21:04', 1);
INSERT INTO `sys_tenant_resource` VALUES (1267, 5, 14, 13, '2022-12-20 14:56:43', 13, '2023-06-20 09:21:04', 1);
INSERT INTO `sys_tenant_resource` VALUES (1268, 5, 15, 13, '2022-12-20 14:56:43', 13, '2023-06-20 09:21:04', 1);
INSERT INTO `sys_tenant_resource` VALUES (1269, 5, 16, 13, '2022-12-20 14:56:43', 13, '2023-06-20 09:21:04', 1);
INSERT INTO `sys_tenant_resource` VALUES (1270, 5, 17, 13, '2022-12-20 14:56:43', 13, '2023-06-20 09:21:04', 1);
INSERT INTO `sys_tenant_resource` VALUES (1271, 5, 18, 13, '2022-12-20 14:56:43', 13, '2023-06-20 09:21:04', 1);
INSERT INTO `sys_tenant_resource` VALUES (1272, 5, 19, 13, '2022-12-20 14:56:43', 13, '2023-06-20 09:21:04', 1);
INSERT INTO `sys_tenant_resource` VALUES (1273, 5, 20, 13, '2022-12-20 14:56:43', 13, '2023-06-20 09:21:04', 1);
INSERT INTO `sys_tenant_resource` VALUES (1274, 5, 21, 13, '2022-12-20 14:56:43', 13, '2023-06-20 09:21:04', 1);
INSERT INTO `sys_tenant_resource` VALUES (1275, 5, 5, 13, '2022-12-20 14:56:43', 13, '2023-06-20 09:21:04', 1);
INSERT INTO `sys_tenant_resource` VALUES (1276, 5, 23, 13, '2022-12-20 14:56:43', 13, '2023-06-20 09:21:04', 1);
INSERT INTO `sys_tenant_resource` VALUES (1277, 5, 24, 13, '2022-12-20 14:56:43', 13, '2023-06-20 09:21:04', 1);
INSERT INTO `sys_tenant_resource` VALUES (1278, 5, 25, 13, '2022-12-20 14:56:43', 13, '2023-06-20 09:21:04', 1);
INSERT INTO `sys_tenant_resource` VALUES (1279, 5, 26, 13, '2022-12-20 14:56:43', 13, '2023-06-20 09:21:04', 1);
INSERT INTO `sys_tenant_resource` VALUES (1280, 5, 29, 13, '2022-12-20 14:56:43', 13, '2023-06-20 09:21:04', 1);
INSERT INTO `sys_tenant_resource` VALUES (1281, 5, 22, 13, '2022-12-20 14:56:43', 13, '2023-06-20 09:21:04', 1);
INSERT INTO `sys_tenant_resource` VALUES (1282, 5, 74, 13, '2022-12-20 14:56:43', 13, '2023-06-20 09:21:04', 1);
INSERT INTO `sys_tenant_resource` VALUES (1283, 5, 75, 13, '2022-12-20 14:56:43', 13, '2023-06-20 09:21:04', 1);
INSERT INTO `sys_tenant_resource` VALUES (1284, 5, 76, 13, '2022-12-20 14:56:43', 13, '2023-06-20 09:21:04', 1);
INSERT INTO `sys_tenant_resource` VALUES (1285, 5, 77, 13, '2022-12-20 14:56:43', 13, '2023-06-20 09:21:04', 1);
INSERT INTO `sys_tenant_resource` VALUES (1286, 5, 78, 13, '2022-12-20 14:56:43', 13, '2023-06-20 09:21:04', 1);
INSERT INTO `sys_tenant_resource` VALUES (1287, 5, 79, 13, '2022-12-20 14:56:43', 13, '2023-06-20 09:21:04', 1);
INSERT INTO `sys_tenant_resource` VALUES (1288, 5, 80, 13, '2022-12-20 14:56:43', 13, '2023-06-20 09:21:04', 1);
INSERT INTO `sys_tenant_resource` VALUES (1289, 5, 81, 13, '2022-12-20 14:56:43', 13, '2023-06-20 09:21:04', 1);
INSERT INTO `sys_tenant_resource` VALUES (1290, 5, 82, 13, '2022-12-20 14:56:43', 13, '2023-06-20 09:21:04', 1);
INSERT INTO `sys_tenant_resource` VALUES (1291, 5, 83, 13, '2022-12-20 14:56:43', 13, '2023-06-20 09:21:04', 1);
INSERT INTO `sys_tenant_resource` VALUES (1292, 5, 84, 13, '2022-12-20 14:56:43', 13, '2023-06-20 09:21:04', 1);
INSERT INTO `sys_tenant_resource` VALUES (1293, 5, 85, 13, '2022-12-20 14:56:43', 13, '2023-06-20 09:21:04', 1);
INSERT INTO `sys_tenant_resource` VALUES (1294, 5, 28, 13, '2022-12-20 14:56:43', 13, '2023-06-20 09:21:04', 1);
INSERT INTO `sys_tenant_resource` VALUES (1295, 5, 32, 13, '2022-12-20 14:56:43', 13, '2023-06-20 09:21:04', 1);
INSERT INTO `sys_tenant_resource` VALUES (1296, 5, 33, 13, '2022-12-20 14:56:43', 13, '2023-06-20 09:21:04', 1);
INSERT INTO `sys_tenant_resource` VALUES (1297, 5, 34, 13, '2022-12-20 14:56:43', 13, '2023-06-20 09:21:04', 1);
INSERT INTO `sys_tenant_resource` VALUES (1298, 5, 39, 13, '2022-12-20 14:56:43', 13, '2023-06-20 09:21:04', 1);
INSERT INTO `sys_tenant_resource` VALUES (1299, 5, 40, 13, '2022-12-20 14:56:43', 13, '2023-06-20 09:21:04', 1);
INSERT INTO `sys_tenant_resource` VALUES (1300, 5, 31, 13, '2022-12-20 14:56:43', 13, '2023-06-20 09:21:04', 1);
INSERT INTO `sys_tenant_resource` VALUES (1301, 5, 42, 13, '2022-12-20 14:56:43', 13, '2023-06-20 09:21:04', 1);
INSERT INTO `sys_tenant_resource` VALUES (1302, 5, 43, 13, '2022-12-20 14:56:43', 13, '2023-06-20 09:21:04', 1);
INSERT INTO `sys_tenant_resource` VALUES (1303, 5, 44, 13, '2022-12-20 14:56:43', 13, '2023-06-20 09:21:04', 1);
INSERT INTO `sys_tenant_resource` VALUES (1304, 5, 45, 13, '2022-12-20 14:56:43', 13, '2023-06-20 09:21:04', 1);
INSERT INTO `sys_tenant_resource` VALUES (1305, 5, 41, 13, '2022-12-20 14:56:43', 13, '2023-06-20 09:21:04', 1);
INSERT INTO `sys_tenant_resource` VALUES (1306, 5, 69, 13, '2022-12-20 14:56:43', 13, '2023-06-20 09:21:04', 1);
INSERT INTO `sys_tenant_resource` VALUES (1307, 5, 70, 13, '2022-12-20 14:56:43', 13, '2023-06-20 09:21:04', 1);
INSERT INTO `sys_tenant_resource` VALUES (1308, 5, 71, 13, '2022-12-20 14:56:43', 13, '2023-06-20 09:21:04', 1);
INSERT INTO `sys_tenant_resource` VALUES (1309, 5, 72, 13, '2022-12-20 14:56:43', 13, '2023-06-20 09:21:04', 1);
INSERT INTO `sys_tenant_resource` VALUES (1310, 5, 73, 13, '2022-12-20 14:56:43', 13, '2023-06-20 09:21:04', 1);
INSERT INTO `sys_tenant_resource` VALUES (1311, 5, 68, 13, '2022-12-20 14:56:43', 13, '2023-06-20 09:21:04', 1);
INSERT INTO `sys_tenant_resource` VALUES (1312, 5, 9, 13, '2022-12-20 14:56:43', 13, '2023-06-20 09:21:04', 1);
INSERT INTO `sys_tenant_resource` VALUES (1313, 5, 37, 13, '2022-12-20 14:56:43', 13, '2023-06-20 09:21:04', 1);
INSERT INTO `sys_tenant_resource` VALUES (1314, 5, 38, 13, '2022-12-20 14:56:43', 13, '2023-06-20 09:21:04', 1);
INSERT INTO `sys_tenant_resource` VALUES (1315, 5, 46, 13, '2022-12-20 14:56:43', 13, '2023-06-20 09:21:04', 1);
INSERT INTO `sys_tenant_resource` VALUES (1316, 5, 59, 13, '2022-12-20 14:56:43', 13, '2023-06-20 09:21:04', 1);
INSERT INTO `sys_tenant_resource` VALUES (1317, 5, 60, 13, '2022-12-20 14:56:43', 13, '2023-06-20 09:21:04', 1);
INSERT INTO `sys_tenant_resource` VALUES (1318, 5, 61, 13, '2022-12-20 14:56:43', 13, '2023-06-20 09:21:04', 1);
INSERT INTO `sys_tenant_resource` VALUES (1319, 5, 64, 13, '2022-12-20 14:56:43', 13, '2023-06-20 09:21:04', 1);
INSERT INTO `sys_tenant_resource` VALUES (1320, 5, 66, 13, '2022-12-20 14:56:43', 13, '2023-06-20 09:21:04', 1);
INSERT INTO `sys_tenant_resource` VALUES (1321, 5, 47, 13, '2022-12-20 14:56:43', 13, '2023-06-20 09:21:04', 1);
INSERT INTO `sys_tenant_resource` VALUES (1322, 5, 62, 13, '2022-12-20 14:56:43', 13, '2023-06-20 09:21:04', 1);
INSERT INTO `sys_tenant_resource` VALUES (1323, 5, 63, 13, '2022-12-20 14:56:43', 13, '2023-06-20 09:21:04', 1);
INSERT INTO `sys_tenant_resource` VALUES (1324, 5, 65, 13, '2022-12-20 14:56:43', 13, '2023-06-20 09:21:04', 1);
INSERT INTO `sys_tenant_resource` VALUES (1325, 5, 67, 13, '2022-12-20 14:56:43', 13, '2023-06-20 09:21:04', 1);
INSERT INTO `sys_tenant_resource` VALUES (1326, 5, 48, 13, '2022-12-20 14:56:43', 13, '2023-06-20 09:21:04', 1);
INSERT INTO `sys_tenant_resource` VALUES (1327, 5, 86, 13, '2022-12-20 14:56:43', 13, '2023-06-20 09:21:04', 1);
INSERT INTO `sys_tenant_resource` VALUES (1328, 5, 87, 13, '2022-12-20 14:56:43', 13, '2023-06-20 09:21:04', 1);
INSERT INTO `sys_tenant_resource` VALUES (1329, 5, 1, 13, '2023-06-20 09:21:04', 13, '2023-06-25 17:30:55', 1);
INSERT INTO `sys_tenant_resource` VALUES (1330, 5, 2, 13, '2023-06-20 09:21:04', 13, '2023-06-25 17:30:55', 1);
INSERT INTO `sys_tenant_resource` VALUES (1331, 5, 3, 13, '2023-06-20 09:21:04', 13, '2023-06-25 17:30:55', 1);
INSERT INTO `sys_tenant_resource` VALUES (1332, 5, 6, 13, '2023-06-20 09:21:04', 13, '2023-06-25 17:30:55', 1);
INSERT INTO `sys_tenant_resource` VALUES (1333, 5, 7, 13, '2023-06-20 09:21:04', 13, '2023-06-25 17:30:55', 1);
INSERT INTO `sys_tenant_resource` VALUES (1334, 5, 8, 13, '2023-06-20 09:21:04', 13, '2023-06-25 17:30:55', 1);
INSERT INTO `sys_tenant_resource` VALUES (1335, 5, 10, 13, '2023-06-20 09:21:04', 13, '2023-06-25 17:30:55', 1);
INSERT INTO `sys_tenant_resource` VALUES (1336, 5, 11, 13, '2023-06-20 09:21:04', 13, '2023-06-25 17:30:55', 1);
INSERT INTO `sys_tenant_resource` VALUES (1337, 5, 12, 13, '2023-06-20 09:21:04', 13, '2023-06-25 17:30:55', 1);
INSERT INTO `sys_tenant_resource` VALUES (1338, 5, 13, 13, '2023-06-20 09:21:04', 13, '2023-06-25 17:30:55', 1);
INSERT INTO `sys_tenant_resource` VALUES (1339, 5, 49, 13, '2023-06-20 09:21:04', 13, '2023-06-25 17:30:55', 1);
INSERT INTO `sys_tenant_resource` VALUES (1340, 5, 4, 13, '2023-06-20 09:21:04', 13, '2023-06-25 17:30:55', 1);
INSERT INTO `sys_tenant_resource` VALUES (1341, 5, 14, 13, '2023-06-20 09:21:04', 13, '2023-06-25 17:30:55', 1);
INSERT INTO `sys_tenant_resource` VALUES (1342, 5, 15, 13, '2023-06-20 09:21:04', 13, '2023-06-25 17:30:55', 1);
INSERT INTO `sys_tenant_resource` VALUES (1343, 5, 16, 13, '2023-06-20 09:21:04', 13, '2023-06-25 17:30:55', 1);
INSERT INTO `sys_tenant_resource` VALUES (1344, 5, 17, 13, '2023-06-20 09:21:04', 13, '2023-06-25 17:30:55', 1);
INSERT INTO `sys_tenant_resource` VALUES (1345, 5, 18, 13, '2023-06-20 09:21:04', 13, '2023-06-25 17:30:55', 1);
INSERT INTO `sys_tenant_resource` VALUES (1346, 5, 19, 13, '2023-06-20 09:21:04', 13, '2023-06-25 17:30:55', 1);
INSERT INTO `sys_tenant_resource` VALUES (1347, 5, 20, 13, '2023-06-20 09:21:04', 13, '2023-06-25 17:30:55', 1);
INSERT INTO `sys_tenant_resource` VALUES (1348, 5, 21, 13, '2023-06-20 09:21:04', 13, '2023-06-25 17:30:55', 1);
INSERT INTO `sys_tenant_resource` VALUES (1349, 5, 5, 13, '2023-06-20 09:21:04', 13, '2023-06-25 17:30:55', 1);
INSERT INTO `sys_tenant_resource` VALUES (1350, 5, 23, 13, '2023-06-20 09:21:04', 13, '2023-06-25 17:30:55', 1);
INSERT INTO `sys_tenant_resource` VALUES (1351, 5, 24, 13, '2023-06-20 09:21:04', 13, '2023-06-25 17:30:55', 1);
INSERT INTO `sys_tenant_resource` VALUES (1352, 5, 25, 13, '2023-06-20 09:21:04', 13, '2023-06-25 17:30:55', 1);
INSERT INTO `sys_tenant_resource` VALUES (1353, 5, 26, 13, '2023-06-20 09:21:04', 13, '2023-06-25 17:30:55', 1);
INSERT INTO `sys_tenant_resource` VALUES (1354, 5, 29, 13, '2023-06-20 09:21:04', 13, '2023-06-25 17:30:55', 1);
INSERT INTO `sys_tenant_resource` VALUES (1355, 5, 22, 13, '2023-06-20 09:21:04', 13, '2023-06-25 17:30:55', 1);
INSERT INTO `sys_tenant_resource` VALUES (1356, 5, 74, 13, '2023-06-20 09:21:04', 13, '2023-06-25 17:30:55', 1);
INSERT INTO `sys_tenant_resource` VALUES (1357, 5, 75, 13, '2023-06-20 09:21:04', 13, '2023-06-25 17:30:55', 1);
INSERT INTO `sys_tenant_resource` VALUES (1358, 5, 76, 13, '2023-06-20 09:21:04', 13, '2023-06-25 17:30:55', 1);
INSERT INTO `sys_tenant_resource` VALUES (1359, 5, 77, 13, '2023-06-20 09:21:04', 13, '2023-06-25 17:30:55', 1);
INSERT INTO `sys_tenant_resource` VALUES (1360, 5, 78, 13, '2023-06-20 09:21:04', 13, '2023-06-25 17:30:55', 1);
INSERT INTO `sys_tenant_resource` VALUES (1361, 5, 79, 13, '2023-06-20 09:21:04', 13, '2023-06-25 17:30:55', 1);
INSERT INTO `sys_tenant_resource` VALUES (1362, 5, 80, 13, '2023-06-20 09:21:04', 13, '2023-06-25 17:30:55', 1);
INSERT INTO `sys_tenant_resource` VALUES (1363, 5, 81, 13, '2023-06-20 09:21:04', 13, '2023-06-25 17:30:55', 1);
INSERT INTO `sys_tenant_resource` VALUES (1364, 5, 82, 13, '2023-06-20 09:21:04', 13, '2023-06-25 17:30:55', 1);
INSERT INTO `sys_tenant_resource` VALUES (1365, 5, 83, 13, '2023-06-20 09:21:04', 13, '2023-06-25 17:30:55', 1);
INSERT INTO `sys_tenant_resource` VALUES (1366, 5, 84, 13, '2023-06-20 09:21:04', 13, '2023-06-25 17:30:55', 1);
INSERT INTO `sys_tenant_resource` VALUES (1367, 5, 85, 13, '2023-06-20 09:21:04', 13, '2023-06-25 17:30:55', 1);
INSERT INTO `sys_tenant_resource` VALUES (1368, 5, 28, 13, '2023-06-20 09:21:04', 13, '2023-06-25 17:30:55', 1);
INSERT INTO `sys_tenant_resource` VALUES (1369, 5, 32, 13, '2023-06-20 09:21:04', 13, '2023-06-25 17:30:55', 1);
INSERT INTO `sys_tenant_resource` VALUES (1370, 5, 33, 13, '2023-06-20 09:21:04', 13, '2023-06-25 17:30:55', 1);
INSERT INTO `sys_tenant_resource` VALUES (1371, 5, 34, 13, '2023-06-20 09:21:04', 13, '2023-06-25 17:30:55', 1);
INSERT INTO `sys_tenant_resource` VALUES (1372, 5, 39, 13, '2023-06-20 09:21:04', 13, '2023-06-25 17:30:55', 1);
INSERT INTO `sys_tenant_resource` VALUES (1373, 5, 40, 13, '2023-06-20 09:21:04', 13, '2023-06-25 17:30:55', 1);
INSERT INTO `sys_tenant_resource` VALUES (1374, 5, 31, 13, '2023-06-20 09:21:04', 13, '2023-06-25 17:30:55', 1);
INSERT INTO `sys_tenant_resource` VALUES (1375, 5, 42, 13, '2023-06-20 09:21:04', 13, '2023-06-25 17:30:55', 1);
INSERT INTO `sys_tenant_resource` VALUES (1376, 5, 43, 13, '2023-06-20 09:21:04', 13, '2023-06-25 17:30:55', 1);
INSERT INTO `sys_tenant_resource` VALUES (1377, 5, 44, 13, '2023-06-20 09:21:04', 13, '2023-06-25 17:30:55', 1);
INSERT INTO `sys_tenant_resource` VALUES (1378, 5, 45, 13, '2023-06-20 09:21:04', 13, '2023-06-25 17:30:55', 1);
INSERT INTO `sys_tenant_resource` VALUES (1379, 5, 41, 13, '2023-06-20 09:21:04', 13, '2023-06-25 17:30:55', 1);
INSERT INTO `sys_tenant_resource` VALUES (1380, 5, 69, 13, '2023-06-20 09:21:04', 13, '2023-06-25 17:30:55', 1);
INSERT INTO `sys_tenant_resource` VALUES (1381, 5, 70, 13, '2023-06-20 09:21:04', 13, '2023-06-25 17:30:55', 1);
INSERT INTO `sys_tenant_resource` VALUES (1382, 5, 71, 13, '2023-06-20 09:21:04', 13, '2023-06-25 17:30:55', 1);
INSERT INTO `sys_tenant_resource` VALUES (1383, 5, 72, 13, '2023-06-20 09:21:04', 13, '2023-06-25 17:30:55', 1);
INSERT INTO `sys_tenant_resource` VALUES (1384, 5, 73, 13, '2023-06-20 09:21:04', 13, '2023-06-25 17:30:55', 1);
INSERT INTO `sys_tenant_resource` VALUES (1385, 5, 68, 13, '2023-06-20 09:21:04', 13, '2023-06-25 17:30:55', 1);
INSERT INTO `sys_tenant_resource` VALUES (1386, 5, 9, 13, '2023-06-20 09:21:04', 13, '2023-06-25 17:30:55', 1);
INSERT INTO `sys_tenant_resource` VALUES (1387, 5, 37, 13, '2023-06-20 09:21:04', 13, '2023-06-25 17:30:55', 1);
INSERT INTO `sys_tenant_resource` VALUES (1388, 5, 38, 13, '2023-06-20 09:21:04', 13, '2023-06-25 17:30:55', 1);
INSERT INTO `sys_tenant_resource` VALUES (1389, 5, 46, 13, '2023-06-20 09:21:04', 13, '2023-06-25 17:30:55', 1);
INSERT INTO `sys_tenant_resource` VALUES (1390, 5, 59, 13, '2023-06-20 09:21:04', 13, '2023-06-25 17:30:55', 1);
INSERT INTO `sys_tenant_resource` VALUES (1391, 5, 60, 13, '2023-06-20 09:21:04', 13, '2023-06-25 17:30:55', 1);
INSERT INTO `sys_tenant_resource` VALUES (1392, 5, 61, 13, '2023-06-20 09:21:04', 13, '2023-06-25 17:30:55', 1);
INSERT INTO `sys_tenant_resource` VALUES (1393, 5, 64, 13, '2023-06-20 09:21:04', 13, '2023-06-25 17:30:55', 1);
INSERT INTO `sys_tenant_resource` VALUES (1394, 5, 66, 13, '2023-06-20 09:21:04', 13, '2023-06-25 17:30:55', 1);
INSERT INTO `sys_tenant_resource` VALUES (1395, 5, 47, 13, '2023-06-20 09:21:04', 13, '2023-06-25 17:30:55', 1);
INSERT INTO `sys_tenant_resource` VALUES (1396, 5, 62, 13, '2023-06-20 09:21:04', 13, '2023-06-25 17:30:55', 1);
INSERT INTO `sys_tenant_resource` VALUES (1397, 5, 63, 13, '2023-06-20 09:21:04', 13, '2023-06-25 17:30:55', 1);
INSERT INTO `sys_tenant_resource` VALUES (1398, 5, 65, 13, '2023-06-20 09:21:04', 13, '2023-06-25 17:30:55', 1);
INSERT INTO `sys_tenant_resource` VALUES (1399, 5, 67, 13, '2023-06-20 09:21:04', 13, '2023-06-25 17:30:55', 1);
INSERT INTO `sys_tenant_resource` VALUES (1400, 5, 48, 13, '2023-06-20 09:21:04', 13, '2023-06-25 17:30:55', 1);
INSERT INTO `sys_tenant_resource` VALUES (1401, 5, 86, 13, '2023-06-20 09:21:04', 13, '2023-06-25 17:30:55', 1);
INSERT INTO `sys_tenant_resource` VALUES (1402, 5, 89, 13, '2023-06-20 09:21:04', 13, '2023-06-25 17:30:55', 1);
INSERT INTO `sys_tenant_resource` VALUES (1403, 5, 88, 13, '2023-06-20 09:21:04', 13, '2023-06-25 17:30:55', 1);
INSERT INTO `sys_tenant_resource` VALUES (1404, 5, 87, 13, '2023-06-20 09:21:04', 13, '2023-06-25 17:30:55', 1);
INSERT INTO `sys_tenant_resource` VALUES (1405, 1, 1, 13, '2023-06-20 09:21:13', 13, '2023-06-25 17:31:05', 1);
INSERT INTO `sys_tenant_resource` VALUES (1406, 1, 2, 13, '2023-06-20 09:21:13', 13, '2023-06-25 17:31:05', 1);
INSERT INTO `sys_tenant_resource` VALUES (1407, 1, 3, 13, '2023-06-20 09:21:13', 13, '2023-06-25 17:31:05', 1);
INSERT INTO `sys_tenant_resource` VALUES (1408, 1, 6, 13, '2023-06-20 09:21:13', 13, '2023-06-25 17:31:05', 1);
INSERT INTO `sys_tenant_resource` VALUES (1409, 1, 7, 13, '2023-06-20 09:21:13', 13, '2023-06-25 17:31:05', 1);
INSERT INTO `sys_tenant_resource` VALUES (1410, 1, 8, 13, '2023-06-20 09:21:13', 13, '2023-06-25 17:31:05', 1);
INSERT INTO `sys_tenant_resource` VALUES (1411, 1, 10, 13, '2023-06-20 09:21:13', 13, '2023-06-25 17:31:05', 1);
INSERT INTO `sys_tenant_resource` VALUES (1412, 1, 11, 13, '2023-06-20 09:21:13', 13, '2023-06-25 17:31:05', 1);
INSERT INTO `sys_tenant_resource` VALUES (1413, 1, 12, 13, '2023-06-20 09:21:13', 13, '2023-06-25 17:31:05', 1);
INSERT INTO `sys_tenant_resource` VALUES (1414, 1, 13, 13, '2023-06-20 09:21:13', 13, '2023-06-25 17:31:05', 1);
INSERT INTO `sys_tenant_resource` VALUES (1415, 1, 49, 13, '2023-06-20 09:21:13', 13, '2023-06-25 17:31:05', 1);
INSERT INTO `sys_tenant_resource` VALUES (1416, 1, 4, 13, '2023-06-20 09:21:13', 13, '2023-06-25 17:31:05', 1);
INSERT INTO `sys_tenant_resource` VALUES (1417, 1, 14, 13, '2023-06-20 09:21:13', 13, '2023-06-25 17:31:05', 1);
INSERT INTO `sys_tenant_resource` VALUES (1418, 1, 15, 13, '2023-06-20 09:21:13', 13, '2023-06-25 17:31:05', 1);
INSERT INTO `sys_tenant_resource` VALUES (1419, 1, 16, 13, '2023-06-20 09:21:13', 13, '2023-06-25 17:31:05', 1);
INSERT INTO `sys_tenant_resource` VALUES (1420, 1, 17, 13, '2023-06-20 09:21:13', 13, '2023-06-25 17:31:05', 1);
INSERT INTO `sys_tenant_resource` VALUES (1421, 1, 18, 13, '2023-06-20 09:21:13', 13, '2023-06-25 17:31:05', 1);
INSERT INTO `sys_tenant_resource` VALUES (1422, 1, 19, 13, '2023-06-20 09:21:13', 13, '2023-06-25 17:31:05', 1);
INSERT INTO `sys_tenant_resource` VALUES (1423, 1, 20, 13, '2023-06-20 09:21:13', 13, '2023-06-25 17:31:05', 1);
INSERT INTO `sys_tenant_resource` VALUES (1424, 1, 21, 13, '2023-06-20 09:21:13', 13, '2023-06-25 17:31:05', 1);
INSERT INTO `sys_tenant_resource` VALUES (1425, 1, 5, 13, '2023-06-20 09:21:13', 13, '2023-06-25 17:31:05', 1);
INSERT INTO `sys_tenant_resource` VALUES (1426, 1, 23, 13, '2023-06-20 09:21:13', 13, '2023-06-25 17:31:05', 1);
INSERT INTO `sys_tenant_resource` VALUES (1427, 1, 24, 13, '2023-06-20 09:21:13', 13, '2023-06-25 17:31:05', 1);
INSERT INTO `sys_tenant_resource` VALUES (1428, 1, 25, 13, '2023-06-20 09:21:13', 13, '2023-06-25 17:31:05', 1);
INSERT INTO `sys_tenant_resource` VALUES (1429, 1, 26, 13, '2023-06-20 09:21:13', 13, '2023-06-25 17:31:05', 1);
INSERT INTO `sys_tenant_resource` VALUES (1430, 1, 29, 13, '2023-06-20 09:21:13', 13, '2023-06-25 17:31:05', 1);
INSERT INTO `sys_tenant_resource` VALUES (1431, 1, 22, 13, '2023-06-20 09:21:13', 13, '2023-06-25 17:31:05', 1);
INSERT INTO `sys_tenant_resource` VALUES (1432, 1, 74, 13, '2023-06-20 09:21:13', 13, '2023-06-25 17:31:05', 1);
INSERT INTO `sys_tenant_resource` VALUES (1433, 1, 75, 13, '2023-06-20 09:21:13', 13, '2023-06-25 17:31:05', 1);
INSERT INTO `sys_tenant_resource` VALUES (1434, 1, 76, 13, '2023-06-20 09:21:13', 13, '2023-06-25 17:31:05', 1);
INSERT INTO `sys_tenant_resource` VALUES (1435, 1, 77, 13, '2023-06-20 09:21:13', 13, '2023-06-25 17:31:05', 1);
INSERT INTO `sys_tenant_resource` VALUES (1436, 1, 78, 13, '2023-06-20 09:21:13', 13, '2023-06-25 17:31:05', 1);
INSERT INTO `sys_tenant_resource` VALUES (1437, 1, 79, 13, '2023-06-20 09:21:13', 13, '2023-06-25 17:31:05', 1);
INSERT INTO `sys_tenant_resource` VALUES (1438, 1, 80, 13, '2023-06-20 09:21:13', 13, '2023-06-25 17:31:05', 1);
INSERT INTO `sys_tenant_resource` VALUES (1439, 1, 81, 13, '2023-06-20 09:21:13', 13, '2023-06-25 17:31:05', 1);
INSERT INTO `sys_tenant_resource` VALUES (1440, 1, 82, 13, '2023-06-20 09:21:13', 13, '2023-06-25 17:31:05', 1);
INSERT INTO `sys_tenant_resource` VALUES (1441, 1, 83, 13, '2023-06-20 09:21:13', 13, '2023-06-25 17:31:05', 1);
INSERT INTO `sys_tenant_resource` VALUES (1442, 1, 84, 13, '2023-06-20 09:21:13', 13, '2023-06-25 17:31:05', 1);
INSERT INTO `sys_tenant_resource` VALUES (1443, 1, 85, 13, '2023-06-20 09:21:13', 13, '2023-06-25 17:31:05', 1);
INSERT INTO `sys_tenant_resource` VALUES (1444, 1, 28, 13, '2023-06-20 09:21:13', 13, '2023-06-25 17:31:05', 1);
INSERT INTO `sys_tenant_resource` VALUES (1445, 1, 32, 13, '2023-06-20 09:21:13', 13, '2023-06-25 17:31:05', 1);
INSERT INTO `sys_tenant_resource` VALUES (1446, 1, 33, 13, '2023-06-20 09:21:13', 13, '2023-06-25 17:31:05', 1);
INSERT INTO `sys_tenant_resource` VALUES (1447, 1, 34, 13, '2023-06-20 09:21:13', 13, '2023-06-25 17:31:05', 1);
INSERT INTO `sys_tenant_resource` VALUES (1448, 1, 39, 13, '2023-06-20 09:21:13', 13, '2023-06-25 17:31:05', 1);
INSERT INTO `sys_tenant_resource` VALUES (1449, 1, 40, 13, '2023-06-20 09:21:13', 13, '2023-06-25 17:31:05', 1);
INSERT INTO `sys_tenant_resource` VALUES (1450, 1, 31, 13, '2023-06-20 09:21:13', 13, '2023-06-25 17:31:05', 1);
INSERT INTO `sys_tenant_resource` VALUES (1451, 1, 42, 13, '2023-06-20 09:21:13', 13, '2023-06-25 17:31:05', 1);
INSERT INTO `sys_tenant_resource` VALUES (1452, 1, 43, 13, '2023-06-20 09:21:13', 13, '2023-06-25 17:31:05', 1);
INSERT INTO `sys_tenant_resource` VALUES (1453, 1, 44, 13, '2023-06-20 09:21:13', 13, '2023-06-25 17:31:05', 1);
INSERT INTO `sys_tenant_resource` VALUES (1454, 1, 45, 13, '2023-06-20 09:21:13', 13, '2023-06-25 17:31:05', 1);
INSERT INTO `sys_tenant_resource` VALUES (1455, 1, 41, 13, '2023-06-20 09:21:13', 13, '2023-06-25 17:31:05', 1);
INSERT INTO `sys_tenant_resource` VALUES (1456, 1, 69, 13, '2023-06-20 09:21:13', 13, '2023-06-25 17:31:05', 1);
INSERT INTO `sys_tenant_resource` VALUES (1457, 1, 70, 13, '2023-06-20 09:21:13', 13, '2023-06-25 17:31:05', 1);
INSERT INTO `sys_tenant_resource` VALUES (1458, 1, 71, 13, '2023-06-20 09:21:13', 13, '2023-06-25 17:31:05', 1);
INSERT INTO `sys_tenant_resource` VALUES (1459, 1, 72, 13, '2023-06-20 09:21:13', 13, '2023-06-25 17:31:05', 1);
INSERT INTO `sys_tenant_resource` VALUES (1460, 1, 73, 13, '2023-06-20 09:21:13', 13, '2023-06-25 17:31:05', 1);
INSERT INTO `sys_tenant_resource` VALUES (1461, 1, 68, 13, '2023-06-20 09:21:13', 13, '2023-06-25 17:31:05', 1);
INSERT INTO `sys_tenant_resource` VALUES (1462, 1, 9, 13, '2023-06-20 09:21:13', 13, '2023-06-25 17:31:05', 1);
INSERT INTO `sys_tenant_resource` VALUES (1463, 1, 37, 13, '2023-06-20 09:21:13', 13, '2023-06-25 17:31:05', 1);
INSERT INTO `sys_tenant_resource` VALUES (1464, 1, 38, 13, '2023-06-20 09:21:13', 13, '2023-06-25 17:31:05', 1);
INSERT INTO `sys_tenant_resource` VALUES (1465, 1, 46, 13, '2023-06-20 09:21:13', 13, '2023-06-25 17:31:05', 1);
INSERT INTO `sys_tenant_resource` VALUES (1466, 1, 59, 13, '2023-06-20 09:21:13', 13, '2023-06-25 17:31:05', 1);
INSERT INTO `sys_tenant_resource` VALUES (1467, 1, 60, 13, '2023-06-20 09:21:13', 13, '2023-06-25 17:31:05', 1);
INSERT INTO `sys_tenant_resource` VALUES (1468, 1, 61, 13, '2023-06-20 09:21:13', 13, '2023-06-25 17:31:05', 1);
INSERT INTO `sys_tenant_resource` VALUES (1469, 1, 64, 13, '2023-06-20 09:21:13', 13, '2023-06-25 17:31:05', 1);
INSERT INTO `sys_tenant_resource` VALUES (1470, 1, 66, 13, '2023-06-20 09:21:13', 13, '2023-06-25 17:31:05', 1);
INSERT INTO `sys_tenant_resource` VALUES (1471, 1, 47, 13, '2023-06-20 09:21:13', 13, '2023-06-25 17:31:05', 1);
INSERT INTO `sys_tenant_resource` VALUES (1472, 1, 62, 13, '2023-06-20 09:21:13', 13, '2023-06-25 17:31:05', 1);
INSERT INTO `sys_tenant_resource` VALUES (1473, 1, 63, 13, '2023-06-20 09:21:13', 13, '2023-06-25 17:31:05', 1);
INSERT INTO `sys_tenant_resource` VALUES (1474, 1, 65, 13, '2023-06-20 09:21:13', 13, '2023-06-25 17:31:05', 1);
INSERT INTO `sys_tenant_resource` VALUES (1475, 1, 67, 13, '2023-06-20 09:21:13', 13, '2023-06-25 17:31:05', 1);
INSERT INTO `sys_tenant_resource` VALUES (1476, 1, 48, 13, '2023-06-20 09:21:13', 13, '2023-06-25 17:31:05', 1);
INSERT INTO `sys_tenant_resource` VALUES (1477, 1, 86, 13, '2023-06-20 09:21:13', 13, '2023-06-25 17:31:05', 1);
INSERT INTO `sys_tenant_resource` VALUES (1478, 1, 89, 13, '2023-06-20 09:21:13', 13, '2023-06-25 17:31:05', 1);
INSERT INTO `sys_tenant_resource` VALUES (1479, 1, 88, 13, '2023-06-20 09:21:13', 13, '2023-06-25 17:31:05', 1);
INSERT INTO `sys_tenant_resource` VALUES (1480, 1, 87, 13, '2023-06-20 09:21:13', 13, '2023-06-25 17:31:05', 1);
INSERT INTO `sys_tenant_resource` VALUES (1481, 5, 1, 13, '2023-06-25 17:30:55', 13, '2023-07-06 11:50:28', 1);
INSERT INTO `sys_tenant_resource` VALUES (1482, 5, 2, 13, '2023-06-25 17:30:55', 13, '2023-07-06 11:50:28', 1);
INSERT INTO `sys_tenant_resource` VALUES (1483, 5, 3, 13, '2023-06-25 17:30:55', 13, '2023-07-06 11:50:28', 1);
INSERT INTO `sys_tenant_resource` VALUES (1484, 5, 6, 13, '2023-06-25 17:30:55', 13, '2023-07-06 11:50:28', 1);
INSERT INTO `sys_tenant_resource` VALUES (1485, 5, 7, 13, '2023-06-25 17:30:55', 13, '2023-07-06 11:50:28', 1);
INSERT INTO `sys_tenant_resource` VALUES (1486, 5, 8, 13, '2023-06-25 17:30:55', 13, '2023-07-06 11:50:28', 1);
INSERT INTO `sys_tenant_resource` VALUES (1487, 5, 10, 13, '2023-06-25 17:30:55', 13, '2023-07-06 11:50:28', 1);
INSERT INTO `sys_tenant_resource` VALUES (1488, 5, 11, 13, '2023-06-25 17:30:55', 13, '2023-07-06 11:50:28', 1);
INSERT INTO `sys_tenant_resource` VALUES (1489, 5, 12, 13, '2023-06-25 17:30:55', 13, '2023-07-06 11:50:28', 1);
INSERT INTO `sys_tenant_resource` VALUES (1490, 5, 13, 13, '2023-06-25 17:30:55', 13, '2023-07-06 11:50:28', 1);
INSERT INTO `sys_tenant_resource` VALUES (1491, 5, 49, 13, '2023-06-25 17:30:55', 13, '2023-07-06 11:50:28', 1);
INSERT INTO `sys_tenant_resource` VALUES (1492, 5, 4, 13, '2023-06-25 17:30:55', 13, '2023-07-06 11:50:28', 1);
INSERT INTO `sys_tenant_resource` VALUES (1493, 5, 14, 13, '2023-06-25 17:30:55', 13, '2023-07-06 11:50:28', 1);
INSERT INTO `sys_tenant_resource` VALUES (1494, 5, 15, 13, '2023-06-25 17:30:55', 13, '2023-07-06 11:50:28', 1);
INSERT INTO `sys_tenant_resource` VALUES (1495, 5, 16, 13, '2023-06-25 17:30:55', 13, '2023-07-06 11:50:28', 1);
INSERT INTO `sys_tenant_resource` VALUES (1496, 5, 17, 13, '2023-06-25 17:30:55', 13, '2023-07-06 11:50:28', 1);
INSERT INTO `sys_tenant_resource` VALUES (1497, 5, 18, 13, '2023-06-25 17:30:55', 13, '2023-07-06 11:50:28', 1);
INSERT INTO `sys_tenant_resource` VALUES (1498, 5, 19, 13, '2023-06-25 17:30:55', 13, '2023-07-06 11:50:28', 1);
INSERT INTO `sys_tenant_resource` VALUES (1499, 5, 20, 13, '2023-06-25 17:30:55', 13, '2023-07-06 11:50:28', 1);
INSERT INTO `sys_tenant_resource` VALUES (1500, 5, 21, 13, '2023-06-25 17:30:55', 13, '2023-07-06 11:50:28', 1);
INSERT INTO `sys_tenant_resource` VALUES (1501, 5, 5, 13, '2023-06-25 17:30:55', 13, '2023-07-06 11:50:28', 1);
INSERT INTO `sys_tenant_resource` VALUES (1502, 5, 23, 13, '2023-06-25 17:30:55', 13, '2023-07-06 11:50:28', 1);
INSERT INTO `sys_tenant_resource` VALUES (1503, 5, 24, 13, '2023-06-25 17:30:55', 13, '2023-07-06 11:50:28', 1);
INSERT INTO `sys_tenant_resource` VALUES (1504, 5, 25, 13, '2023-06-25 17:30:55', 13, '2023-07-06 11:50:28', 1);
INSERT INTO `sys_tenant_resource` VALUES (1505, 5, 26, 13, '2023-06-25 17:30:55', 13, '2023-07-06 11:50:28', 1);
INSERT INTO `sys_tenant_resource` VALUES (1506, 5, 29, 13, '2023-06-25 17:30:55', 13, '2023-07-06 11:50:28', 1);
INSERT INTO `sys_tenant_resource` VALUES (1507, 5, 22, 13, '2023-06-25 17:30:55', 13, '2023-07-06 11:50:28', 1);
INSERT INTO `sys_tenant_resource` VALUES (1508, 5, 74, 13, '2023-06-25 17:30:55', 13, '2023-07-06 11:50:28', 1);
INSERT INTO `sys_tenant_resource` VALUES (1509, 5, 75, 13, '2023-06-25 17:30:55', 13, '2023-07-06 11:50:28', 1);
INSERT INTO `sys_tenant_resource` VALUES (1510, 5, 76, 13, '2023-06-25 17:30:55', 13, '2023-07-06 11:50:28', 1);
INSERT INTO `sys_tenant_resource` VALUES (1511, 5, 77, 13, '2023-06-25 17:30:55', 13, '2023-07-06 11:50:28', 1);
INSERT INTO `sys_tenant_resource` VALUES (1512, 5, 78, 13, '2023-06-25 17:30:55', 13, '2023-07-06 11:50:28', 1);
INSERT INTO `sys_tenant_resource` VALUES (1513, 5, 79, 13, '2023-06-25 17:30:55', 13, '2023-07-06 11:50:28', 1);
INSERT INTO `sys_tenant_resource` VALUES (1514, 5, 80, 13, '2023-06-25 17:30:55', 13, '2023-07-06 11:50:28', 1);
INSERT INTO `sys_tenant_resource` VALUES (1515, 5, 81, 13, '2023-06-25 17:30:55', 13, '2023-07-06 11:50:28', 1);
INSERT INTO `sys_tenant_resource` VALUES (1516, 5, 82, 13, '2023-06-25 17:30:55', 13, '2023-07-06 11:50:28', 1);
INSERT INTO `sys_tenant_resource` VALUES (1517, 5, 83, 13, '2023-06-25 17:30:55', 13, '2023-07-06 11:50:28', 1);
INSERT INTO `sys_tenant_resource` VALUES (1518, 5, 84, 13, '2023-06-25 17:30:55', 13, '2023-07-06 11:50:28', 1);
INSERT INTO `sys_tenant_resource` VALUES (1519, 5, 85, 13, '2023-06-25 17:30:55', 13, '2023-07-06 11:50:28', 1);
INSERT INTO `sys_tenant_resource` VALUES (1520, 5, 28, 13, '2023-06-25 17:30:55', 13, '2023-07-06 11:50:28', 1);
INSERT INTO `sys_tenant_resource` VALUES (1521, 5, 32, 13, '2023-06-25 17:30:55', 13, '2023-07-06 11:50:28', 1);
INSERT INTO `sys_tenant_resource` VALUES (1522, 5, 33, 13, '2023-06-25 17:30:55', 13, '2023-07-06 11:50:28', 1);
INSERT INTO `sys_tenant_resource` VALUES (1523, 5, 34, 13, '2023-06-25 17:30:55', 13, '2023-07-06 11:50:28', 1);
INSERT INTO `sys_tenant_resource` VALUES (1524, 5, 39, 13, '2023-06-25 17:30:55', 13, '2023-07-06 11:50:28', 1);
INSERT INTO `sys_tenant_resource` VALUES (1525, 5, 40, 13, '2023-06-25 17:30:55', 13, '2023-07-06 11:50:28', 1);
INSERT INTO `sys_tenant_resource` VALUES (1526, 5, 31, 13, '2023-06-25 17:30:55', 13, '2023-07-06 11:50:28', 1);
INSERT INTO `sys_tenant_resource` VALUES (1527, 5, 42, 13, '2023-06-25 17:30:55', 13, '2023-07-06 11:50:28', 1);
INSERT INTO `sys_tenant_resource` VALUES (1528, 5, 43, 13, '2023-06-25 17:30:55', 13, '2023-07-06 11:50:28', 1);
INSERT INTO `sys_tenant_resource` VALUES (1529, 5, 44, 13, '2023-06-25 17:30:55', 13, '2023-07-06 11:50:28', 1);
INSERT INTO `sys_tenant_resource` VALUES (1530, 5, 45, 13, '2023-06-25 17:30:55', 13, '2023-07-06 11:50:28', 1);
INSERT INTO `sys_tenant_resource` VALUES (1531, 5, 41, 13, '2023-06-25 17:30:55', 13, '2023-07-06 11:50:28', 1);
INSERT INTO `sys_tenant_resource` VALUES (1532, 5, 69, 13, '2023-06-25 17:30:55', 13, '2023-07-06 11:50:28', 1);
INSERT INTO `sys_tenant_resource` VALUES (1533, 5, 70, 13, '2023-06-25 17:30:55', 13, '2023-07-06 11:50:28', 1);
INSERT INTO `sys_tenant_resource` VALUES (1534, 5, 71, 13, '2023-06-25 17:30:55', 13, '2023-07-06 11:50:28', 1);
INSERT INTO `sys_tenant_resource` VALUES (1535, 5, 72, 13, '2023-06-25 17:30:55', 13, '2023-07-06 11:50:28', 1);
INSERT INTO `sys_tenant_resource` VALUES (1536, 5, 73, 13, '2023-06-25 17:30:55', 13, '2023-07-06 11:50:28', 1);
INSERT INTO `sys_tenant_resource` VALUES (1537, 5, 68, 13, '2023-06-25 17:30:55', 13, '2023-07-06 11:50:28', 1);
INSERT INTO `sys_tenant_resource` VALUES (1538, 5, 9, 13, '2023-06-25 17:30:55', 13, '2023-07-06 11:50:28', 1);
INSERT INTO `sys_tenant_resource` VALUES (1539, 5, 37, 13, '2023-06-25 17:30:55', 13, '2023-07-06 11:50:28', 1);
INSERT INTO `sys_tenant_resource` VALUES (1540, 5, 38, 13, '2023-06-25 17:30:55', 13, '2023-07-06 11:50:28', 1);
INSERT INTO `sys_tenant_resource` VALUES (1541, 5, 46, 13, '2023-06-25 17:30:55', 13, '2023-07-06 11:50:28', 1);
INSERT INTO `sys_tenant_resource` VALUES (1542, 5, 59, 13, '2023-06-25 17:30:55', 13, '2023-07-06 11:50:28', 1);
INSERT INTO `sys_tenant_resource` VALUES (1543, 5, 60, 13, '2023-06-25 17:30:55', 13, '2023-07-06 11:50:28', 1);
INSERT INTO `sys_tenant_resource` VALUES (1544, 5, 61, 13, '2023-06-25 17:30:55', 13, '2023-07-06 11:50:28', 1);
INSERT INTO `sys_tenant_resource` VALUES (1545, 5, 64, 13, '2023-06-25 17:30:55', 13, '2023-07-06 11:50:28', 1);
INSERT INTO `sys_tenant_resource` VALUES (1546, 5, 66, 13, '2023-06-25 17:30:55', 13, '2023-07-06 11:50:28', 1);
INSERT INTO `sys_tenant_resource` VALUES (1547, 5, 47, 13, '2023-06-25 17:30:55', 13, '2023-07-06 11:50:28', 1);
INSERT INTO `sys_tenant_resource` VALUES (1548, 5, 62, 13, '2023-06-25 17:30:55', 13, '2023-07-06 11:50:28', 1);
INSERT INTO `sys_tenant_resource` VALUES (1549, 5, 63, 13, '2023-06-25 17:30:55', 13, '2023-07-06 11:50:28', 1);
INSERT INTO `sys_tenant_resource` VALUES (1550, 5, 65, 13, '2023-06-25 17:30:55', 13, '2023-07-06 11:50:28', 1);
INSERT INTO `sys_tenant_resource` VALUES (1551, 5, 67, 13, '2023-06-25 17:30:55', 13, '2023-07-06 11:50:28', 1);
INSERT INTO `sys_tenant_resource` VALUES (1552, 5, 48, 13, '2023-06-25 17:30:55', 13, '2023-07-06 11:50:28', 1);
INSERT INTO `sys_tenant_resource` VALUES (1553, 5, 86, 13, '2023-06-25 17:30:55', 13, '2023-07-06 11:50:28', 1);
INSERT INTO `sys_tenant_resource` VALUES (1554, 5, 89, 13, '2023-06-25 17:30:55', 13, '2023-07-06 11:50:28', 1);
INSERT INTO `sys_tenant_resource` VALUES (1555, 5, 90, 13, '2023-06-25 17:30:55', 13, '2023-07-06 11:50:28', 1);
INSERT INTO `sys_tenant_resource` VALUES (1556, 5, 88, 13, '2023-06-25 17:30:55', 13, '2023-07-06 11:50:28', 1);
INSERT INTO `sys_tenant_resource` VALUES (1557, 5, 87, 13, '2023-06-25 17:30:55', 13, '2023-07-06 11:50:28', 1);
INSERT INTO `sys_tenant_resource` VALUES (1558, 1, 1, 13, '2023-06-25 17:31:05', NULL, NULL, 0);
INSERT INTO `sys_tenant_resource` VALUES (1559, 1, 2, 13, '2023-06-25 17:31:05', NULL, NULL, 0);
INSERT INTO `sys_tenant_resource` VALUES (1560, 1, 3, 13, '2023-06-25 17:31:05', NULL, NULL, 0);
INSERT INTO `sys_tenant_resource` VALUES (1561, 1, 6, 13, '2023-06-25 17:31:05', NULL, NULL, 0);
INSERT INTO `sys_tenant_resource` VALUES (1562, 1, 7, 13, '2023-06-25 17:31:05', NULL, NULL, 0);
INSERT INTO `sys_tenant_resource` VALUES (1563, 1, 8, 13, '2023-06-25 17:31:05', NULL, NULL, 0);
INSERT INTO `sys_tenant_resource` VALUES (1564, 1, 10, 13, '2023-06-25 17:31:05', NULL, NULL, 0);
INSERT INTO `sys_tenant_resource` VALUES (1565, 1, 11, 13, '2023-06-25 17:31:05', NULL, NULL, 0);
INSERT INTO `sys_tenant_resource` VALUES (1566, 1, 12, 13, '2023-06-25 17:31:05', NULL, NULL, 0);
INSERT INTO `sys_tenant_resource` VALUES (1567, 1, 13, 13, '2023-06-25 17:31:05', NULL, NULL, 0);
INSERT INTO `sys_tenant_resource` VALUES (1568, 1, 49, 13, '2023-06-25 17:31:05', NULL, NULL, 0);
INSERT INTO `sys_tenant_resource` VALUES (1569, 1, 4, 13, '2023-06-25 17:31:05', NULL, NULL, 0);
INSERT INTO `sys_tenant_resource` VALUES (1570, 1, 14, 13, '2023-06-25 17:31:05', NULL, NULL, 0);
INSERT INTO `sys_tenant_resource` VALUES (1571, 1, 15, 13, '2023-06-25 17:31:05', NULL, NULL, 0);
INSERT INTO `sys_tenant_resource` VALUES (1572, 1, 16, 13, '2023-06-25 17:31:05', NULL, NULL, 0);
INSERT INTO `sys_tenant_resource` VALUES (1573, 1, 17, 13, '2023-06-25 17:31:05', NULL, NULL, 0);
INSERT INTO `sys_tenant_resource` VALUES (1574, 1, 18, 13, '2023-06-25 17:31:05', NULL, NULL, 0);
INSERT INTO `sys_tenant_resource` VALUES (1575, 1, 19, 13, '2023-06-25 17:31:05', NULL, NULL, 0);
INSERT INTO `sys_tenant_resource` VALUES (1576, 1, 20, 13, '2023-06-25 17:31:05', NULL, NULL, 0);
INSERT INTO `sys_tenant_resource` VALUES (1577, 1, 21, 13, '2023-06-25 17:31:05', NULL, NULL, 0);
INSERT INTO `sys_tenant_resource` VALUES (1578, 1, 5, 13, '2023-06-25 17:31:05', NULL, NULL, 0);
INSERT INTO `sys_tenant_resource` VALUES (1579, 1, 23, 13, '2023-06-25 17:31:05', NULL, NULL, 0);
INSERT INTO `sys_tenant_resource` VALUES (1580, 1, 24, 13, '2023-06-25 17:31:05', NULL, NULL, 0);
INSERT INTO `sys_tenant_resource` VALUES (1581, 1, 25, 13, '2023-06-25 17:31:05', NULL, NULL, 0);
INSERT INTO `sys_tenant_resource` VALUES (1582, 1, 26, 13, '2023-06-25 17:31:05', NULL, NULL, 0);
INSERT INTO `sys_tenant_resource` VALUES (1583, 1, 29, 13, '2023-06-25 17:31:05', NULL, NULL, 0);
INSERT INTO `sys_tenant_resource` VALUES (1584, 1, 22, 13, '2023-06-25 17:31:05', NULL, NULL, 0);
INSERT INTO `sys_tenant_resource` VALUES (1585, 1, 74, 13, '2023-06-25 17:31:05', NULL, NULL, 0);
INSERT INTO `sys_tenant_resource` VALUES (1586, 1, 75, 13, '2023-06-25 17:31:05', NULL, NULL, 0);
INSERT INTO `sys_tenant_resource` VALUES (1587, 1, 76, 13, '2023-06-25 17:31:05', NULL, NULL, 0);
INSERT INTO `sys_tenant_resource` VALUES (1588, 1, 77, 13, '2023-06-25 17:31:05', NULL, NULL, 0);
INSERT INTO `sys_tenant_resource` VALUES (1589, 1, 78, 13, '2023-06-25 17:31:05', NULL, NULL, 0);
INSERT INTO `sys_tenant_resource` VALUES (1590, 1, 79, 13, '2023-06-25 17:31:05', NULL, NULL, 0);
INSERT INTO `sys_tenant_resource` VALUES (1591, 1, 80, 13, '2023-06-25 17:31:05', NULL, NULL, 0);
INSERT INTO `sys_tenant_resource` VALUES (1592, 1, 81, 13, '2023-06-25 17:31:05', NULL, NULL, 0);
INSERT INTO `sys_tenant_resource` VALUES (1593, 1, 82, 13, '2023-06-25 17:31:05', NULL, NULL, 0);
INSERT INTO `sys_tenant_resource` VALUES (1594, 1, 83, 13, '2023-06-25 17:31:05', NULL, NULL, 0);
INSERT INTO `sys_tenant_resource` VALUES (1595, 1, 84, 13, '2023-06-25 17:31:05', NULL, NULL, 0);
INSERT INTO `sys_tenant_resource` VALUES (1596, 1, 85, 13, '2023-06-25 17:31:05', NULL, NULL, 0);
INSERT INTO `sys_tenant_resource` VALUES (1597, 1, 28, 13, '2023-06-25 17:31:05', NULL, NULL, 0);
INSERT INTO `sys_tenant_resource` VALUES (1598, 1, 32, 13, '2023-06-25 17:31:05', NULL, NULL, 0);
INSERT INTO `sys_tenant_resource` VALUES (1599, 1, 33, 13, '2023-06-25 17:31:05', NULL, NULL, 0);
INSERT INTO `sys_tenant_resource` VALUES (1600, 1, 34, 13, '2023-06-25 17:31:05', NULL, NULL, 0);
INSERT INTO `sys_tenant_resource` VALUES (1601, 1, 39, 13, '2023-06-25 17:31:05', NULL, NULL, 0);
INSERT INTO `sys_tenant_resource` VALUES (1602, 1, 40, 13, '2023-06-25 17:31:05', NULL, NULL, 0);
INSERT INTO `sys_tenant_resource` VALUES (1603, 1, 31, 13, '2023-06-25 17:31:05', NULL, NULL, 0);
INSERT INTO `sys_tenant_resource` VALUES (1604, 1, 42, 13, '2023-06-25 17:31:05', NULL, NULL, 0);
INSERT INTO `sys_tenant_resource` VALUES (1605, 1, 43, 13, '2023-06-25 17:31:05', NULL, NULL, 0);
INSERT INTO `sys_tenant_resource` VALUES (1606, 1, 44, 13, '2023-06-25 17:31:05', NULL, NULL, 0);
INSERT INTO `sys_tenant_resource` VALUES (1607, 1, 45, 13, '2023-06-25 17:31:05', NULL, NULL, 0);
INSERT INTO `sys_tenant_resource` VALUES (1608, 1, 41, 13, '2023-06-25 17:31:05', NULL, NULL, 0);
INSERT INTO `sys_tenant_resource` VALUES (1609, 1, 69, 13, '2023-06-25 17:31:05', NULL, NULL, 0);
INSERT INTO `sys_tenant_resource` VALUES (1610, 1, 70, 13, '2023-06-25 17:31:05', NULL, NULL, 0);
INSERT INTO `sys_tenant_resource` VALUES (1611, 1, 71, 13, '2023-06-25 17:31:05', NULL, NULL, 0);
INSERT INTO `sys_tenant_resource` VALUES (1612, 1, 72, 13, '2023-06-25 17:31:05', NULL, NULL, 0);
INSERT INTO `sys_tenant_resource` VALUES (1613, 1, 73, 13, '2023-06-25 17:31:05', NULL, NULL, 0);
INSERT INTO `sys_tenant_resource` VALUES (1614, 1, 68, 13, '2023-06-25 17:31:05', NULL, NULL, 0);
INSERT INTO `sys_tenant_resource` VALUES (1615, 1, 9, 13, '2023-06-25 17:31:05', NULL, NULL, 0);
INSERT INTO `sys_tenant_resource` VALUES (1616, 1, 37, 13, '2023-06-25 17:31:05', NULL, NULL, 0);
INSERT INTO `sys_tenant_resource` VALUES (1617, 1, 38, 13, '2023-06-25 17:31:05', NULL, NULL, 0);
INSERT INTO `sys_tenant_resource` VALUES (1618, 1, 46, 13, '2023-06-25 17:31:05', NULL, NULL, 0);
INSERT INTO `sys_tenant_resource` VALUES (1619, 1, 59, 13, '2023-06-25 17:31:05', NULL, NULL, 0);
INSERT INTO `sys_tenant_resource` VALUES (1620, 1, 60, 13, '2023-06-25 17:31:05', NULL, NULL, 0);
INSERT INTO `sys_tenant_resource` VALUES (1621, 1, 61, 13, '2023-06-25 17:31:05', NULL, NULL, 0);
INSERT INTO `sys_tenant_resource` VALUES (1622, 1, 64, 13, '2023-06-25 17:31:05', NULL, NULL, 0);
INSERT INTO `sys_tenant_resource` VALUES (1623, 1, 66, 13, '2023-06-25 17:31:05', NULL, NULL, 0);
INSERT INTO `sys_tenant_resource` VALUES (1624, 1, 47, 13, '2023-06-25 17:31:05', NULL, NULL, 0);
INSERT INTO `sys_tenant_resource` VALUES (1625, 1, 62, 13, '2023-06-25 17:31:05', NULL, NULL, 0);
INSERT INTO `sys_tenant_resource` VALUES (1626, 1, 63, 13, '2023-06-25 17:31:05', NULL, NULL, 0);
INSERT INTO `sys_tenant_resource` VALUES (1627, 1, 65, 13, '2023-06-25 17:31:05', NULL, NULL, 0);
INSERT INTO `sys_tenant_resource` VALUES (1628, 1, 67, 13, '2023-06-25 17:31:05', NULL, NULL, 0);
INSERT INTO `sys_tenant_resource` VALUES (1629, 1, 48, 13, '2023-06-25 17:31:05', NULL, NULL, 0);
INSERT INTO `sys_tenant_resource` VALUES (1630, 1, 86, 13, '2023-06-25 17:31:05', NULL, NULL, 0);
INSERT INTO `sys_tenant_resource` VALUES (1631, 1, 89, 13, '2023-06-25 17:31:05', NULL, NULL, 0);
INSERT INTO `sys_tenant_resource` VALUES (1632, 1, 90, 13, '2023-06-25 17:31:05', NULL, NULL, 0);
INSERT INTO `sys_tenant_resource` VALUES (1633, 1, 88, 13, '2023-06-25 17:31:05', NULL, NULL, 0);
INSERT INTO `sys_tenant_resource` VALUES (1634, 1, 87, 13, '2023-06-25 17:31:05', NULL, NULL, 0);
INSERT INTO `sys_tenant_resource` VALUES (1635, 5, 1, 13, '2023-07-06 11:50:28', 13, '2023-10-12 10:06:38', 1);
INSERT INTO `sys_tenant_resource` VALUES (1636, 5, 2, 13, '2023-07-06 11:50:28', 13, '2023-10-12 10:06:38', 1);
INSERT INTO `sys_tenant_resource` VALUES (1637, 5, 3, 13, '2023-07-06 11:50:28', 13, '2023-10-12 10:06:38', 1);
INSERT INTO `sys_tenant_resource` VALUES (1638, 5, 6, 13, '2023-07-06 11:50:28', 13, '2023-10-12 10:06:38', 1);
INSERT INTO `sys_tenant_resource` VALUES (1639, 5, 7, 13, '2023-07-06 11:50:28', 13, '2023-10-12 10:06:38', 1);
INSERT INTO `sys_tenant_resource` VALUES (1640, 5, 8, 13, '2023-07-06 11:50:28', 13, '2023-10-12 10:06:38', 1);
INSERT INTO `sys_tenant_resource` VALUES (1641, 5, 10, 13, '2023-07-06 11:50:28', 13, '2023-10-12 10:06:38', 1);
INSERT INTO `sys_tenant_resource` VALUES (1642, 5, 11, 13, '2023-07-06 11:50:28', 13, '2023-10-12 10:06:38', 1);
INSERT INTO `sys_tenant_resource` VALUES (1643, 5, 12, 13, '2023-07-06 11:50:28', 13, '2023-10-12 10:06:38', 1);
INSERT INTO `sys_tenant_resource` VALUES (1644, 5, 13, 13, '2023-07-06 11:50:28', 13, '2023-10-12 10:06:38', 1);
INSERT INTO `sys_tenant_resource` VALUES (1645, 5, 49, 13, '2023-07-06 11:50:28', 13, '2023-10-12 10:06:38', 1);
INSERT INTO `sys_tenant_resource` VALUES (1646, 5, 4, 13, '2023-07-06 11:50:28', 13, '2023-10-12 10:06:38', 1);
INSERT INTO `sys_tenant_resource` VALUES (1647, 5, 14, 13, '2023-07-06 11:50:28', 13, '2023-10-12 10:06:38', 1);
INSERT INTO `sys_tenant_resource` VALUES (1648, 5, 15, 13, '2023-07-06 11:50:28', 13, '2023-10-12 10:06:38', 1);
INSERT INTO `sys_tenant_resource` VALUES (1649, 5, 16, 13, '2023-07-06 11:50:28', 13, '2023-10-12 10:06:38', 1);
INSERT INTO `sys_tenant_resource` VALUES (1650, 5, 17, 13, '2023-07-06 11:50:28', 13, '2023-10-12 10:06:38', 1);
INSERT INTO `sys_tenant_resource` VALUES (1651, 5, 18, 13, '2023-07-06 11:50:28', 13, '2023-10-12 10:06:38', 1);
INSERT INTO `sys_tenant_resource` VALUES (1652, 5, 19, 13, '2023-07-06 11:50:28', 13, '2023-10-12 10:06:38', 1);
INSERT INTO `sys_tenant_resource` VALUES (1653, 5, 20, 13, '2023-07-06 11:50:28', 13, '2023-10-12 10:06:38', 1);
INSERT INTO `sys_tenant_resource` VALUES (1654, 5, 21, 13, '2023-07-06 11:50:28', 13, '2023-10-12 10:06:38', 1);
INSERT INTO `sys_tenant_resource` VALUES (1655, 5, 5, 13, '2023-07-06 11:50:28', 13, '2023-10-12 10:06:38', 1);
INSERT INTO `sys_tenant_resource` VALUES (1656, 5, 23, 13, '2023-07-06 11:50:28', 13, '2023-10-12 10:06:38', 1);
INSERT INTO `sys_tenant_resource` VALUES (1657, 5, 24, 13, '2023-07-06 11:50:28', 13, '2023-10-12 10:06:38', 1);
INSERT INTO `sys_tenant_resource` VALUES (1658, 5, 25, 13, '2023-07-06 11:50:28', 13, '2023-10-12 10:06:38', 1);
INSERT INTO `sys_tenant_resource` VALUES (1659, 5, 26, 13, '2023-07-06 11:50:28', 13, '2023-10-12 10:06:38', 1);
INSERT INTO `sys_tenant_resource` VALUES (1660, 5, 29, 13, '2023-07-06 11:50:28', 13, '2023-10-12 10:06:38', 1);
INSERT INTO `sys_tenant_resource` VALUES (1661, 5, 22, 13, '2023-07-06 11:50:28', 13, '2023-10-12 10:06:38', 1);
INSERT INTO `sys_tenant_resource` VALUES (1662, 5, 74, 13, '2023-07-06 11:50:28', 13, '2023-10-12 10:06:38', 1);
INSERT INTO `sys_tenant_resource` VALUES (1663, 5, 75, 13, '2023-07-06 11:50:28', 13, '2023-10-12 10:06:38', 1);
INSERT INTO `sys_tenant_resource` VALUES (1664, 5, 76, 13, '2023-07-06 11:50:28', 13, '2023-10-12 10:06:38', 1);
INSERT INTO `sys_tenant_resource` VALUES (1665, 5, 77, 13, '2023-07-06 11:50:28', 13, '2023-10-12 10:06:38', 1);
INSERT INTO `sys_tenant_resource` VALUES (1666, 5, 78, 13, '2023-07-06 11:50:28', 13, '2023-10-12 10:06:38', 1);
INSERT INTO `sys_tenant_resource` VALUES (1667, 5, 79, 13, '2023-07-06 11:50:28', 13, '2023-10-12 10:06:38', 1);
INSERT INTO `sys_tenant_resource` VALUES (1668, 5, 80, 13, '2023-07-06 11:50:28', 13, '2023-10-12 10:06:38', 1);
INSERT INTO `sys_tenant_resource` VALUES (1669, 5, 81, 13, '2023-07-06 11:50:28', 13, '2023-10-12 10:06:38', 1);
INSERT INTO `sys_tenant_resource` VALUES (1670, 5, 82, 13, '2023-07-06 11:50:28', 13, '2023-10-12 10:06:38', 1);
INSERT INTO `sys_tenant_resource` VALUES (1671, 5, 83, 13, '2023-07-06 11:50:28', 13, '2023-10-12 10:06:38', 1);
INSERT INTO `sys_tenant_resource` VALUES (1672, 5, 84, 13, '2023-07-06 11:50:28', 13, '2023-10-12 10:06:38', 1);
INSERT INTO `sys_tenant_resource` VALUES (1673, 5, 85, 13, '2023-07-06 11:50:28', 13, '2023-10-12 10:06:38', 1);
INSERT INTO `sys_tenant_resource` VALUES (1674, 5, 28, 13, '2023-07-06 11:50:28', 13, '2023-10-12 10:06:38', 1);
INSERT INTO `sys_tenant_resource` VALUES (1675, 5, 32, 13, '2023-07-06 11:50:28', 13, '2023-10-12 10:06:38', 1);
INSERT INTO `sys_tenant_resource` VALUES (1676, 5, 33, 13, '2023-07-06 11:50:28', 13, '2023-10-12 10:06:38', 1);
INSERT INTO `sys_tenant_resource` VALUES (1677, 5, 34, 13, '2023-07-06 11:50:28', 13, '2023-10-12 10:06:38', 1);
INSERT INTO `sys_tenant_resource` VALUES (1678, 5, 39, 13, '2023-07-06 11:50:28', 13, '2023-10-12 10:06:38', 1);
INSERT INTO `sys_tenant_resource` VALUES (1679, 5, 40, 13, '2023-07-06 11:50:28', 13, '2023-10-12 10:06:38', 1);
INSERT INTO `sys_tenant_resource` VALUES (1680, 5, 31, 13, '2023-07-06 11:50:28', 13, '2023-10-12 10:06:38', 1);
INSERT INTO `sys_tenant_resource` VALUES (1681, 5, 42, 13, '2023-07-06 11:50:28', 13, '2023-10-12 10:06:38', 1);
INSERT INTO `sys_tenant_resource` VALUES (1682, 5, 43, 13, '2023-07-06 11:50:28', 13, '2023-10-12 10:06:38', 1);
INSERT INTO `sys_tenant_resource` VALUES (1683, 5, 44, 13, '2023-07-06 11:50:28', 13, '2023-10-12 10:06:38', 1);
INSERT INTO `sys_tenant_resource` VALUES (1684, 5, 45, 13, '2023-07-06 11:50:28', 13, '2023-10-12 10:06:38', 1);
INSERT INTO `sys_tenant_resource` VALUES (1685, 5, 41, 13, '2023-07-06 11:50:28', 13, '2023-10-12 10:06:38', 1);
INSERT INTO `sys_tenant_resource` VALUES (1686, 5, 69, 13, '2023-07-06 11:50:28', 13, '2023-10-12 10:06:38', 1);
INSERT INTO `sys_tenant_resource` VALUES (1687, 5, 70, 13, '2023-07-06 11:50:28', 13, '2023-10-12 10:06:38', 1);
INSERT INTO `sys_tenant_resource` VALUES (1688, 5, 71, 13, '2023-07-06 11:50:28', 13, '2023-10-12 10:06:38', 1);
INSERT INTO `sys_tenant_resource` VALUES (1689, 5, 72, 13, '2023-07-06 11:50:28', 13, '2023-10-12 10:06:38', 1);
INSERT INTO `sys_tenant_resource` VALUES (1690, 5, 73, 13, '2023-07-06 11:50:28', 13, '2023-10-12 10:06:38', 1);
INSERT INTO `sys_tenant_resource` VALUES (1691, 5, 68, 13, '2023-07-06 11:50:28', 13, '2023-10-12 10:06:38', 1);
INSERT INTO `sys_tenant_resource` VALUES (1692, 5, 9, 13, '2023-07-06 11:50:28', 13, '2023-10-12 10:06:38', 1);
INSERT INTO `sys_tenant_resource` VALUES (1693, 5, 37, 13, '2023-07-06 11:50:28', 13, '2023-10-12 10:06:38', 1);
INSERT INTO `sys_tenant_resource` VALUES (1694, 5, 38, 13, '2023-07-06 11:50:28', 13, '2023-10-12 10:06:38', 1);
INSERT INTO `sys_tenant_resource` VALUES (1695, 5, 46, 13, '2023-07-06 11:50:28', 13, '2023-10-12 10:06:38', 1);
INSERT INTO `sys_tenant_resource` VALUES (1696, 5, 59, 13, '2023-07-06 11:50:28', 13, '2023-10-12 10:06:38', 1);
INSERT INTO `sys_tenant_resource` VALUES (1697, 5, 60, 13, '2023-07-06 11:50:28', 13, '2023-10-12 10:06:38', 1);
INSERT INTO `sys_tenant_resource` VALUES (1698, 5, 61, 13, '2023-07-06 11:50:28', 13, '2023-10-12 10:06:38', 1);
INSERT INTO `sys_tenant_resource` VALUES (1699, 5, 64, 13, '2023-07-06 11:50:28', 13, '2023-10-12 10:06:38', 1);
INSERT INTO `sys_tenant_resource` VALUES (1700, 5, 66, 13, '2023-07-06 11:50:28', 13, '2023-10-12 10:06:38', 1);
INSERT INTO `sys_tenant_resource` VALUES (1701, 5, 47, 13, '2023-07-06 11:50:28', 13, '2023-10-12 10:06:38', 1);
INSERT INTO `sys_tenant_resource` VALUES (1702, 5, 62, 13, '2023-07-06 11:50:28', 13, '2023-10-12 10:06:38', 1);
INSERT INTO `sys_tenant_resource` VALUES (1703, 5, 63, 13, '2023-07-06 11:50:28', 13, '2023-10-12 10:06:38', 1);
INSERT INTO `sys_tenant_resource` VALUES (1704, 5, 65, 13, '2023-07-06 11:50:28', 13, '2023-10-12 10:06:38', 1);
INSERT INTO `sys_tenant_resource` VALUES (1705, 5, 67, 13, '2023-07-06 11:50:28', 13, '2023-10-12 10:06:38', 1);
INSERT INTO `sys_tenant_resource` VALUES (1706, 5, 48, 13, '2023-07-06 11:50:28', 13, '2023-10-12 10:06:38', 1);
INSERT INTO `sys_tenant_resource` VALUES (1707, 5, 86, 13, '2023-07-06 11:50:28', 13, '2023-10-12 10:06:38', 1);
INSERT INTO `sys_tenant_resource` VALUES (1708, 5, 89, 13, '2023-07-06 11:50:28', 13, '2023-10-12 10:06:38', 1);
INSERT INTO `sys_tenant_resource` VALUES (1709, 5, 90, 13, '2023-07-06 11:50:28', 13, '2023-10-12 10:06:38', 1);
INSERT INTO `sys_tenant_resource` VALUES (1710, 5, 91, 13, '2023-07-06 11:50:28', 13, '2023-10-12 10:06:38', 1);
INSERT INTO `sys_tenant_resource` VALUES (1711, 5, 88, 13, '2023-07-06 11:50:28', 13, '2023-10-12 10:06:38', 1);
INSERT INTO `sys_tenant_resource` VALUES (1712, 5, 87, 13, '2023-07-06 11:50:28', 13, '2023-10-12 10:06:38', 1);
INSERT INTO `sys_tenant_resource` VALUES (1713, 5, 1, 13, '2023-10-12 10:06:38', 13, '2023-10-12 13:38:09', 1);
INSERT INTO `sys_tenant_resource` VALUES (1714, 5, 2, 13, '2023-10-12 10:06:38', 13, '2023-10-12 13:38:09', 1);
INSERT INTO `sys_tenant_resource` VALUES (1715, 5, 3, 13, '2023-10-12 10:06:38', 13, '2023-10-12 13:38:09', 1);
INSERT INTO `sys_tenant_resource` VALUES (1716, 5, 6, 13, '2023-10-12 10:06:38', 13, '2023-10-12 13:38:09', 1);
INSERT INTO `sys_tenant_resource` VALUES (1717, 5, 7, 13, '2023-10-12 10:06:38', 13, '2023-10-12 13:38:09', 1);
INSERT INTO `sys_tenant_resource` VALUES (1718, 5, 8, 13, '2023-10-12 10:06:38', 13, '2023-10-12 13:38:09', 1);
INSERT INTO `sys_tenant_resource` VALUES (1719, 5, 10, 13, '2023-10-12 10:06:38', 13, '2023-10-12 13:38:09', 1);
INSERT INTO `sys_tenant_resource` VALUES (1720, 5, 11, 13, '2023-10-12 10:06:38', 13, '2023-10-12 13:38:09', 1);
INSERT INTO `sys_tenant_resource` VALUES (1721, 5, 12, 13, '2023-10-12 10:06:38', 13, '2023-10-12 13:38:09', 1);
INSERT INTO `sys_tenant_resource` VALUES (1722, 5, 13, 13, '2023-10-12 10:06:38', 13, '2023-10-12 13:38:09', 1);
INSERT INTO `sys_tenant_resource` VALUES (1723, 5, 49, 13, '2023-10-12 10:06:38', 13, '2023-10-12 13:38:09', 1);
INSERT INTO `sys_tenant_resource` VALUES (1724, 5, 4, 13, '2023-10-12 10:06:38', 13, '2023-10-12 13:38:09', 1);
INSERT INTO `sys_tenant_resource` VALUES (1725, 5, 14, 13, '2023-10-12 10:06:38', 13, '2023-10-12 13:38:09', 1);
INSERT INTO `sys_tenant_resource` VALUES (1726, 5, 15, 13, '2023-10-12 10:06:38', 13, '2023-10-12 13:38:09', 1);
INSERT INTO `sys_tenant_resource` VALUES (1727, 5, 16, 13, '2023-10-12 10:06:38', 13, '2023-10-12 13:38:09', 1);
INSERT INTO `sys_tenant_resource` VALUES (1728, 5, 17, 13, '2023-10-12 10:06:38', 13, '2023-10-12 13:38:09', 1);
INSERT INTO `sys_tenant_resource` VALUES (1729, 5, 18, 13, '2023-10-12 10:06:38', 13, '2023-10-12 13:38:09', 1);
INSERT INTO `sys_tenant_resource` VALUES (1730, 5, 19, 13, '2023-10-12 10:06:38', 13, '2023-10-12 13:38:09', 1);
INSERT INTO `sys_tenant_resource` VALUES (1731, 5, 20, 13, '2023-10-12 10:06:38', 13, '2023-10-12 13:38:09', 1);
INSERT INTO `sys_tenant_resource` VALUES (1732, 5, 21, 13, '2023-10-12 10:06:38', 13, '2023-10-12 13:38:09', 1);
INSERT INTO `sys_tenant_resource` VALUES (1733, 5, 5, 13, '2023-10-12 10:06:38', 13, '2023-10-12 13:38:09', 1);
INSERT INTO `sys_tenant_resource` VALUES (1734, 5, 23, 13, '2023-10-12 10:06:38', 13, '2023-10-12 13:38:09', 1);
INSERT INTO `sys_tenant_resource` VALUES (1735, 5, 24, 13, '2023-10-12 10:06:38', 13, '2023-10-12 13:38:09', 1);
INSERT INTO `sys_tenant_resource` VALUES (1736, 5, 25, 13, '2023-10-12 10:06:38', 13, '2023-10-12 13:38:09', 1);
INSERT INTO `sys_tenant_resource` VALUES (1737, 5, 26, 13, '2023-10-12 10:06:38', 13, '2023-10-12 13:38:09', 1);
INSERT INTO `sys_tenant_resource` VALUES (1738, 5, 29, 13, '2023-10-12 10:06:38', 13, '2023-10-12 13:38:09', 1);
INSERT INTO `sys_tenant_resource` VALUES (1739, 5, 22, 13, '2023-10-12 10:06:38', 13, '2023-10-12 13:38:09', 1);
INSERT INTO `sys_tenant_resource` VALUES (1740, 5, 74, 13, '2023-10-12 10:06:38', 13, '2023-10-12 13:38:09', 1);
INSERT INTO `sys_tenant_resource` VALUES (1741, 5, 75, 13, '2023-10-12 10:06:38', 13, '2023-10-12 13:38:09', 1);
INSERT INTO `sys_tenant_resource` VALUES (1742, 5, 76, 13, '2023-10-12 10:06:38', 13, '2023-10-12 13:38:09', 1);
INSERT INTO `sys_tenant_resource` VALUES (1743, 5, 77, 13, '2023-10-12 10:06:38', 13, '2023-10-12 13:38:09', 1);
INSERT INTO `sys_tenant_resource` VALUES (1744, 5, 78, 13, '2023-10-12 10:06:38', 13, '2023-10-12 13:38:09', 1);
INSERT INTO `sys_tenant_resource` VALUES (1745, 5, 79, 13, '2023-10-12 10:06:38', 13, '2023-10-12 13:38:09', 1);
INSERT INTO `sys_tenant_resource` VALUES (1746, 5, 80, 13, '2023-10-12 10:06:38', 13, '2023-10-12 13:38:09', 1);
INSERT INTO `sys_tenant_resource` VALUES (1747, 5, 81, 13, '2023-10-12 10:06:38', 13, '2023-10-12 13:38:09', 1);
INSERT INTO `sys_tenant_resource` VALUES (1748, 5, 82, 13, '2023-10-12 10:06:38', 13, '2023-10-12 13:38:09', 1);
INSERT INTO `sys_tenant_resource` VALUES (1749, 5, 83, 13, '2023-10-12 10:06:38', 13, '2023-10-12 13:38:09', 1);
INSERT INTO `sys_tenant_resource` VALUES (1750, 5, 84, 13, '2023-10-12 10:06:38', 13, '2023-10-12 13:38:09', 1);
INSERT INTO `sys_tenant_resource` VALUES (1751, 5, 85, 13, '2023-10-12 10:06:38', 13, '2023-10-12 13:38:09', 1);
INSERT INTO `sys_tenant_resource` VALUES (1752, 5, 28, 13, '2023-10-12 10:06:38', 13, '2023-10-12 13:38:09', 1);
INSERT INTO `sys_tenant_resource` VALUES (1753, 5, 32, 13, '2023-10-12 10:06:38', 13, '2023-10-12 13:38:09', 1);
INSERT INTO `sys_tenant_resource` VALUES (1754, 5, 33, 13, '2023-10-12 10:06:38', 13, '2023-10-12 13:38:09', 1);
INSERT INTO `sys_tenant_resource` VALUES (1755, 5, 34, 13, '2023-10-12 10:06:38', 13, '2023-10-12 13:38:09', 1);
INSERT INTO `sys_tenant_resource` VALUES (1756, 5, 39, 13, '2023-10-12 10:06:38', 13, '2023-10-12 13:38:09', 1);
INSERT INTO `sys_tenant_resource` VALUES (1757, 5, 40, 13, '2023-10-12 10:06:38', 13, '2023-10-12 13:38:09', 1);
INSERT INTO `sys_tenant_resource` VALUES (1758, 5, 31, 13, '2023-10-12 10:06:38', 13, '2023-10-12 13:38:09', 1);
INSERT INTO `sys_tenant_resource` VALUES (1759, 5, 42, 13, '2023-10-12 10:06:38', 13, '2023-10-12 13:38:09', 1);
INSERT INTO `sys_tenant_resource` VALUES (1760, 5, 43, 13, '2023-10-12 10:06:38', 13, '2023-10-12 13:38:09', 1);
INSERT INTO `sys_tenant_resource` VALUES (1761, 5, 44, 13, '2023-10-12 10:06:38', 13, '2023-10-12 13:38:09', 1);
INSERT INTO `sys_tenant_resource` VALUES (1762, 5, 45, 13, '2023-10-12 10:06:38', 13, '2023-10-12 13:38:09', 1);
INSERT INTO `sys_tenant_resource` VALUES (1763, 5, 41, 13, '2023-10-12 10:06:38', 13, '2023-10-12 13:38:09', 1);
INSERT INTO `sys_tenant_resource` VALUES (1764, 5, 69, 13, '2023-10-12 10:06:38', 13, '2023-10-12 13:38:09', 1);
INSERT INTO `sys_tenant_resource` VALUES (1765, 5, 70, 13, '2023-10-12 10:06:38', 13, '2023-10-12 13:38:09', 1);
INSERT INTO `sys_tenant_resource` VALUES (1766, 5, 71, 13, '2023-10-12 10:06:38', 13, '2023-10-12 13:38:09', 1);
INSERT INTO `sys_tenant_resource` VALUES (1767, 5, 72, 13, '2023-10-12 10:06:38', 13, '2023-10-12 13:38:09', 1);
INSERT INTO `sys_tenant_resource` VALUES (1768, 5, 73, 13, '2023-10-12 10:06:38', 13, '2023-10-12 13:38:09', 1);
INSERT INTO `sys_tenant_resource` VALUES (1769, 5, 68, 13, '2023-10-12 10:06:38', 13, '2023-10-12 13:38:09', 1);
INSERT INTO `sys_tenant_resource` VALUES (1770, 5, 9, 13, '2023-10-12 10:06:38', 13, '2023-10-12 13:38:09', 1);
INSERT INTO `sys_tenant_resource` VALUES (1771, 5, 37, 13, '2023-10-12 10:06:38', 13, '2023-10-12 13:38:09', 1);
INSERT INTO `sys_tenant_resource` VALUES (1772, 5, 38, 13, '2023-10-12 10:06:38', 13, '2023-10-12 13:38:09', 1);
INSERT INTO `sys_tenant_resource` VALUES (1773, 5, 46, 13, '2023-10-12 10:06:38', 13, '2023-10-12 13:38:09', 1);
INSERT INTO `sys_tenant_resource` VALUES (1774, 5, 59, 13, '2023-10-12 10:06:38', 13, '2023-10-12 13:38:09', 1);
INSERT INTO `sys_tenant_resource` VALUES (1775, 5, 60, 13, '2023-10-12 10:06:38', 13, '2023-10-12 13:38:09', 1);
INSERT INTO `sys_tenant_resource` VALUES (1776, 5, 61, 13, '2023-10-12 10:06:38', 13, '2023-10-12 13:38:09', 1);
INSERT INTO `sys_tenant_resource` VALUES (1777, 5, 64, 13, '2023-10-12 10:06:38', 13, '2023-10-12 13:38:09', 1);
INSERT INTO `sys_tenant_resource` VALUES (1778, 5, 66, 13, '2023-10-12 10:06:38', 13, '2023-10-12 13:38:09', 1);
INSERT INTO `sys_tenant_resource` VALUES (1779, 5, 47, 13, '2023-10-12 10:06:38', 13, '2023-10-12 13:38:09', 1);
INSERT INTO `sys_tenant_resource` VALUES (1780, 5, 62, 13, '2023-10-12 10:06:38', 13, '2023-10-12 13:38:09', 1);
INSERT INTO `sys_tenant_resource` VALUES (1781, 5, 63, 13, '2023-10-12 10:06:38', 13, '2023-10-12 13:38:09', 1);
INSERT INTO `sys_tenant_resource` VALUES (1782, 5, 65, 13, '2023-10-12 10:06:38', 13, '2023-10-12 13:38:09', 1);
INSERT INTO `sys_tenant_resource` VALUES (1783, 5, 67, 13, '2023-10-12 10:06:38', 13, '2023-10-12 13:38:09', 1);
INSERT INTO `sys_tenant_resource` VALUES (1784, 5, 48, 13, '2023-10-12 10:06:38', 13, '2023-10-12 13:38:09', 1);
INSERT INTO `sys_tenant_resource` VALUES (1785, 5, 86, 13, '2023-10-12 10:06:38', 13, '2023-10-12 13:38:09', 1);
INSERT INTO `sys_tenant_resource` VALUES (1786, 5, 89, 13, '2023-10-12 10:06:38', 13, '2023-10-12 13:38:09', 1);
INSERT INTO `sys_tenant_resource` VALUES (1787, 5, 90, 13, '2023-10-12 10:06:38', 13, '2023-10-12 13:38:09', 1);
INSERT INTO `sys_tenant_resource` VALUES (1788, 5, 91, 13, '2023-10-12 10:06:38', 13, '2023-10-12 13:38:09', 1);
INSERT INTO `sys_tenant_resource` VALUES (1789, 5, 92, 13, '2023-10-12 10:06:38', 13, '2023-10-12 13:38:09', 1);
INSERT INTO `sys_tenant_resource` VALUES (1790, 5, 88, 13, '2023-10-12 10:06:38', 13, '2023-10-12 13:38:09', 1);
INSERT INTO `sys_tenant_resource` VALUES (1791, 5, 87, 13, '2023-10-12 10:06:38', 13, '2023-10-12 13:38:09', 1);
INSERT INTO `sys_tenant_resource` VALUES (1792, 5, 1, 13, '2023-10-12 13:38:09', NULL, NULL, 0);
INSERT INTO `sys_tenant_resource` VALUES (1793, 5, 2, 13, '2023-10-12 13:38:09', NULL, NULL, 0);
INSERT INTO `sys_tenant_resource` VALUES (1794, 5, 3, 13, '2023-10-12 13:38:09', NULL, NULL, 0);
INSERT INTO `sys_tenant_resource` VALUES (1795, 5, 6, 13, '2023-10-12 13:38:09', NULL, NULL, 0);
INSERT INTO `sys_tenant_resource` VALUES (1796, 5, 7, 13, '2023-10-12 13:38:09', NULL, NULL, 0);
INSERT INTO `sys_tenant_resource` VALUES (1797, 5, 8, 13, '2023-10-12 13:38:09', NULL, NULL, 0);
INSERT INTO `sys_tenant_resource` VALUES (1798, 5, 10, 13, '2023-10-12 13:38:09', NULL, NULL, 0);
INSERT INTO `sys_tenant_resource` VALUES (1799, 5, 11, 13, '2023-10-12 13:38:09', NULL, NULL, 0);
INSERT INTO `sys_tenant_resource` VALUES (1800, 5, 12, 13, '2023-10-12 13:38:09', NULL, NULL, 0);
INSERT INTO `sys_tenant_resource` VALUES (1801, 5, 13, 13, '2023-10-12 13:38:09', NULL, NULL, 0);
INSERT INTO `sys_tenant_resource` VALUES (1802, 5, 49, 13, '2023-10-12 13:38:09', NULL, NULL, 0);
INSERT INTO `sys_tenant_resource` VALUES (1803, 5, 4, 13, '2023-10-12 13:38:09', NULL, NULL, 0);
INSERT INTO `sys_tenant_resource` VALUES (1804, 5, 14, 13, '2023-10-12 13:38:09', NULL, NULL, 0);
INSERT INTO `sys_tenant_resource` VALUES (1805, 5, 15, 13, '2023-10-12 13:38:09', NULL, NULL, 0);
INSERT INTO `sys_tenant_resource` VALUES (1806, 5, 16, 13, '2023-10-12 13:38:09', NULL, NULL, 0);
INSERT INTO `sys_tenant_resource` VALUES (1807, 5, 17, 13, '2023-10-12 13:38:09', NULL, NULL, 0);
INSERT INTO `sys_tenant_resource` VALUES (1808, 5, 18, 13, '2023-10-12 13:38:09', NULL, NULL, 0);
INSERT INTO `sys_tenant_resource` VALUES (1809, 5, 19, 13, '2023-10-12 13:38:09', NULL, NULL, 0);
INSERT INTO `sys_tenant_resource` VALUES (1810, 5, 20, 13, '2023-10-12 13:38:09', NULL, NULL, 0);
INSERT INTO `sys_tenant_resource` VALUES (1811, 5, 21, 13, '2023-10-12 13:38:09', NULL, NULL, 0);
INSERT INTO `sys_tenant_resource` VALUES (1812, 5, 5, 13, '2023-10-12 13:38:09', NULL, NULL, 0);
INSERT INTO `sys_tenant_resource` VALUES (1813, 5, 23, 13, '2023-10-12 13:38:09', NULL, NULL, 0);
INSERT INTO `sys_tenant_resource` VALUES (1814, 5, 24, 13, '2023-10-12 13:38:09', NULL, NULL, 0);
INSERT INTO `sys_tenant_resource` VALUES (1815, 5, 25, 13, '2023-10-12 13:38:09', NULL, NULL, 0);
INSERT INTO `sys_tenant_resource` VALUES (1816, 5, 26, 13, '2023-10-12 13:38:09', NULL, NULL, 0);
INSERT INTO `sys_tenant_resource` VALUES (1817, 5, 29, 13, '2023-10-12 13:38:09', NULL, NULL, 0);
INSERT INTO `sys_tenant_resource` VALUES (1818, 5, 22, 13, '2023-10-12 13:38:09', NULL, NULL, 0);
INSERT INTO `sys_tenant_resource` VALUES (1819, 5, 74, 13, '2023-10-12 13:38:09', NULL, NULL, 0);
INSERT INTO `sys_tenant_resource` VALUES (1820, 5, 75, 13, '2023-10-12 13:38:09', NULL, NULL, 0);
INSERT INTO `sys_tenant_resource` VALUES (1821, 5, 76, 13, '2023-10-12 13:38:09', NULL, NULL, 0);
INSERT INTO `sys_tenant_resource` VALUES (1822, 5, 77, 13, '2023-10-12 13:38:09', NULL, NULL, 0);
INSERT INTO `sys_tenant_resource` VALUES (1823, 5, 78, 13, '2023-10-12 13:38:09', NULL, NULL, 0);
INSERT INTO `sys_tenant_resource` VALUES (1824, 5, 79, 13, '2023-10-12 13:38:09', NULL, NULL, 0);
INSERT INTO `sys_tenant_resource` VALUES (1825, 5, 80, 13, '2023-10-12 13:38:09', NULL, NULL, 0);
INSERT INTO `sys_tenant_resource` VALUES (1826, 5, 81, 13, '2023-10-12 13:38:09', NULL, NULL, 0);
INSERT INTO `sys_tenant_resource` VALUES (1827, 5, 82, 13, '2023-10-12 13:38:09', NULL, NULL, 0);
INSERT INTO `sys_tenant_resource` VALUES (1828, 5, 83, 13, '2023-10-12 13:38:09', NULL, NULL, 0);
INSERT INTO `sys_tenant_resource` VALUES (1829, 5, 84, 13, '2023-10-12 13:38:09', NULL, NULL, 0);
INSERT INTO `sys_tenant_resource` VALUES (1830, 5, 85, 13, '2023-10-12 13:38:09', NULL, NULL, 0);
INSERT INTO `sys_tenant_resource` VALUES (1831, 5, 28, 13, '2023-10-12 13:38:09', NULL, NULL, 0);
INSERT INTO `sys_tenant_resource` VALUES (1832, 5, 32, 13, '2023-10-12 13:38:09', NULL, NULL, 0);
INSERT INTO `sys_tenant_resource` VALUES (1833, 5, 33, 13, '2023-10-12 13:38:09', NULL, NULL, 0);
INSERT INTO `sys_tenant_resource` VALUES (1834, 5, 34, 13, '2023-10-12 13:38:09', NULL, NULL, 0);
INSERT INTO `sys_tenant_resource` VALUES (1835, 5, 39, 13, '2023-10-12 13:38:09', NULL, NULL, 0);
INSERT INTO `sys_tenant_resource` VALUES (1836, 5, 40, 13, '2023-10-12 13:38:09', NULL, NULL, 0);
INSERT INTO `sys_tenant_resource` VALUES (1837, 5, 31, 13, '2023-10-12 13:38:09', NULL, NULL, 0);
INSERT INTO `sys_tenant_resource` VALUES (1838, 5, 42, 13, '2023-10-12 13:38:09', NULL, NULL, 0);
INSERT INTO `sys_tenant_resource` VALUES (1839, 5, 43, 13, '2023-10-12 13:38:09', NULL, NULL, 0);
INSERT INTO `sys_tenant_resource` VALUES (1840, 5, 44, 13, '2023-10-12 13:38:09', NULL, NULL, 0);
INSERT INTO `sys_tenant_resource` VALUES (1841, 5, 45, 13, '2023-10-12 13:38:09', NULL, NULL, 0);
INSERT INTO `sys_tenant_resource` VALUES (1842, 5, 41, 13, '2023-10-12 13:38:09', NULL, NULL, 0);
INSERT INTO `sys_tenant_resource` VALUES (1843, 5, 69, 13, '2023-10-12 13:38:09', NULL, NULL, 0);
INSERT INTO `sys_tenant_resource` VALUES (1844, 5, 70, 13, '2023-10-12 13:38:09', NULL, NULL, 0);
INSERT INTO `sys_tenant_resource` VALUES (1845, 5, 71, 13, '2023-10-12 13:38:09', NULL, NULL, 0);
INSERT INTO `sys_tenant_resource` VALUES (1846, 5, 72, 13, '2023-10-12 13:38:09', NULL, NULL, 0);
INSERT INTO `sys_tenant_resource` VALUES (1847, 5, 73, 13, '2023-10-12 13:38:09', NULL, NULL, 0);
INSERT INTO `sys_tenant_resource` VALUES (1848, 5, 68, 13, '2023-10-12 13:38:09', NULL, NULL, 0);
INSERT INTO `sys_tenant_resource` VALUES (1849, 5, 9, 13, '2023-10-12 13:38:09', NULL, NULL, 0);
INSERT INTO `sys_tenant_resource` VALUES (1850, 5, 37, 13, '2023-10-12 13:38:09', NULL, NULL, 0);
INSERT INTO `sys_tenant_resource` VALUES (1851, 5, 38, 13, '2023-10-12 13:38:09', NULL, NULL, 0);
INSERT INTO `sys_tenant_resource` VALUES (1852, 5, 46, 13, '2023-10-12 13:38:09', NULL, NULL, 0);
INSERT INTO `sys_tenant_resource` VALUES (1853, 5, 59, 13, '2023-10-12 13:38:09', NULL, NULL, 0);
INSERT INTO `sys_tenant_resource` VALUES (1854, 5, 60, 13, '2023-10-12 13:38:09', NULL, NULL, 0);
INSERT INTO `sys_tenant_resource` VALUES (1855, 5, 61, 13, '2023-10-12 13:38:09', NULL, NULL, 0);
INSERT INTO `sys_tenant_resource` VALUES (1856, 5, 64, 13, '2023-10-12 13:38:09', NULL, NULL, 0);
INSERT INTO `sys_tenant_resource` VALUES (1857, 5, 66, 13, '2023-10-12 13:38:09', NULL, NULL, 0);
INSERT INTO `sys_tenant_resource` VALUES (1858, 5, 47, 13, '2023-10-12 13:38:09', NULL, NULL, 0);
INSERT INTO `sys_tenant_resource` VALUES (1859, 5, 62, 13, '2023-10-12 13:38:09', NULL, NULL, 0);
INSERT INTO `sys_tenant_resource` VALUES (1860, 5, 63, 13, '2023-10-12 13:38:09', NULL, NULL, 0);
INSERT INTO `sys_tenant_resource` VALUES (1861, 5, 65, 13, '2023-10-12 13:38:09', NULL, NULL, 0);
INSERT INTO `sys_tenant_resource` VALUES (1862, 5, 67, 13, '2023-10-12 13:38:09', NULL, NULL, 0);
INSERT INTO `sys_tenant_resource` VALUES (1863, 5, 48, 13, '2023-10-12 13:38:09', NULL, NULL, 0);
INSERT INTO `sys_tenant_resource` VALUES (1864, 5, 86, 13, '2023-10-12 13:38:09', NULL, NULL, 0);
INSERT INTO `sys_tenant_resource` VALUES (1865, 5, 89, 13, '2023-10-12 13:38:09', NULL, NULL, 0);
INSERT INTO `sys_tenant_resource` VALUES (1866, 5, 90, 13, '2023-10-12 13:38:09', NULL, NULL, 0);
INSERT INTO `sys_tenant_resource` VALUES (1867, 5, 91, 13, '2023-10-12 13:38:09', NULL, NULL, 0);
INSERT INTO `sys_tenant_resource` VALUES (1868, 5, 92, 13, '2023-10-12 13:38:09', NULL, NULL, 0);
INSERT INTO `sys_tenant_resource` VALUES (1869, 5, 93, 13, '2023-10-12 13:38:09', NULL, NULL, 0);
INSERT INTO `sys_tenant_resource` VALUES (1870, 5, 88, 13, '2023-10-12 13:38:09', NULL, NULL, 0);
INSERT INTO `sys_tenant_resource` VALUES (1871, 5, 87, 13, '2023-10-12 13:38:09', NULL, NULL, 0);

-- ----------------------------
-- Table structure for sys_user
-- ----------------------------
DROP TABLE IF EXISTS `sys_user`;
CREATE TABLE `sys_user`  (
  `id` bigint NOT NULL AUTO_INCREMENT COMMENT '主键ID',
  `account` varchar(255) CHARACTER SET utf8mb4 COLLATE utf8mb4_unicode_ci NULL DEFAULT NULL COMMENT '账号',
  `password` varchar(255) CHARACTER SET utf8mb4 COLLATE utf8mb4_unicode_ci NULL DEFAULT NULL COMMENT '密码',
  `encode_password` varchar(255) CHARACTER SET utf8mb4 COLLATE utf8mb4_general_ci NULL DEFAULT NULL COMMENT '加密密码',
  `telephone` varchar(255) CHARACTER SET utf8mb4 COLLATE utf8mb4_unicode_ci NULL DEFAULT NULL COMMENT '手机号',
  `name` varchar(255) CHARACTER SET utf8mb4 COLLATE utf8mb4_unicode_ci NULL DEFAULT NULL COMMENT '真实姓名',
  `sex` int NULL DEFAULT NULL COMMENT '性别',
  `avatar_id` bigint NULL DEFAULT NULL COMMENT '头像',
  `email` varchar(255) CHARACTER SET utf8mb4 COLLATE utf8mb4_unicode_ci NULL DEFAULT NULL COMMENT '邮箱',
  `description` text CHARACTER SET utf8mb4 COLLATE utf8mb4_general_ci NULL COMMENT '个人描述',
  `org_id` bigint NULL DEFAULT NULL COMMENT '组织id',
  `depart_id` bigint NULL DEFAULT NULL COMMENT '所属部门',
  `business_status` int NULL DEFAULT NULL COMMENT '业务状态',
  `is_manage` tinyint(1) NULL DEFAULT NULL COMMENT '是否管理员',
  `tenant_id` bigint NULL DEFAULT NULL COMMENT '租户ID',
  `create_user_id` bigint NULL DEFAULT NULL COMMENT '创建人',
  `create_time` datetime NULL DEFAULT NULL COMMENT '创建时间',
  `update_user_id` bigint NULL DEFAULT NULL COMMENT '修改人',
  `update_time` datetime NULL DEFAULT NULL COMMENT '修改时间',
  `status` int NULL DEFAULT NULL COMMENT '状态',
  PRIMARY KEY (`id`) USING BTREE
) ENGINE = InnoDB AUTO_INCREMENT = 22 CHARACTER SET = utf8mb4 COLLATE = utf8mb4_general_ci ROW_FORMAT = Dynamic;

-- ----------------------------
-- Records of sys_user
-- ----------------------------
INSERT INTO `sys_user` VALUES (1, 'admin', '$2a$10$uFDdGGWy9u/RTthGe5Vg4.FFMpvjnfZIBgX1HLgFA6vDtzJHaCuZu', NULL, '18007000000', '管理员', 1, 1590635711337758720, '5252@163.com', NULL, 1, NULL, 1, 1, 1, NULL, '2022-11-10 17:15:16', 13, '2023-06-25 17:31:05', 0);
INSERT INTO `sys_user` VALUES (13, 'admin', '$2a$10$ww1EMzpd1rMFcndQyrejMuLd2OB0sHUFUyzrZCrnGn6M0joxWwY2O', NULL, '15822222222', '管理员', 2, 1595668838942752768, 'sdsa@126.com', '测试', 20, NULL, 1, 1, 5, NULL, '2022-11-16 17:40:03', 13, '2023-10-17 14:14:44', 0);
INSERT INTO `sys_user` VALUES (16, 'test1', '$2a$10$z63uA4kXzLfeaC6Hnh41MO9ERgX2mSdVUZruWmx/WJuOhGxblSJGu', NULL, '12345678999', '测试员工一', 1, 1670986568595628032, '52525@163.com', NULL, 20, NULL, 1, 0, 5, 13, '2023-06-20 10:46:58', NULL, NULL, 0);
INSERT INTO `sys_user` VALUES (17, 'test2', '$2a$10$HQcYCL7AEW0dSsINdjMpsupetyP/78aDeU7uO3fHe7eTLMvS2acdO', NULL, '12345678952', '测试员工二', 1, 1670986794823802880, 'sda@163.com', NULL, 20, NULL, 1, 0, 5, 13, '2023-06-20 10:47:52', NULL, NULL, 0);
INSERT INTO `sys_user` VALUES (18, 'test3', '$2a$10$z3bGqFgd1W0Uy.PbLuHhPuswMbjxWixetykJARfWJj/s4OccWP7ce', NULL, '12345678947', '测试员工三', 1, 1670986922334838784, 'sdas@163.com', NULL, 20, NULL, 1, 0, 5, 13, '2023-06-20 10:48:22', NULL, NULL, 0);
INSERT INTO `sys_user` VALUES (19, 'test4', '$2a$10$GrZRPiD4LbbMpy4W04CFee3R6qnBfVmdNc0/HuXHJ8Vn4bSP5y86K', NULL, '12398745688', '测试员工四', 2, 1670987078023208960, '525@163.com', NULL, 20, NULL, 1, 0, 5, 13, '2023-06-20 10:49:00', NULL, NULL, 0);
INSERT INTO `sys_user` VALUES (20, 'test5', '$2a$10$VBYpOsq31dwW64D7rdRJ8eEWv1Oq3l7pafJg0oP/LlcZR8.DxOQ4C', NULL, '12398745888', '测试员工五', 2, 1670987204837990400, '985821@163.com', NULL, 20, NULL, 1, 0, 5, 13, '2023-06-20 10:49:30', NULL, NULL, 0);
INSERT INTO `sys_user` VALUES (21, 'test6', '$2a$10$w4GYoMp/bFvkgsCaKNmHde7bwNVnlQ096kZdvi.5vTVqEMT2dOOLa', NULL, '12369854755', '测试员工六', 2, 1670989331962486784, '15625@163.com', NULL, 20, NULL, 1, 0, 5, 13, '2023-06-20 10:57:57', NULL, NULL, 0);

-- ----------------------------
-- Table structure for sys_user_role
-- ----------------------------
DROP TABLE IF EXISTS `sys_user_role`;
CREATE TABLE `sys_user_role`  (
  `id` bigint NOT NULL AUTO_INCREMENT COMMENT '主键ID',
  `user_id` bigint NULL DEFAULT NULL COMMENT '用户ID',
  `role_id` bigint NULL DEFAULT NULL COMMENT '角色ID',
  `create_user_id` bigint NULL DEFAULT NULL COMMENT '创建人',
  `create_time` datetime NULL DEFAULT NULL COMMENT '创建时间',
  `update_user_id` bigint NULL DEFAULT NULL COMMENT '修改人',
  `update_time` datetime NULL DEFAULT NULL COMMENT '修改时间',
  `status` int NULL DEFAULT NULL COMMENT '状态',
  PRIMARY KEY (`id`) USING BTREE
) ENGINE = InnoDB AUTO_INCREMENT = 36 CHARACTER SET = utf8mb4 COLLATE = utf8mb4_general_ci COMMENT = '用户角色关联关系' ROW_FORMAT = Dynamic;

-- ----------------------------
-- Records of sys_user_role
-- ----------------------------
INSERT INTO `sys_user_role` VALUES (1, 1, 1, NULL, '2022-11-10 17:15:16', NULL, NULL, 0);
INSERT INTO `sys_user_role` VALUES (27, 13, 7, NULL, '2022-11-16 17:40:03', NULL, NULL, 0);
INSERT INTO `sys_user_role` VALUES (30, 16, 8, 13, '2023-06-20 10:46:58', NULL, NULL, 0);
INSERT INTO `sys_user_role` VALUES (31, 17, 8, 13, '2023-06-20 10:47:52', NULL, NULL, 0);
INSERT INTO `sys_user_role` VALUES (32, 18, 8, 13, '2023-06-20 10:48:22', NULL, NULL, 0);
INSERT INTO `sys_user_role` VALUES (33, 19, 8, 13, '2023-06-20 10:49:00', NULL, NULL, 0);
INSERT INTO `sys_user_role` VALUES (34, 20, 8, 13, '2023-06-20 10:49:30', NULL, NULL, 0);
INSERT INTO `sys_user_role` VALUES (35, 21, 8, 13, '2023-06-20 10:57:57', NULL, NULL, 0);

-- ----------------------------
-- Table structure for sys_user_third
-- ----------------------------
DROP TABLE IF EXISTS `sys_user_third`;
CREATE TABLE `sys_user_third`  (
  `id` bigint NOT NULL AUTO_INCREMENT COMMENT '主键ID',
  `user_id` bigint NULL DEFAULT NULL COMMENT '用户ID',
  `open_id` varchar(25) CHARACTER SET utf8mb4 COLLATE utf8mb4_unicode_ci NULL DEFAULT NULL COMMENT '开放平台ID',
  `nick_name` varchar(255) CHARACTER SET utf8mb4 COLLATE utf8mb4_unicode_ci NULL DEFAULT NULL COMMENT '开放平台用户昵称',
  `third_type` int NULL DEFAULT NULL COMMENT '开放平台类型',
  `tenant_id` bigint NULL DEFAULT NULL COMMENT '租户ID',
  `create_user_id` bigint NULL DEFAULT NULL COMMENT '创建人',
  `create_time` datetime NULL DEFAULT NULL COMMENT '创建时间',
  `update_user_id` bigint NULL DEFAULT NULL COMMENT '修改人',
  `update_time` datetime NULL DEFAULT NULL COMMENT '修改时间',
  `status` int NULL DEFAULT NULL COMMENT '状态',
  PRIMARY KEY (`id`) USING BTREE
) ENGINE = InnoDB CHARACTER SET = utf8mb4 COLLATE = utf8mb4_unicode_ci COMMENT = '用户和第三方平台关联关系' ROW_FORMAT = Dynamic;

-- ----------------------------
-- Records of sys_user_third
-- ----------------------------

-- ----------------------------
-- Table structure for xxl_job_group
-- ----------------------------
DROP TABLE IF EXISTS `xxl_job_group`;
CREATE TABLE `xxl_job_group`  (
  `id` int NOT NULL AUTO_INCREMENT,
  `app_name` varchar(64) CHARACTER SET utf8mb4 COLLATE utf8mb4_0900_ai_ci NOT NULL COMMENT '执行器AppName',
  `title` varchar(12) CHARACTER SET utf8mb4 COLLATE utf8mb4_0900_ai_ci NOT NULL COMMENT '执行器名称',
  `address_type` tinyint NOT NULL DEFAULT 0 COMMENT '执行器地址类型：0=自动注册、1=手动录入',
  `address_list` text CHARACTER SET utf8mb4 COLLATE utf8mb4_0900_ai_ci NULL COMMENT '执行器地址列表，多地址逗号分隔',
  `update_time` datetime NULL DEFAULT NULL,
  PRIMARY KEY (`id`) USING BTREE
) ENGINE = InnoDB AUTO_INCREMENT = 4 CHARACTER SET = utf8mb4 COLLATE = utf8mb4_0900_ai_ci ROW_FORMAT = Dynamic;

-- ----------------------------
-- Records of xxl_job_group
-- ----------------------------
INSERT INTO `xxl_job_group` VALUES (1, 'xxl-job-executor-sample', '示例执行器', 0, NULL, '2023-10-17 18:03:12');
INSERT INTO `xxl_job_group` VALUES (3, 'supply-job', '统一调度中心', 0, 'http://172.24.0.9:9999/', '2023-10-17 18:03:12');

-- ----------------------------
-- Table structure for xxl_job_info
-- ----------------------------
DROP TABLE IF EXISTS `xxl_job_info`;
CREATE TABLE `xxl_job_info`  (
  `id` int NOT NULL AUTO_INCREMENT,
  `job_group` int NOT NULL COMMENT '执行器主键ID',
  `job_desc` varchar(255) CHARACTER SET utf8mb4 COLLATE utf8mb4_0900_ai_ci NOT NULL,
  `add_time` datetime NULL DEFAULT NULL,
  `update_time` datetime NULL DEFAULT NULL,
  `author` varchar(64) CHARACTER SET utf8mb4 COLLATE utf8mb4_0900_ai_ci NULL DEFAULT NULL COMMENT '作者',
  `alarm_email` varchar(255) CHARACTER SET utf8mb4 COLLATE utf8mb4_0900_ai_ci NULL DEFAULT NULL COMMENT '报警邮件',
  `schedule_type` varchar(50) CHARACTER SET utf8mb4 COLLATE utf8mb4_0900_ai_ci NOT NULL DEFAULT 'NONE' COMMENT '调度类型',
  `schedule_conf` varchar(128) CHARACTER SET utf8mb4 COLLATE utf8mb4_0900_ai_ci NULL DEFAULT NULL COMMENT '调度配置，值含义取决于调度类型',
  `misfire_strategy` varchar(50) CHARACTER SET utf8mb4 COLLATE utf8mb4_0900_ai_ci NOT NULL DEFAULT 'DO_NOTHING' COMMENT '调度过期策略',
  `executor_route_strategy` varchar(50) CHARACTER SET utf8mb4 COLLATE utf8mb4_0900_ai_ci NULL DEFAULT NULL COMMENT '执行器路由策略',
  `executor_handler` varchar(255) CHARACTER SET utf8mb4 COLLATE utf8mb4_0900_ai_ci NULL DEFAULT NULL COMMENT '执行器任务handler',
  `executor_param` varchar(512) CHARACTER SET utf8mb4 COLLATE utf8mb4_0900_ai_ci NULL DEFAULT NULL COMMENT '执行器任务参数',
  `executor_block_strategy` varchar(50) CHARACTER SET utf8mb4 COLLATE utf8mb4_0900_ai_ci NULL DEFAULT NULL COMMENT '阻塞处理策略',
  `executor_timeout` int NOT NULL DEFAULT 0 COMMENT '任务执行超时时间，单位秒',
  `executor_fail_retry_count` int NOT NULL DEFAULT 0 COMMENT '失败重试次数',
  `glue_type` varchar(50) CHARACTER SET utf8mb4 COLLATE utf8mb4_0900_ai_ci NOT NULL COMMENT 'GLUE类型',
  `glue_source` mediumtext CHARACTER SET utf8mb4 COLLATE utf8mb4_0900_ai_ci NULL COMMENT 'GLUE源代码',
  `glue_remark` varchar(128) CHARACTER SET utf8mb4 COLLATE utf8mb4_0900_ai_ci NULL DEFAULT NULL COMMENT 'GLUE备注',
  `glue_updatetime` datetime NULL DEFAULT NULL COMMENT 'GLUE更新时间',
  `child_jobid` varchar(255) CHARACTER SET utf8mb4 COLLATE utf8mb4_0900_ai_ci NULL DEFAULT NULL COMMENT '子任务ID，多个逗号分隔',
  `trigger_status` tinyint NOT NULL DEFAULT 0 COMMENT '调度状态：0-停止，1-运行',
  `trigger_last_time` bigint NOT NULL DEFAULT 0 COMMENT '上次调度时间',
  `trigger_next_time` bigint NOT NULL DEFAULT 0 COMMENT '下次调度时间',
  PRIMARY KEY (`id`) USING BTREE
) ENGINE = InnoDB AUTO_INCREMENT = 6 CHARACTER SET = utf8mb4 COLLATE = utf8mb4_0900_ai_ci ROW_FORMAT = Dynamic;

-- ----------------------------
-- Records of xxl_job_info
-- ----------------------------
INSERT INTO `xxl_job_info` VALUES (1, 1, '测试任务1', '2018-11-03 22:21:31', '2018-11-03 22:21:31', 'XXL', '', 'CRON', '0 0 0 * * ? *', 'DO_NOTHING', 'FIRST', 'demoJobHandler', '', 'SERIAL_EXECUTION', 0, 0, 'BEAN', '', 'GLUE代码初始化', '2018-11-03 22:21:31', '', 0, 0, 0);
INSERT INTO `xxl_job_info` VALUES (2, 1, '租户过期', '2022-08-31 10:12:29', '2022-08-31 10:12:29', 'SUPPLY', '', 'CRON', '0 0 0 * * ?', 'DO_NOTHING', 'ROUND', 'tenantJobHandler', '', 'SERIAL_EXECUTION', 0, 0, 'BEAN', '', 'GLUE代码初始化', '2022-08-31 10:12:29', '', 0, 0, 0);
INSERT INTO `xxl_job_info` VALUES (4, 3, '租户过期', '2022-08-31 15:37:06', '2023-10-17 14:49:47', 'SUPPLY', '', 'CRON', '0 1 0 * * ?', 'DO_NOTHING', 'ROUND', 'expireTenantJobHandler', '', 'SERIAL_EXECUTION', 0, 0, 'BEAN', '', 'GLUE代码初始化', '2022-08-31 15:37:06', '', 0, 0, 0);
INSERT INTO `xxl_job_info` VALUES (5, 3, '未关联附件删除', '2022-09-23 09:53:07', '2022-09-23 09:53:07', 'SUPPLY', '', 'CRON', '0 2 0 * * ?', 'DO_NOTHING', 'FIRST', 'delUnRelationAttachmentJobHandler', '', 'SERIAL_EXECUTION', 0, 0, 'BEAN', '', 'GLUE代码初始化', '2022-09-23 09:53:07', '', 0, 0, 0);

-- ----------------------------
-- Table structure for xxl_job_lock
-- ----------------------------
DROP TABLE IF EXISTS `xxl_job_lock`;
CREATE TABLE `xxl_job_lock`  (
  `lock_name` varchar(50) CHARACTER SET utf8mb4 COLLATE utf8mb4_0900_ai_ci NOT NULL COMMENT '锁名称',
  PRIMARY KEY (`lock_name`) USING BTREE
) ENGINE = InnoDB CHARACTER SET = utf8mb4 COLLATE = utf8mb4_0900_ai_ci ROW_FORMAT = Dynamic;

-- ----------------------------
-- Records of xxl_job_lock
-- ----------------------------
INSERT INTO `xxl_job_lock` VALUES ('schedule_lock');

-- ----------------------------
-- Table structure for xxl_job_log
-- ----------------------------
DROP TABLE IF EXISTS `xxl_job_log`;
CREATE TABLE `xxl_job_log`  (
  `id` bigint NOT NULL AUTO_INCREMENT,
  `job_group` int NOT NULL COMMENT '执行器主键ID',
  `job_id` int NOT NULL COMMENT '任务，主键ID',
  `executor_address` varchar(255) CHARACTER SET utf8mb4 COLLATE utf8mb4_0900_ai_ci NULL DEFAULT NULL COMMENT '执行器地址，本次执行的地址',
  `executor_handler` varchar(255) CHARACTER SET utf8mb4 COLLATE utf8mb4_0900_ai_ci NULL DEFAULT NULL COMMENT '执行器任务handler',
  `executor_param` varchar(512) CHARACTER SET utf8mb4 COLLATE utf8mb4_0900_ai_ci NULL DEFAULT NULL COMMENT '执行器任务参数',
  `executor_sharding_param` varchar(20) CHARACTER SET utf8mb4 COLLATE utf8mb4_0900_ai_ci NULL DEFAULT NULL COMMENT '执行器任务分片参数，格式如 1/2',
  `executor_fail_retry_count` int NOT NULL DEFAULT 0 COMMENT '失败重试次数',
  `trigger_time` datetime NULL DEFAULT NULL COMMENT '调度-时间',
  `trigger_code` int NOT NULL COMMENT '调度-结果',
  `trigger_msg` text CHARACTER SET utf8mb4 COLLATE utf8mb4_0900_ai_ci NULL COMMENT '调度-日志',
  `handle_time` datetime NULL DEFAULT NULL COMMENT '执行-时间',
  `handle_code` int NOT NULL COMMENT '执行-状态',
  `handle_msg` text CHARACTER SET utf8mb4 COLLATE utf8mb4_0900_ai_ci NULL COMMENT '执行-日志',
  `alarm_status` tinyint NOT NULL DEFAULT 0 COMMENT '告警状态：0-默认、1-无需告警、2-告警成功、3-告警失败',
  PRIMARY KEY (`id`) USING BTREE,
  INDEX `I_trigger_time`(`trigger_time`) USING BTREE,
  INDEX `I_handle_code`(`handle_code`) USING BTREE
) ENGINE = InnoDB AUTO_INCREMENT = 24 CHARACTER SET = utf8mb4 COLLATE = utf8mb4_0900_ai_ci ROW_FORMAT = Dynamic;

-- ----------------------------
-- Records of xxl_job_log
-- ----------------------------

-- ----------------------------
-- Table structure for xxl_job_log_report
-- ----------------------------
DROP TABLE IF EXISTS `xxl_job_log_report`;
CREATE TABLE `xxl_job_log_report`  (
  `id` int NOT NULL AUTO_INCREMENT,
  `trigger_day` datetime NULL DEFAULT NULL COMMENT '调度-时间',
  `running_count` int NOT NULL DEFAULT 0 COMMENT '运行中-日志数量',
  `suc_count` int NOT NULL DEFAULT 0 COMMENT '执行成功-日志数量',
  `fail_count` int NOT NULL DEFAULT 0 COMMENT '执行失败-日志数量',
  `update_time` datetime NULL DEFAULT NULL,
  PRIMARY KEY (`id`) USING BTREE,
  UNIQUE INDEX `i_trigger_day`(`trigger_day`) USING BTREE
) ENGINE = InnoDB AUTO_INCREMENT = 24 CHARACTER SET = utf8mb4 COLLATE = utf8mb4_0900_ai_ci ROW_FORMAT = Dynamic;

-- ----------------------------
-- Records of xxl_job_log_report
-- ----------------------------
INSERT INTO `xxl_job_log_report` VALUES (1, '2022-08-31 00:00:00', 0, 1, 1, NULL);
INSERT INTO `xxl_job_log_report` VALUES (2, '2022-08-30 00:00:00', 0, 0, 0, NULL);
INSERT INTO `xxl_job_log_report` VALUES (3, '2022-08-29 00:00:00', 0, 0, 0, NULL);
INSERT INTO `xxl_job_log_report` VALUES (4, '2022-09-01 00:00:00', 0, 0, 0, NULL);
INSERT INTO `xxl_job_log_report` VALUES (5, '2022-09-20 00:00:00', 0, 0, 0, NULL);
INSERT INTO `xxl_job_log_report` VALUES (6, '2022-09-19 00:00:00', 0, 0, 0, NULL);
INSERT INTO `xxl_job_log_report` VALUES (7, '2022-09-18 00:00:00', 0, 0, 0, NULL);
INSERT INTO `xxl_job_log_report` VALUES (8, '2022-09-23 00:00:00', 0, 0, 0, NULL);
INSERT INTO `xxl_job_log_report` VALUES (9, '2022-09-22 00:00:00', 0, 0, 0, NULL);
INSERT INTO `xxl_job_log_report` VALUES (10, '2022-09-21 00:00:00', 0, 0, 0, NULL);
INSERT INTO `xxl_job_log_report` VALUES (11, '2022-10-09 00:00:00', 0, 0, 0, NULL);
INSERT INTO `xxl_job_log_report` VALUES (12, '2022-10-08 00:00:00', 0, 0, 0, NULL);
INSERT INTO `xxl_job_log_report` VALUES (13, '2022-10-07 00:00:00', 0, 0, 0, NULL);
INSERT INTO `xxl_job_log_report` VALUES (14, '2022-11-17 00:00:00', 0, 0, 0, NULL);
INSERT INTO `xxl_job_log_report` VALUES (15, '2022-11-16 00:00:00', 0, 0, 0, NULL);
INSERT INTO `xxl_job_log_report` VALUES (16, '2022-11-15 00:00:00', 0, 0, 0, NULL);
INSERT INTO `xxl_job_log_report` VALUES (17, '2022-11-18 00:00:00', 0, 2, 3, NULL);
INSERT INTO `xxl_job_log_report` VALUES (18, '2022-11-24 00:00:00', 0, 0, 0, NULL);
INSERT INTO `xxl_job_log_report` VALUES (19, '2022-11-23 00:00:00', 0, 0, 0, NULL);
INSERT INTO `xxl_job_log_report` VALUES (20, '2022-11-22 00:00:00', 0, 0, 0, NULL);
INSERT INTO `xxl_job_log_report` VALUES (21, '2022-12-14 00:00:00', 0, 0, 0, NULL);
INSERT INTO `xxl_job_log_report` VALUES (22, '2022-12-13 00:00:00', 0, 0, 0, NULL);
INSERT INTO `xxl_job_log_report` VALUES (23, '2022-12-12 00:00:00', 0, 0, 0, NULL);
INSERT INTO `xxl_job_log_report` VALUES (24, '2023-10-17 08:00:00', 0, 0, 0, NULL);
INSERT INTO `xxl_job_log_report` VALUES (25, '2023-10-16 08:00:00', 0, 0, 0, NULL);
INSERT INTO `xxl_job_log_report` VALUES (26, '2023-10-15 08:00:00', 0, 0, 0, NULL);

-- ----------------------------
-- Table structure for xxl_job_logglue
-- ----------------------------
DROP TABLE IF EXISTS `xxl_job_logglue`;
CREATE TABLE `xxl_job_logglue`  (
  `id` int NOT NULL AUTO_INCREMENT,
  `job_id` int NOT NULL COMMENT '任务，主键ID',
  `glue_type` varchar(50) CHARACTER SET utf8mb4 COLLATE utf8mb4_0900_ai_ci NULL DEFAULT NULL COMMENT 'GLUE类型',
  `glue_source` mediumtext CHARACTER SET utf8mb4 COLLATE utf8mb4_0900_ai_ci NULL COMMENT 'GLUE源代码',
  `glue_remark` varchar(128) CHARACTER SET utf8mb4 COLLATE utf8mb4_0900_ai_ci NOT NULL COMMENT 'GLUE备注',
  `add_time` datetime NULL DEFAULT NULL,
  `update_time` datetime NULL DEFAULT NULL,
  PRIMARY KEY (`id`) USING BTREE
) ENGINE = InnoDB CHARACTER SET = utf8mb4 COLLATE = utf8mb4_0900_ai_ci ROW_FORMAT = Dynamic;

-- ----------------------------
-- Records of xxl_job_logglue
-- ----------------------------

-- ----------------------------
-- Table structure for xxl_job_registry
-- ----------------------------
DROP TABLE IF EXISTS `xxl_job_registry`;
CREATE TABLE `xxl_job_registry`  (
  `id` int NOT NULL AUTO_INCREMENT,
  `registry_group` varchar(50) CHARACTER SET utf8mb4 COLLATE utf8mb4_0900_ai_ci NOT NULL,
  `registry_key` varchar(255) CHARACTER SET utf8mb4 COLLATE utf8mb4_0900_ai_ci NOT NULL,
  `registry_value` varchar(255) CHARACTER SET utf8mb4 COLLATE utf8mb4_0900_ai_ci NOT NULL,
  `update_time` datetime NULL DEFAULT NULL,
  PRIMARY KEY (`id`) USING BTREE,
  INDEX `i_g_k_v`(`registry_group`, `registry_key`, `registry_value`) USING BTREE
) ENGINE = InnoDB AUTO_INCREMENT = 14 CHARACTER SET = utf8mb4 COLLATE = utf8mb4_0900_ai_ci ROW_FORMAT = Dynamic;

-- ----------------------------
-- Records of xxl_job_registry
-- ----------------------------
INSERT INTO `xxl_job_registry` VALUES (23, 'EXECUTOR', 'supply-job', 'http://172.24.0.9:9999/', '2023-10-17 18:03:06');

-- ----------------------------
-- Table structure for xxl_job_user
-- ----------------------------
DROP TABLE IF EXISTS `xxl_job_user`;
CREATE TABLE `xxl_job_user`  (
  `id` int NOT NULL AUTO_INCREMENT,
  `username` varchar(50) CHARACTER SET utf8mb4 COLLATE utf8mb4_0900_ai_ci NOT NULL COMMENT '账号',
  `password` varchar(50) CHARACTER SET utf8mb4 COLLATE utf8mb4_0900_ai_ci NOT NULL COMMENT '密码',
  `role` tinyint NOT NULL COMMENT '角色：0-普通用户、1-管理员',
  `permission` varchar(255) CHARACTER SET utf8mb4 COLLATE utf8mb4_0900_ai_ci NULL DEFAULT NULL COMMENT '权限：执行器ID列表，多个逗号分割',
  PRIMARY KEY (`id`) USING BTREE,
  UNIQUE INDEX `i_username`(`username`) USING BTREE
) ENGINE = InnoDB AUTO_INCREMENT = 2 CHARACTER SET = utf8mb4 COLLATE = utf8mb4_0900_ai_ci ROW_FORMAT = Dynamic;

-- ----------------------------
-- Records of xxl_job_user
-- ----------------------------
INSERT INTO `xxl_job_user` VALUES (1, 'admin', 'e10adc3949ba59abbe56e057f20f883e', 1, NULL);

SET FOREIGN_KEY_CHECKS = 1;
